code,category,repeat,date,shape_name,shape_enc,a_mm,b_mm,c_mm,density_kg_m3,d_eq_cm,n_points,duration_s,z_travel_cm,settling_velocity_cm_s,horizontal_drift_velocity_cm_s,reynolds_number,drift_cm,drift_normalized,amplitude_cm,amplitude_normalized,drift_gradient,path_length_cm,straight_distance_cm,tortuosity_pct
BSP-1,PA 6,SECOND,25.01.2025,Box Shape Prism,4,3.0,3.0,3.033333333333333,1146.52,0.30110702110075777,158,3.13,28.41245227351614,9.63638302892603,2.52751122909315,289.00224980336793,0.4474636857902565,1.4860619461959481,0.2585706584886657,0.8587334082858918,0.015748858334461577,29.714313567221645,28.422760227844112,4.544081324347498
BSP-1,PA 6,THIRD,25.01.2025,Box Shape Prism,4,3.0,3.0,3.033333333333333,1146.52,0.30110702110075777,168,3.33,28.368865030674847,8.936970844062525,2.5182211073483463,268.02636140637367,0.8679040056481958,2.882377177640683,0.2934577500174268,0.9745961716356945,0.030593539949862063,29.870832119432492,28.393704268955343,5.202307654137921
BSP-11,BSP,SECOND,2.12.23,Box Shape Prism,4,4.83,3.856666666666667,2.8800000000000003,1118.4061013079086,0.37715271717629784,154,3.06,28.5,9.529812031050641,3.9862235688587098,357.9875001683389,0.43349940490112904,1.1494001903173146,0.13583117238911838,0.3601489958923586,0.015210505435127334,32.30455159345183,28.518145664064924,13.27718139176936
BSP-11,BSP,THIRD,2.12.23,Box Shape Prism,4,4.83,3.856666666666667,2.8800000000000003,1118.4061013079086,0.37715271717629784,130,2.59,28.5,11.192299075138113,3.8581106222861847,420.43884538228133,5.152496074493999,13.661564241324276,0.33806098875470986,0.8963503996093053,0.18078933594715785,31.805223891611725,29.031386975869683,9.554613832427641
BSP-16,BSP,FIRST,10.11.23,Box Shape Prism,4,3.84,2.856666666666667,2.7566666666666664,1124.356074662182,0.3115480343232534,124,2.47,28.5,11.808898703767628,4.322748383953723,366.4381652072928,1.0284453961036162,3.301081319089725,0.16558989715647426,0.5315067948227299,0.03608580337205671,31.527080334577757,28.52448515096026,10.52637818956889
BSP-16,BSP,THIRD,10.11.23,Box Shape Prism,4,3.84,2.856666666666667,2.7566666666666664,1124.356074662182,0.3115480343232534,159,3.16,28.5,9.27775220224439,3.723318247863568,287.8949662895891,1.2640420870485638,4.057294374507366,0.5386814877326298,1.729047942487447,0.04435235393152855,32.44125151966335,28.525268069347025,13.728121470397001
BSP-17,BSP,THIRD,9.12.23,Box Shape Prism,4,4.833333333333333,4.816666666666666,2.8666666666666667,1123.8043969887592,0.40562387734368366,150,2.99,28.5,9.84514278195358,3.4095032368344262,397.75149285041743,1.0209403811643087,2.516963221815637,0.17516520860011892,0.43184146295140824,0.03582246951453715,32.075153173156224,28.518142167390085,12.472800594400251
BSP-21,BSP,FIRST,2.12.23,Box Shape Prism,4,3.83,3.79,2.853333333333333,1134.7687412127857,0.3459899611359642,136,2.69,28.5,10.71664663832109,3.116045018573406,369.30798345623253,0.3331028102217349,0.962752818399939,0.15818259330014442,0.45718839003534895,0.011687817902517014,30.550331922008162,28.513226995361897,7.144420822580448
BSP-21,BSP,SECOND,2.12.23,Box Shape Prism,4,3.83,3.79,2.853333333333333,1134.7687412127857,0.3459899611359642,138,2.73,28.5,10.766107621296385,2.9433540605176054,371.0124658842574,0.29048975740210875,0.8395901327551945,0.1956069228101013,0.5653543304201053,0.010192623066740658,30.566205085530896,28.507480515435354,7.221699472813276
BSP-21,BSP,THIRD,2.12.23,Box Shape Prism,4,3.83,3.79,2.853333333333333,1134.7687412127857,0.3459899611359642,134,2.67,28.5,10.806483156038421,2.9115597200006884,372.4038533042017,0.4445657389394923,1.2849093582943312,0.12822633506895317,0.370607096945694,0.015598797857526046,30.402296032305525,28.50302684775382,6.663394714871757
BSP-25,BSP,FIRST,2.12.23,Box Shape Prism,4,3.85,2.813333333333333,2.3266666666666667,1150.7524510145404,0.2931829405831977,160,3.18,28.5,9.267799426377817,3.0806247643104836,270.6335347172033,0.047483125590472575,0.16195732772179525,0.1764562732102641,0.6018640540928417,0.0016660745821218447,31.319645970130093,28.500403986796446,9.891936916542427
BSP-25,BSP,SECOND,2.12.23,Box Shape Prism,4,3.85,2.813333333333333,2.3266666666666667,1150.7524510145404,0.2931829405831977,162,3.21,28.5,9.074504415751298,3.12253332554401,264.9890327634639,0.2537396302451406,0.8654651929624667,0.1212734093620841,0.41364415378619157,0.008903144920882127,31.35250447336101,28.5,10.008787625828102
BSP-25,BSP,THIRD,2.12.23,Box Shape Prism,4,3.85,2.813333333333333,2.3266666666666667,1150.7524510145404,0.2931829405831977,159,3.16,28.5,9.21398925406772,2.899187841122343,269.06219761051375,0.5815183469518774,1.9834658380706758,0.19894153268322987,0.678557668763048,0.020404152524627277,31.026594664484143,28.510321017665763,8.825834143569374
BSP-27,BSP,THIRD,2.12.23,Box Shape Prism,4,2.8800000000000003,2.78,1.7966666666666669,1112.2827155715129,0.24320262866503167,183,3.64,28.5,7.9583008206157535,1.6871784640057463,192.77686048613845,0.9964598216045059,4.097241165007932,0.07494432323626207,0.308155893082408,0.0349635025124388,30.014627587539565,28.524675346893872,5.2233801875958505
BSP-28,BSP,THIRD,9.12.23,Box Shape Prism,4,3.84,2.8666666666666667,2.7833333333333337,1142.337418186882,0.31291367792198543,166,3.29,28.5,9.06084861073062,4.220983227449413,282.39675935040145,1.0467887932914186,3.3452957385659583,0.2717983517106832,0.8686048929393461,0.03672943134355855,32.915617324775226,28.526624926600366,15.385599977101514
BSP-3,PA 6,SECOND,25.01.2025,Box Shape Prism,4,7.900000000000001,7.966666666666666,4.133333333333334,1196.6715130930395,0.6383635129167746,140,2.79,28.5,10.852469553501203,5.347164841629544,690.0219709158733,0.3570396895941806,0.5593046632048485,0.33880646158265004,0.5307422099276863,0.012527708406813354,35.51381354376264,28.500851020119498,24.606151299455952
BSP-3,PA 6,THIRD,25.01.2025,Box Shape Prism,4,7.900000000000001,7.966666666666666,4.133333333333334,1196.6715130930395,0.6383635129167746,129,2.547142857142857,28.457652303120355,11.792174817817147,6.186224821570769,749.7703328317211,0.3578677930101979,0.5606018918203024,0.3157232711878911,0.49458226355279317,0.01257545032873137,36.436867325189915,28.4709002492779,27.979329793458334
BSP-4,PA 6,FIRST,25.01.2025,Box Shape Prism,4,7.883333333333333,7.966666666666666,8.066666666666668,1190.640592916557,0.7971870147759259,106,2.11,28.476050420168068,14.487161089460725,7.941488641050043,1150.296484211668,7.204450323777484,9.037340285582196,1.2291979276976495,1.5419191543695097,0.25300033598321475,34.270441968099426,28.924717736396612,18.481508723510103
BSP-46,BSP,SECOND,10.02.2024,Box Shape Prism,4,4.78,3.8166666666666655,1.0266666666666666,1217.2877642172923,0.26557092736060495,194,3.86,28.5,7.545690074379815,2.5720745748575764,199.5932181901155,1.2391144373031937,4.665851227083546,0.12182247655357915,0.4587191744379563,0.043477699554498025,32.87308084848725,28.52448960457692,15.245115001856407
BSP-46,BSP,THIRD,10.02.2024,Box Shape Prism,4,4.78,3.8166666666666655,1.0266666666666666,1217.2877642172923,0.26557092736060495,216,4.31,28.5,6.910387421468209,3.0105486544195736,182.78864501398127,1.0517143522111734,3.960201376949312,0.10342686877269294,0.3894510208651528,0.03690225797232187,34.29384530799703,28.513082396833127,20.274072198542655
BSP-47,BSP,FIRST,10.02.2024,Box Shape Prism,4,4.76,4.7,2.353333333333333,1179.5146604238705,0.3747969824558513,166,3.31,28.5,8.758034751357528,2.4363360426655616,326.9407367581955,0.6198654064966256,1.653869789545709,0.07306252747301392,0.1949389426624325,0.02174966338584651,31.107603139880446,28.50297014549362,9.138110804212534
BSP-47,BSP,SECOND,10.02.2024,Box Shape Prism,4,4.76,4.7,2.353333333333333,1179.5146604238705,0.3747969824558513,160,3.18,28.5,9.03853688903223,2.1216807392802384,337.4119872335834,0.8798201916946675,2.347458044965196,0.11157034704822612,0.2976820846239561,0.03087088391911114,29.832508241021237,28.51714139823136,4.612548026540477
BSP-47,BSP,THIRD,10.02.2024,Box Shape Prism,4,4.76,4.7,2.353333333333333,1179.5146604238705,0.3747969824558513,164,3.26,28.5,8.873358079549595,1.9376890579116735,331.24580004635817,0.8821071615756678,2.3535599347563436,0.08063851616669215,0.21515252240909077,0.030951128476339223,29.619248726494902,28.514154406382183,3.875599130042488
BSP-49,BSP,FIRST,10.02.2024,Box Shape Prism,4,2.853333333333333,2.303333333333333,1.78,1094.159573751902,0.2270090136241442,174,3.45,28.5,8.40094724248922,2.8654507448221027,189.94927759222628,1.2994966484428183,5.724427535702955,0.16700613942579623,0.7356806532021943,0.04559637362957257,31.111649353373046,28.53621380798545,9.025148054739121
BSP-49,BSP,SECOND,10.02.2024,Box Shape Prism,4,2.853333333333333,2.303333333333333,1.78,1094.159573751902,0.2270090136241442,191,3.8,28.5,7.581396352275615,1.5760393365419139,171.4188553609335,1.6235474084457664,7.1519072415946106,0.08191601963404248,0.3608491941631434,0.05696657573493917,29.542553017816832,28.55078056920781,3.4737139540018585
BSP-5,BSP,FIRST,01.11.23,Box Shape Prism,4,3.843333333333333,2.7999999999999994,2.32,1081.4580938994018,0.2922703028626287,202,4.03,28.5,7.308506599577153,1.7475579545609434,212.75492403704533,0.8972835733272934,3.0700470233851633,0.15935124232952322,0.5452187265307643,0.031483634151834854,29.71834343122437,28.520622931354808,4.199489270456359
BSP-5,BSP,SECOND,01.11.23,Box Shape Prism,4,3.843333333333333,2.7999999999999994,2.32,1081.4580938994018,0.2922703028626287,180,3.57,28.5,8.279802505474633,2.0081428503675602,241.02991891611777,1.0989794449448897,3.7601474873806326,0.1365523122211522,0.4672124087999929,0.03856068227876806,29.69072582218913,28.53041868491461,4.066912407030423
BSP-5,BSP,THIRD,01.11.23,Box Shape Prism,4,3.843333333333333,2.7999999999999994,2.32,1081.4580938994018,0.2922703028626287,184,3.67,28.5,8.017868670136838,1.9961949011506959,233.40487096948956,1.5959639213192978,5.46057504196526,0.16722777111552983,0.5721681932020625,0.05599873408137887,29.82647478959026,28.551284767973304,4.466313974940176
BSP-50,BSP,FIRST,10.02.2024,Box Shape Prism,4,2.833333333333333,2.856666666666667,2.78,1115.505426669715,0.2823150374542299,160,3.17,28.5,9.363175570880673,2.9879792889378582,263.2833926278593,3.1444431452275676,11.138064672652648,0.411610030067523,1.4579812459839476,0.11033133842903746,30.55614234298587,28.70342935569098,6.45467468132882
BSP-50,BSP,SECOND,10.02.2024,Box Shape Prism,4,2.833333333333333,2.856666666666667,2.78,1115.505426669715,0.2823150374542299,161,3.2,28.5,9.146493105992958,2.9402068315574668,257.190492409687,0.8201045177493721,2.904926797894465,0.25016873992736177,0.886133243851455,0.028775597114013056,30.99572065784173,28.501758924865324,8.750202889410588
BSP-50,BSP,THIRD,10.02.2024,Box Shape Prism,4,2.833333333333333,2.856666666666667,2.78,1115.505426669715,0.2823150374542299,162,3.23,28.5,9.084277339332383,3.097718766757211,255.44104554763285,1.2020303871733309,4.257762526617835,0.32697362337381036,1.1581870605345301,0.04217650481309933,30.926349105786045,28.551382532837135,8.31821916230307
BSP-6,BSP,FIRST,10.11.23,Box Shape Prism,4,4.8566666666666665,3.8333333333333335,2.31,1116.1289547491092,0.3503555117832415,148,2.95,28.5,10.158643323169189,2.650518358639404,354.495685309995,0.5134964405602948,1.4656439624617226,0.106880741173377,0.30506367840304494,0.018017418967027885,30.08652729192306,28.508522733635406,5.5352028340137895
BSP-6,BSP,SECOND,10.11.23,Box Shape Prism,4,4.8566666666666665,3.8333333333333335,2.31,1116.1289547491092,0.3503555117832415,185,3.68,28.5,7.810223918073352,1.9434088837072891,272.5453185217433,0.7133787016281651,2.0361566398576296,0.14316220134100344,0.4086198062429092,0.025030831636075966,29.880762665810742,28.50257687202107,4.835302435909009
BSP-6,BSP,THIRD,10.11.23,Box Shape Prism,4,4.8566666666666665,3.8333333333333335,2.31,1116.1289547491092,0.3503555117832415,155,3.08,28.5,9.333778294261409,1.9430085019319867,325.71122222681936,0.6820087923997599,1.9466192751712899,0.08200258771610966,0.23405536650110748,0.02393013306665824,29.58140512224751,28.50504203870891,3.776044540039384
BSP-9,BSP,FIRST,2.12.23,Box Shape Prism,4,4.87,4.846666666666667,2.333333333333333,1125.752165862433,0.38046639153606854,190,3.77,28.5,7.646353620911137,1.6789876670312394,289.75902097179403,0.33690204314270444,0.885497512099609,0.12059084043152364,0.3169553030549126,0.011821124320796647,29.83565626469261,28.502946411964107,4.675691535416485
BSP-9,BSP,SECOND,2.12.23,Box Shape Prism,4,4.87,4.846666666666667,2.333333333333333,1125.752165862433,0.38046639153606854,152,3.01,28.5,9.67320128634413,2.589693936554624,366.5665326710565,0.8415291479522786,2.2118357013210743,0.14973191656108972,0.393548339333134,0.029527338524641355,30.85781431029553,28.513810717435774,8.220590422263108
C-1,RESIN (a=6 r=3),FIRST,18.12.2024,Cylinder,0,6.1,6.3,0.0,1210.1106570899371,0.6165951057290009,102,2.01,28.5,14.40266203635843,6.435189160762092,884.5230001083161,1.026756125428509,1.6652031712359674,0.6087802766269017,0.9873258333880874,0.03602653071678979,31.84646356094877,28.50629614191471,11.717297127643283
C-1,PA 6,FIRST,25.01.2025,Cylinder,0,2.9333333333333336,3.0,0.0,1457.2375479737134,0.2955389299341536,158,3.15,28.5,9.295178440973583,2.563739659319373,273.6142519912696,0.7010985747836815,2.3722714802408165,0.22024285069482044,0.7452244979837032,0.02459994999240988,29.883942626897053,28.505406626907323,4.836050992124693
C-1,RESIN (a=6 r=3),SECOND,18.12.2024,Cylinder,0,6.1,6.3,0.0,1210.1106570899371,0.6165951057290009,106,2.1,28.5,13.900460002859601,5.864315521743672,853.6808371658329,2.1419287598175156,3.4738011053219626,1.1376539326266024,1.8450583244275889,0.07515539508131634,31.819101050374794,28.79336920803207,10.508432759229445
C-1,RESIN (a=9 r=4.5),THIRD,14.12.2024,Cylinder,0,9.15,9.4,0.0,1156.767607382851,0.9232585692206723,84,1.66,28.433925811437405,17.81655639567963,7.479215323361584,1638.3753352902982,9.375687988788146,10.154996987141118,0.23882924533754762,0.2586807783859994,0.3297359657953677,32.40829923650061,29.473338707763475,9.958018525956978
C-1,PLA C,THIRD,16.11.2024,Cylinder,0,4.96,3.053333333333333,0.0,1375.9288609415146,0.4219352965144599,128,2.54,28.479287790697676,11.582307527648815,2.473518321217272,486.7514303785024,0.54622868182397,1.2945792550096613,0.11774297317818931,0.27905457104642634,0.019179857510425075,29.316752468368446,28.48655308906159,2.9143553335894428
C-1,RESIN (a=6 r=3),THIRD,18.12.2024,Cylinder,0,6.1,6.3,0.0,1210.1106570899371,0.6165951057290009,94,1.86,28.5,15.58313627914288,5.462309867073491,957.0204742656906,2.806603267555126,4.551776751839243,0.33393958876968965,0.5415865057424882,0.0984773076335132,30.644944815997807,28.75469467129354,6.57370967180308
C-1,PA 6,THIRD,25.01.2025,Cylinder,0,2.9333333333333336,3.0,0.0,1457.2375479737134,0.2955389299341536,157,3.12,28.36926605504587,9.47205829567566,2.4486698219926497,278.82091364321786,1.302564130321015,4.4074197961372725,0.26313273391584846,0.8903488077678116,0.04591462210526013,29.767412070343944,28.392360975879694,4.843031883232271
C-10,PLA C,FIRST,30.11.2024,Cylinder,0,3.01,3.1633333333333336,0.0,1376.7922808301637,0.30602669799001736,148,2.95,28.5,9.842190389246111,3.0809192677299757,299.9973133276963,1.6785949981573494,5.48512600103964,0.3452223758196889,1.1280792757204148,0.05889807011078419,30.418549922975714,28.580551165361832,6.43094231101268
C-10,PLA C,SECOND,30.11.2024,Cylinder,0,3.01,3.1633333333333336,0.0,1376.7922808301637,0.30602669799001736,159,3.16,28.5,9.134906602655837,3.075396680030726,278.43877530457905,2.7672821230995455,9.042616677809642,0.281730802143656,0.9206085743304856,0.09709761835437002,30.64822244348749,28.516865917331103,7.474020926195321
C-10,ABS C,THIRD,23.10.2024,Cylinder,0,3.3433333333333333,3.16,0.0,1193.9853891589855,0.3281069877593774,262,5.21,28.5,5.621811177408205,1.0141372192632765,183.72067043539892,1.720168700864588,5.242706693360953,0.1637612204748656,0.4991092131050941,0.06035679652156449,29.901618141886185,28.532124116129978,4.799832007537061
C-10,PLA C,THIRD,30.11.2024,Cylinder,0,3.01,3.1633333333333336,0.0,1376.7922808301637,0.30602669799001736,146,2.91,28.5,9.95543460799689,3.1674320163849408,303.4490816873338,0.5597800354246741,1.8291869274847852,0.39409522816404474,1.2877805457904858,0.019641404751742954,30.420381228902045,28.505180009622386,6.718783107607641
C-11,PLA C,THIRD,23.11.2024,Cylinder,0,4.949999999999999,3.063333333333333,0.0,1327.1197019583308,0.4218274958856939,132,2.62,28.39135342700599,11.309258097940797,2.4064902367841103,475.1549824481446,2.380355392550185,5.642959303902773,0.1283035645170099,0.3041612170103235,0.08384085664214866,29.359838210862204,28.492233771979514,3.0450558767207982
C-12,PLA C,FIRST,20.11.2024,Cylinder,0,2.966666666666667,3.16,0.0,1343.5231573638075,0.3029759776149899,148,2.95,28.5,9.83253178828433,2.521836468016289,296.7152321699113,1.1648373678016217,3.8446525594905476,0.12723808360840083,0.4199609639352003,0.04087148658953059,29.819284869131586,28.527894870144866,4.526762331622971
C-12,PLA C,SECOND,20.11.2024,Cylinder,0,2.966666666666667,3.16,0.0,1343.5231573638075,0.3029759776149899,156,3.1,28.5,9.33154448889767,2.706250775938988,281.5969934443768,1.486381608538481,4.905938814816919,0.2917522313962929,0.9629549962770986,0.05215374065047301,30.068994393746486,28.552881108670295,5.309843442088973
C-12,ABS C,SECOND,30.10.2024,Cylinder,0,3.3866666666666667,3.293333333333333,0.0,1093.4213870778954,0.33552653001636557,266,5.29,28.5,5.8873800588656,1.2194635874771609,196.7502193265658,1.0186407060513603,3.035946832584819,0.10818118130977433,0.32242213843566325,0.035741779159696854,29.80599083616624,28.52106552494208,4.5051798997498
C-12,PLA C,THIRD,20.11.2024,Cylinder,0,2.966666666666667,3.16,0.0,1343.5231573638075,0.3029759776149899,134,2.67,28.5,11.178972039840298,2.650317914090308,337.3466118029135,0.19903515633086186,0.6569337869545155,0.07597549469409079,0.25076408793913524,0.006983689695819714,29.863857883776596,28.50913448490847,4.751892413939332
C-13,PLA C,FIRST,20.11.2024,Cylinder,0,5.01,5.166666666666667,0.0,1322.6323882222914,0.5061687142772572,124,2.46,28.477941176470587,12.00523528027011,3.7708013936088967,605.2464647819012,1.2770708100068724,2.523014113644623,0.6932796323275606,1.369661167852844,0.0448442112473366,30.335327970007835,28.553597784369995,6.239949862336245
C-13,PLA C,SECOND,20.11.2024,Cylinder,0,5.01,5.166666666666667,0.0,1322.6323882222914,0.5061687142772572,101,2.0,28.41135303265941,14.830872255417145,4.565454720648839,747.701547921787,1.4529713810373737,2.8705278300576658,0.5166280950434774,1.0206638230913874,0.05114052045909797,30.103184183210924,28.456297748600328,5.78742339976957
C-14,PLA C,FIRST,30.11.2024,Cylinder,0,5.046666666666667,5.163333333333333,0.0,1304.8460557374003,0.5085259673750919,124,2.46,28.39164396694891,12.052360114678319,4.425390047238805,610.452000644399,0.9188732399136611,1.8069347464333014,1.1574730680047007,2.2761336534677716,0.0323642139561673,30.84053605246604,28.438652924959893,8.445840011634564
C-14,C,THIRD,2.12.23,Cylinder,0,2.8266666666666667,2.9166666666666665,0.0,1389.9875477865692,0.2856353785625547,84,1.67,28.5,17.359003826795472,3.5691884494981823,493.85912644776505,5.0856581926919855,17.804720893767772,0.07793223235799292,0.27283816434148617,0.1784441471119995,29.38759160597903,28.970902434822424,1.438302352141276
C-15,ABS C,SECOND,30.10.2024,Cylinder,0,5.426666666666667,3.313333333333334,0.0,1123.476821663564,0.46037366636945115,282,5.61,28.39105504587156,5.23933697136945,1.1283499601290863,240.24429988589344,1.0931221717944886,2.374423759757916,0.07647020643812276,0.16610464938443115,0.038502344137205394,30.663165061015476,28.41824212145035,7.899584112103248
C-16,PLA C,FIRST,16.11.2024,Cylinder,0,3.146666666666667,3.116666666666667,0.0,1283.3602098052745,0.31366347176037795,144,2.87,28.5,10.063922895629076,2.9151213174081505,314.4108560728856,0.9040335812206453,2.8821767996984944,0.31996313096940787,1.0200841340359916,0.031720476534057726,30.177114663782994,28.52215760641254,5.80235576918057
C-16,ABS C,FIRST,23.10.2024,Cylinder,0,5.460000000000001,3.266666666666666,0.0,1119.9705245307755,0.4600764838167362,276,5.5,28.5,5.355764142047373,1.4953611946817604,245.42441579929425,0.949271257800449,2.063290107604316,0.056225058644559164,0.12220806892393891,0.0333077634315947,31.819093925953602,28.51424634946768,11.590162811887257
C-16,C,FIRST,9.12.23,Cylinder,0,2.806666666666666,2.89,0.0,1399.6415848421786,0.28341739727829607,143,2.84,28.5,10.766143871344667,4.750691330921254,303.91558513348446,1.5339683295313495,5.412400029999216,0.5346768304481312,1.8865349677991572,0.05382345015899472,32.40194229303629,28.53783897407131,13.54028005580871
C-16,PLA C,SECOND,16.11.2024,Cylinder,0,3.146666666666667,3.116666666666667,0.0,1283.3602098052745,0.31366347176037795,143,2.84,28.5,10.229282055702368,2.540416515614514,319.5769047019662,0.5472463527822612,1.7446926469025632,0.4172476022314532,1.3302396989031862,0.019201626413412675,29.89065868095931,28.504582739845596,4.86264245214214
C-16,ABS C,SECOND,23.10.2024,Cylinder,0,5.460000000000001,3.266666666666666,0.0,1119.9705245307755,0.4600764838167362,189,3.75,28.5,8.274793600787069,2.9205969138902663,379.18704623101036,0.4649460297485336,1.010584209589241,0.12474115611974722,0.27113134556435137,0.016313895780650303,33.91441694656713,28.50647029995952,18.97094445472363
C-16,PLA C,THIRD,16.11.2024,Cylinder,0,3.146666666666667,3.116666666666667,0.0,1283.3602098052745,0.31366347176037795,140,2.78,28.5,10.460999097934778,2.7506520222905024,326.81606525302834,2.2642637997525754,7.218767894918766,0.19677671812049172,0.62734980587991,0.07944785262289739,30.10490957940064,28.572893770156064,5.361780369773897
C-16,ABS C,THIRD,23.10.2024,Cylinder,0,5.460000000000001,3.266666666666666,0.0,1119.9705245307755,0.4600764838167362,250,4.97,28.5,5.946899595915711,1.5931233105721108,272.5128143127559,1.3145383198685934,2.8572169326355263,0.08843231614333262,0.19221220656554608,0.04612415157433661,31.556242072823757,28.527716764031553,10.616080262724157
C-17,ABS C,FIRST,06.11.2024,Cylinder,0,5.433333333333334,5.316666666666667,0.0,1131.5340601175835,0.5394162729904044,246,4.89,28.5,6.119925059859806,2.1685701213425483,328.80350266635,2.1809435295494914,4.043154867128541,0.6460694759049799,1.1977196615209877,0.0765243343701576,31.27610111681147,28.531602321319074,9.619154103524298
C-17,PLA C,THIRD,30.11.2024,Cylinder,0,5.003333333333333,5.223333333333334,0.0,1327.7343009704643,0.5075617338334155,118,2.33,28.5,12.79965643921183,4.404133535133383,647.0732883225496,2.4886607213346625,4.903168531911931,0.49678826413398786,0.9787740702632174,0.0873214288187601,30.602274869381386,28.623069779879504,6.914719856125137
C-18,PLA C,FIRST,30.11.2024,Cylinder,0,5.053333333333334,5.1866666666666665,0.0,1341.8417370160662,0.5097392516564954,116,2.31,28.5,12.635070476345573,5.143491130710983,641.4931642668796,3.0725302055619785,6.0276507951412475,0.9692630403406288,1.901487941512887,0.10780807738813959,31.25800863971611,28.703305308247607,8.900380301269465
C-18,PLA C,SECOND,30.11.2024,Cylinder,0,5.053333333333334,5.1866666666666665,0.0,1341.8417370160662,0.5097392516564954,140,2.78,28.5,10.640379253441461,3.4699515735018247,540.2210117520467,3.9642130768862547,7.776942944856188,0.4587187612239809,0.8999086488499491,0.13909519568021947,30.261603135527622,28.961132497141143,4.490399809174772
C-18,PLA C,THIRD,30.11.2024,Cylinder,0,5.053333333333334,5.1866666666666665,0.0,1341.8417370160662,0.5097392516564954,124,2.45,28.5,12.227698362396781,4.259048847567617,620.8105391164829,2.9231539041214583,5.734606261185713,0.6357454246026523,1.2471973122271351,0.1025668036533845,30.934777503346194,28.5702106063912,8.276336949458948
C-19,PLA C,FIRST,16.11.2024,Cylinder,0,3.063333333333333,1.09,0.0,1305.502394114361,0.21707259784427707,184,3.66,28.5,8.099820886574822,2.720767402350042,175.12441851814063,1.8413900224353807,8.482830355936276,0.10384213748785573,0.4783751542990687,0.06461017622580284,31.29889493160146,28.68985698607577,9.093938484224404
C-19,C,FIRST,2.12.23,Cylinder,0,4.79,2.853333333333333,0.0,1404.1639357964625,0.40303353051867435,132,2.61,28.5,11.232677509313996,3.5571430088722034,450.9109236809292,0.24022346123230556,0.5960384013785546,0.14117483050838464,0.3502806089773798,0.008428893376572126,31.313713570019708,28.500851188090554,9.869397806282167
C-19,PLA C,SECOND,16.11.2024,Cylinder,0,3.063333333333333,1.09,0.0,1305.502394114361,0.21707259784427707,180,3.57,28.5,8.583497033817718,2.1222458459968854,185.58187248201776,1.0109575209030779,4.657232331223657,0.12856766147820003,0.5922795541905825,0.03547219371589747,30.481344772453113,28.519430984879076,6.879217851906787
C-19,C,SECOND,2.12.23,Cylinder,0,4.79,2.853333333333333,0.0,1404.1639357964625,0.40303353051867435,125,2.48,28.5,14.96527434765931,6.877506086282165,600.7477445734744,0.68752438481335,1.705873910611251,0.14257297120779983,0.353749652105419,0.024123662625029824,33.496170878154835,28.508718851837088,17.494479679139836
C-19,C,THIRD,2.12.23,Cylinder,0,4.79,2.853333333333333,0.0,1404.1639357964625,0.40303353051867435,138,2.73,28.5,10.801235972364662,3.847650095963201,433.59166015014307,0.9205430608840738,2.2840359205334675,0.16891696018077454,0.41911391333468184,0.0322997565222482,32.04100881808117,28.5392097449477,12.27013328129518
C-2,RESIN (a=6 r=3),FIRST,09.01.2025,Cylinder,0,6.1,6.3,0.0,1172.0910224416891,0.6165951057290009,92,1.83,28.5,15.903402484213563,4.738544713933623,976.6892565940753,0.8558649915206533,1.3880502514024393,0.4802344816524055,0.7788490002440481,0.030030350579672047,30.068547105470458,28.504162000074327,5.488269065380877
C-2,ABS C,FIRST,30.10.2024,Cylinder,0,5.489999999999999,5.286666666666666,0.0,1118.5102892141804,0.5421367805185487,192,3.82,28.5,7.606642618014681,1.4316054979991135,410.7411095105243,1.352708010212277,2.4951415561925616,0.147977246948185,0.27295186798919296,0.047463438954816736,29.618894811098354,28.529511530145943,3.818443508229384
C-2,RESIN (a=6 r=3),SECOND,09.01.2025,Cylinder,0,6.1,6.3,0.0,1172.0910224416891,0.6165951057290009,94,1.85,28.5,15.957980435833484,5.222291426478592,980.0410990093699,2.8466037827629993,4.616649980374816,0.35979914217219644,0.5835257834990526,0.09988083448291225,30.938452253295935,28.500135477629065,8.555456789252126
C-2,RESIN (a=9 r=4.5),SECOND,18.12.2024,Cylinder,0,9.15,9.4,0.0,1158.7090355351022,0.9232585692206723,74,1.45,28.5,20.174553561352667,5.205306143128318,1855.2120971832949,3.7848114036038756,4.0994056592387285,0.7917985095939477,0.8576129548002022,0.13280040012645178,29.769115422789085,28.759667811676373,3.509941831466072
C-2,PLA C,SECOND,20.11.2024,Cylinder,0,4.8933333333333335,3.81,0.0,1330.2245463661332,0.4501717029262767,134,2.67,28.411076443057723,11.012341942803763,2.9043542835101355,493.76939497992356,0.4956662173340843,1.1010603601072146,0.18384369640961976,0.4083857230798163,0.017446231519158115,29.65956207191766,28.41323504982639,4.3864312525682765
C-2,RESIN (a=6 r=3),THIRD,09.01.2025,Cylinder,0,6.1,6.3,0.0,1172.0910224416891,0.6165951057290009,91,1.8,28.48097463284379,16.203586548701907,5.583327532172467,995.1247172495885,0.8175223625035173,1.3258657989783424,1.0435593760381214,1.6924548481524522,0.028704156828985902,30.730878905859544,28.503476095019874,7.814495338794282
C-2,RESIN (a=9 r=4.5),THIRD,18.12.2024,Cylinder,0,9.15,9.4,0.0,1158.7090355351022,0.9232585692206723,88,1.74,28.5,17.073577071561683,6.990533815584393,1570.0524241602507,9.638613481483684,10.439776897624348,0.7829706275065293,0.8480512974468671,0.33819696426258544,32.53859126820351,29.452208417034715,10.479291764700669
C-22,C,FIRST,2.12.23,Cylinder,0,4.833333333333333,2.303333333333333,0.0,1408.665925060924,0.3775288071835271,179,3.56,28.5,8.149705063620619,1.9917598899333375,306.4490469687493,0.6361253249261273,1.6849716175880833,0.1754014685839263,0.4646041977365156,0.02232018683951324,30.301623142916494,28.502235328794885,6.313146296647637
C-22,PLA C,FIRST,30.11.2024,Cylinder,0,3.08,3.126666666666667,0.0,1286.2697627139228,0.3095477646845316,150,2.98,28.5,9.679156301652867,2.5949823161188466,298.42243000088075,0.5998303994629459,1.9377636277692043,0.27032414962817547,0.8732873581034256,0.021046680682910383,30.016834824453944,28.51133813863896,5.280343835474759
C-22,C,SECOND,2.12.23,Cylinder,0,4.833333333333333,2.303333333333333,0.0,1408.665925060924,0.3775288071835271,178,3.53,28.5,8.247571756428902,2.1481025529539406,310.12907643079194,0.5823219318507761,1.542456948371872,0.13526621469814032,0.3582937569910624,0.020432348485992142,30.63050247857764,28.50770783803811,7.446388368366335
C-22,PLA C,THIRD,30.11.2024,Cylinder,0,3.08,3.126666666666667,0.0,1286.2697627139228,0.3095477646845316,144,2.85,28.5,10.150449536562292,2.956871789377069,312.95308412211125,0.8281052183417483,2.6752098151498283,0.17788864979319693,0.5746727002680443,0.02905632345058766,30.234952262736854,28.50882854103827,6.05469887762607
C-23,PLA C,FIRST,30.11.2024,Cylinder,0,5.079999999999999,5.23,0.0,1328.3740942968943,0.512951579139647,112,2.23,28.5,13.320142447037743,4.484198582651287,680.5366636028934,3.601425272876544,7.020984863555873,0.4696040038255308,0.9154938261681126,0.12636579904829978,30.53780800970146,28.53718082184067,7.01059856035123
C-23,PLA C,THIRD,30.11.2024,Cylinder,0,5.079999999999999,5.23,0.0,1328.3740942968943,0.512951579139647,122,2.43,28.47759433962264,12.323093525407698,4.641083290513267,629.5966418071154,3.7162958473262355,7.2449252492007705,1.1634009098760765,2.268052107037865,0.13049893902574217,30.94820529176518,28.601599611926087,8.204456085248543
C-25,C,FIRST,9.12.23,Cylinder,0,4.77,2.8466666666666662,0.0,1426.340059770645,0.4015976147393025,136,2.7,28.5,11.053131767361835,3.3037109749472933,442.1226447382195,0.6967210222327461,1.7348734072661842,0.1715724159670411,0.4272246887681778,0.02444635165728934,31.69093404130786,28.508208424614416,11.164242835917495
C-25,PLA C,SECOND,16.11.2024,Cylinder,0,3.203333333333333,1.096666666666667,0.0,1156.75446320266,0.22409197439670175,219,4.36,28.5,6.919402733553937,1.3903660399425257,154.4405000207208,0.1936990279535935,0.8643728918675831,0.05779685998097084,0.2579157961215299,0.0067964571211787195,29.875213321921688,28.501165689112433,4.821022577803359
C-25,C,SECOND,9.12.23,Cylinder,0,4.77,2.8466666666666662,0.0,1426.340059770645,0.4015976147393025,164,3.27,28.5,9.176007548997163,3.579025115698195,367.038121962858,0.41607254800319654,1.0360433745934732,0.13264381669608466,0.33029034991203954,0.014599036772041983,32.880253404867766,28.50349368023478,15.355169347777073
C-25,PLA C,THIRD,16.11.2024,Cylinder,0,3.203333333333333,1.096666666666667,0.0,1156.75446320266,0.22409197439670175,188,3.73,28.5,8.080297967327931,2.34806812730385,180.35158617651115,1.3416753655257987,5.987163838142103,0.06385871018589369,0.28496652036653025,0.04707632861494031,31.031322073074488,28.51989976807288,8.805859506606915
C-26,PLA C,FIRST,30.11.2024,Cylinder,0,3.036666666666666,3.1533333333333338,0.0,1378.0519705812108,0.3075067892472924,134,2.65,28.5,10.863588664666112,2.8489112889596346,332.73179979828257,0.7720331101658389,2.510621349387448,0.2825406528217113,0.9188111049948113,0.027088881058450486,29.8941891530427,28.50038691596481,4.890467772201138
C-26,PLA C,SECOND,30.11.2024,Cylinder,0,3.036666666666666,3.1533333333333338,0.0,1378.0519705812108,0.3075067892472924,132,2.61,28.5,11.084612930586117,3.246964024184663,339.5013677623065,2.1059648770120862,6.848515059348821,0.2576820941083701,0.8379720484842563,0.07389350445656442,30.092370695147277,28.57845108578612,5.297416591321582
C-27,PLA C,FIRST,16.11.2024,Cylinder,0,4.903333333333333,3.1466666666666665,0.0,1383.455477102581,0.4229391211742436,124,2.47,28.5,11.759683851722512,2.416562968353005,495.38150931618156,0.5067039059439546,1.1980540001529,0.11446522384683026,0.27064231733642957,0.017779084419086127,29.218602233347333,28.50323187147943,2.5097868378347306
C-27,C,FIRST,9.12.23,Cylinder,0,4.813333333333333,2.856666666666667,0.0,1394.1934659589124,0.4044987166588214,166,3.29,28.5,9.145027524020948,3.7786404976988366,368.44142403148135,0.3238247112686351,0.8005580683752042,0.1448752429564425,0.3581599569786497,0.011362270570829301,33.627430127409916,28.50361288423148,17.97602733375947
C-27,C,THIRD,9.12.23,Cylinder,0,4.813333333333333,2.856666666666667,0.0,1394.1934659589124,0.4044987166588214,104,2.07,28.5,14.643938639278108,4.56194147419629,589.9854966552313,3.9368326215571585,9.732620795624724,0.16386757054049705,0.40511270812933836,0.13813447794937397,31.052534593802687,28.703589391881493,8.183454584204606
C-3,RESIN (a=9 r=4.5),FIRST,09.01.2025,Cylinder,0,9.15,9.4,0.0,1168.577961975711,0.9232585692206723,81,1.6,28.305295924741507,18.77160486930479,6.937489191518619,1726.199706534875,6.750576044233349,7.311685230207555,0.23339236884647874,0.25279198766981015,0.238491625813836,31.203437723158427,28.520198560178418,9.40820645872538
C-3,PLA C,FIRST,16.11.2024,Cylinder,0,3.043333333333333,3.2000000000000006,0.0,1400.6483648090384,0.3094684226320355,136,2.71,28.5,10.689674516691465,2.8792317825514027,329.4936963277265,0.7164764289350424,2.3151842854963847,0.3650905657159369,1.1797344705182968,0.025139523822282187,29.937540387528486,28.514923546722247,4.9890256183757735
C-3,PA 6,FIRST,25.01.2025,Cylinder,0,7.899999999999999,4.033333333333333,0.0,1495.693612936131,0.631402212529056,130,2.59,28.5,11.65435009040086,4.53455133128172,732.9265371182576,0.25243477943027076,0.3998002769409905,0.24129960763500768,0.38216465328572713,0.008857360681763887,33.2636492665295,28.50718463485414,16.68514338613394
C-3,ABS C,FIRST,30.10.2024,Cylinder,0,5.446666666666666,5.233333333333334,0.0,1140.522851236535,0.5374606390929957,208,4.13,28.480506155950753,7.042287778148853,1.918607212706623,376.98729979289595,3.7477695904815005,6.973105224609819,0.11827734386301386,0.220066987719539,0.1315906947004324,31.006238269877826,28.72037621232161,7.959025469086771
C-3,RESIN (a=6 r=3),SECOND,09.01.2025,Cylinder,0,6.1,6.3,0.0,1163.943957874208,0.6165951057290009,96,1.91,28.5,15.202462491833884,5.659207526574865,933.641829431622,8.379863499171913,13.590544948073166,0.9231951486937929,1.4972469617680448,0.29403029821655835,31.101887827893425,29.81414824502769,4.319223116093888
C-3,PLA C,SECOND,16.11.2024,Cylinder,0,3.043333333333333,3.2000000000000006,0.0,1400.6483648090384,0.3094684226320355,132,2.63,28.390046296296298,10.899765537439123,2.8752219878618415,335.9694470050106,1.6904053685079408,5.462287086129845,0.21693068981976232,0.7009784325481812,0.05954218428761306,29.668111101720353,28.423107870582598,4.380250171116265
C-3,PA 6,SECOND,25.01.2025,Cylinder,0,7.899999999999999,4.033333333333333,0.0,1495.693612936131,0.631402212529056,124,2.46,28.5,12.176804049721968,4.77317481786751,765.7829699728306,0.7670466383373321,1.2148304569047323,0.24900874234119685,0.39437419983658656,0.026913917134643233,32.963514162105696,28.507228299905304,15.632126053500597
C-3,ABS C,SECOND,30.10.2024,Cylinder,0,5.446666666666666,5.233333333333334,0.0,1140.522851236535,0.5374606390929957,192,3.81,28.5,7.688651365915434,1.686554177203606,411.5883941123649,0.3908143096635398,0.7271496389448494,0.11106169718595565,0.20664154564579915,0.013712782795211924,30.394847855481395,28.502969520854897,6.637478011693688
C-3,PLA C,THIRD,16.11.2024,Cylinder,0,3.043333333333333,3.2000000000000006,0.0,1400.6483648090384,0.3094684226320355,133,2.64,28.5,10.969427274847732,2.9000338213541297,338.1166689167286,2.0884033441131713,6.748356831857857,0.18808588394582973,0.607770842485819,0.0732773103197604,29.793990002259424,28.61756443015776,4.110851484139311
C-3,PA 6,THIRD,25.01.2025,Cylinder,0,7.899999999999999,4.033333333333333,0.0,1495.693612936131,0.631402212529056,128,2.54,28.5,11.852923341943626,4.378407183969756,745.4145441275397,0.6509308376479159,1.0309289779657862,0.23678022296204668,0.3750069579478239,0.022839678513961962,32.502485994034544,28.512840475276157,13.992452004976
C-30,C,THIRD,2.12.23,Cylinder,0,4.763333333333334,2.8766666666666665,0.0,1455.4758977433785,0.40262786642973947,126,2.4066666666666667,28.15625,13.267550686758836,6.52104118928234,532.0603212906508,3.931900532907925,9.765594636490619,0.13851789248430746,0.34403453917037685,0.13964574589684084,35.431410631419325,28.523549110617648,24.21809955700879
C-4,RESIN (a=6 r=3),FIRST,11.01.2025,Cylinder,0,6.1,6.3,0.0,1203.0498677981195,0.6165951057290009,98,1.95,28.5,14.900895630033164,4.658371254258468,915.1214458622615,0.7181050395480815,1.1646298079175723,0.3535872949083542,0.5734513485803746,0.02519666805431865,30.486924040040034,28.521693967491146,6.890299274611267
C-4,ABS C,FIRST,23.10.2024,Cylinder,0,5.396666666666666,5.239999999999999,0.0,1165.029569507883,0.5343930791502606,242,4.83,28.5,6.261956602116268,2.43437971821417,333.30142132571865,3.808748452562129,7.127241353159788,0.1892922863818852,0.35421919513418704,0.13364029658112733,33.15447393442638,28.896982378114572,14.733343089610148
C-4,RESIN (a=9 r=4.5),THIRD,09.01.2025,Cylinder,0,9.15,9.4,0.0,1171.3283185247333,0.9232585692206723,82,1.61,28.5,18.515097191837015,6.834443007902342,1702.6117671630607,10.281664498233237,11.136278439215623,0.2675767766546667,0.28981781006433527,0.3607601578327452,31.153570892732823,30.24002876512104,3.0209697705891956
C-49,C,FIRST,10.02.2024,Cylinder,0,3.813333333333333,2.29,0.0,1430.647883703563,0.32172267714941577,164,3.27,28.5,8.93030961100591,1.5813987216017937,286.1636569547788,0.8349572808146902,2.595270212882494,0.04970075124577199,0.15448320797942933,0.02929674669525229,29.552850291248685,28.51835511546006,3.627471400788522
C-49,C,SECOND,10.02.2024,Cylinder,0,3.813333333333333,2.29,0.0,1430.647883703563,0.32172267714941577,147,2.92,28.5,9.909733840226592,1.8437980820673876,317.5484164258824,0.6595057278218569,2.049919930000976,0.14195562147855056,0.4412359822948475,0.023140551853398486,29.249457759855346,28.515664641854503,2.573298315915113
C-49,C,THIRD,10.02.2024,Cylinder,0,3.813333333333333,2.29,0.0,1430.647883703563,0.32172267714941577,174,3.46,28.5,8.344950266546467,1.7061320036105623,267.4063486486116,1.2707104695500535,3.9497074959372696,0.15343520067295405,0.4769175801732342,0.04458633226491416,29.473471474868976,28.542181944227544,3.2628533181562855
C-5,RESIN (a=9 r=4.5),FIRST,11.01.2025,Cylinder,0,9.15,9.4,0.0,1181.1972449653422,0.9232585692206723,56,1.09,28.5,26.829945031376017,8.980604960031055,2467.2287511889945,9.858307338695207,10.677731750723591,0.03511138294697445,0.038029847886071784,0.3459055206559722,30.59880998107202,30.02024848127595,1.9272375448755092
C-5,ABS C,FIRST,30.10.2024,Cylinder,0,5.406666666666666,5.276666666666666,0.0,1146.3828340883151,0.5362981310443719,174,3.47,28.5,8.367994520432216,1.2757569026942335,446.9860380375839,1.7486442561787985,3.260582416674729,0.0792914475722634,0.1478495690780303,0.061355938813291176,29.719992268543155,28.551191147722935,4.093703533323289
C-5,RESIN (a=9 r=4.5),SECOND,11.01.2025,Cylinder,0,9.15,9.4,0.0,1181.1972449653422,0.9232585692206723,80,1.59,28.5,18.307977133292656,5.091672526840928,1683.5654156781438,6.638924553605903,7.190753246092106,0.3564181997165073,0.38604374938795516,0.2329447211791545,29.872192308920383,29.339099172137363,1.8170058107621974
C-5,RESIN (a=9 r=4.5),THIRD,11.01.2025,Cylinder,0,9.15,9.4,0.0,1181.1972449653422,0.9232585692206723,95,1.88,28.5,15.997882855729037,9.449840764819426,1471.1337087589952,1.7862367184340238,1.9347090598268653,1.2284392637676484,1.3305473728823127,0.06267497257663242,33.769561472448565,28.616741020031505,18.006314726090313
C-6,RESIN (a=6 r=3),FIRST,11.01.2025,Cylinder,0,6.1,6.3,0.0,1202.5067301602876,0.6165951057290009,102,2.01,28.481274638633376,15.521477722540594,6.025028176892928,953.2337846016185,6.0733966188775685,9.849894302513132,0.5262326689960729,0.8534493123715401,0.21324174201948531,31.775164668750215,28.86957554451826,10.064537040911455
C-6,ABS C,FIRST,30.10.2024,Cylinder,0,5.539999999999999,5.37,0.0,1122.6643940626736,0.5482743622327684,196,3.91,28.5,7.408678567963284,1.4689237070279686,404.58052956550284,4.565009145327575,8.326140085663011,0.10728293243714741,0.19567380827411504,0.16017575948517807,29.552842349826733,28.85277411342295,2.426346366736696
C-6,ABS C,SECOND,30.10.2024,Cylinder,0,5.539999999999999,5.37,0.0,1122.6643940626736,0.5482743622327684,251,5.0,28.38919129082426,5.873426942174018,2.1009732574913547,320.74197319135646,3.1926267229287935,5.82304580124316,0.4822245085396072,0.8795313838418731,0.11245923458061625,31.105076782088567,28.487923011935674,9.18688866526484
C-6,RESIN (a=9 r=4.5),THIRD,11.01.2025,Cylinder,0,9.15,9.4,0.0,1181.0354592859878,0.9232585692206723,88,1.74,28.476600985221673,16.937146207382963,5.105632066412278,1557.506511365511,8.842600613317622,9.577599285952699,0.3663017952078586,0.39674887124747293,0.31052163205526573,30.33994345392913,29.400680547750387,3.1946978392328824
C-7,PLA C,FIRST,20.11.2024,Cylinder,0,3.06,3.18,0.0,1382.896326542447,0.309948822630418,130,2.58,28.5,11.166372651025787,2.5414947310306024,344.7215195456118,1.874052636640911,6.046329264091206,0.20352165728484894,0.6566298770153017,0.06575623286459337,29.535946450600875,28.550988112163026,3.4498222428184415
C-7,PLA C,SECOND,20.11.2024,Cylinder,0,3.06,3.18,0.0,1382.896326542447,0.309948822630418,131,2.6,28.5,11.532376222929217,2.540150526434308,356.0205609987986,1.2768428716528675,4.119528058912393,0.264263853554607,0.8526047987919425,0.04480150426852167,29.455925073334143,28.510592977490163,3.3157223232443607
C-7,PLA C,THIRD,20.11.2024,Cylinder,0,3.06,3.18,0.0,1382.896326542447,0.309948822630418,154,3.05,28.5,9.451637499901786,2.5970096984522844,291.78525050040497,1.491094947972529,4.810777906230364,0.22295686154987526,0.7193344361102101,0.052319120981492245,29.990582551123943,28.512905740524133,5.182484114551865
C-8,ABS C,FIRST,06.11.2024,Cylinder,0,5.296666666666667,5.336666666666666,0.0,1184.934350049543,0.5309966576026997,210,4.18,28.5,7.183210914784487,2.316284554105969,379.9064727695013,1.498717614674361,2.822461484862539,0.3762036721721172,0.708485951438133,0.052586582971030214,32.02264588769721,28.519849645535707,12.281959006434679
C-8,ABS C,SECOND,06.11.2024,Cylinder,0,5.296666666666667,5.336666666666666,0.0,1184.934350049543,0.5309966576026997,200,3.99,28.443227091633467,7.409776659510624,1.7462257768017486,391.88910754807154,1.17040360408685,2.2041637877174076,0.1316638330326115,0.24795604858802053,0.041148762772812174,30.906629055731287,28.47560966028158,8.53719876221139
C-8,PLA C,SECOND,23.11.2024,Cylinder,0,4.903333333333333,3.1133333333333333,0.0,1388.6968175275292,0.4214403874106737,126,2.49,28.393178410794604,11.628757352505286,2.5883770663607866,488.13027925742506,0.4642381174578488,1.1015510884234994,0.17694000671971147,0.4198458714572408,0.016350339885912644,29.316551965280855,28.3972689806012,3.237223217865199
C-9,ABS C,FIRST,30.10.2024,Cylinder,0,5.333333333333333,3.266666666666667,0.0,1182.952505698218,0.4529331339311494,254,5.06,28.5,5.811744695997254,1.6067449351334935,262.1844361320489,0.5643843696290586,1.2460655389253348,0.09891910526758757,0.2183967077193878,0.019802960337861705,32.17038928791508,28.504430390782122,12.861014399777195
C-9,ABS C,SECOND,30.10.2024,Cylinder,0,5.333333333333333,3.266666666666667,0.0,1182.952505698218,0.4529331339311494,286,5.71,28.5,5.150748350570102,1.5065628365346952,232.36499925442376,0.3526039115931121,0.7784899915198334,0.07791356624648663,0.17202001887177082,0.01237206707344253,32.64431367917982,28.50536384115478,14.519898293841127
CUBE-1,RESIN (a=6 r=3),FIRST,18.12.2024,Cube,2,6.24,6.24,6.24,1151.1343666829412,0.6239999999999999,92,1.81,28.5,16.14993203926468,6.618028359439324,1003.7407960658524,2.0026467643825208,3.2093698147155787,0.849786701751094,1.361837663062651,0.07026830752219371,31.831145695286075,28.512370168140347,11.639774271919773
CUBE-1,ABS CUBE,FIRST,23.10.2024,Cube,2,5.2,5.113333333333333,5.13,1035.8988434882212,0.5147641236094145,222,4.43,28.5,6.583547775690915,1.805368459741693,337.5472311747255,1.559081476987422,3.028729869625491,0.25285793333283846,0.49121125916828356,0.05470461322762884,30.602067648025425,28.53730465703806,7.235311869154186
CUBE-1,RESIN (a=9 r=4.5),SECOND,14.12.2024,Cube,2,9.25,9.25,9.25,1159.3614761697004,0.9249999999999998,104,2.06,28.5,15.60494351218439,6.845427354601229,1437.706449080733,4.167848381416749,4.505782033964054,0.6363943869704158,0.6879939318599091,0.14624029408479822,31.853925319030772,28.641385477719066,11.216426118110908
CUBE-1,RESIN (a=6 r=3),SECOND,18.12.2024,Cube,2,6.24,6.24,6.24,1151.1343666829412,0.6239999999999999,108,2.15,28.500000000000004,13.811202695496728,5.451468770454969,858.3855061742985,1.518202282569047,2.4330164784760373,0.7745087548805181,1.2411999276931382,0.053270255528738486,31.12499362411663,28.637682761569426,8.685447364076088
CUBE-1,ABS CUBE,SECOND,23.10.2024,Cube,2,5.2,5.113333333333333,5.13,1035.8988434882212,0.5147641236094145,213,4.24,28.5,6.962449980939264,3.1330280105650767,356.97405006101445,2.5048118012079623,4.865940896666933,0.2765270748619509,0.5371918169490969,0.08788813337571798,33.004146920137025,28.702393557519446,14.987437734058268
CUBE-1,RESIN (a=6 r=3),THIRD,18.12.2024,Cube,2,6.24,6.24,6.24,1151.1343666829412,0.6239999999999999,96,1.91,28.5,15.233992199201042,5.928381036177764,946.813857798949,4.6202284774789355,7.404212303652142,1.12072679711203,1.796036533833382,0.1621132799115416,31.051167524283446,28.81594395714988,7.756898647697978
CUBE-10,ABS CUBE,FIRST,30.10.2024,Cube,2,3.016666666666667,2.986666666666667,3.1966666666666668,1006.9005220348412,0.3065282298912351,256,5.11,28.5,6.001035228221923,2.467171357288318,183.21580737269025,2.8752703831174986,9.38011609611854,0.39896540018469656,1.3015616875687461,0.10088668010938591,31.59935514221447,28.638778717602538,10.337649010124318
CUBE-10,PLA CUBE,FIRST,30.11.2024,Cube,2,3.016666666666667,2.986666666666667,3.1966666666666668,1006.9005220348412,0.3065282298912351,154,3.05,28.5,9.428774091273572,2.6902303764384734,287.86707492454457,1.5623118876211157,5.096796103169578,0.32165242008461103,1.0493402849021194,0.05481796096916196,29.899566510527343,28.53540393313451,4.780596695212032
CUBE-10,ABS CUBE,SECOND,30.10.2024,Cube,2,3.016666666666667,2.986666666666667,3.1966666666666668,1006.9005220348412,0.3065282298912351,215,4.28,28.5,6.904366174686673,2.1593316106545473,210.7951336700821,2.007445284926551,6.548973599067366,0.3290359776468775,1.0734279768086246,0.07043667666408951,31.310820891999015,28.607574785524257,9.449406762864184
CUBE-10,PLA CUBE,THIRD,30.11.2024,Cube,2,3.016666666666667,2.986666666666667,3.1966666666666668,1006.9005220348412,0.3065282298912351,146,2.91,28.5,10.02756330582821,2.9515987780386124,306.14852891014175,2.3338469128837835,7.613807425540866,0.27950076084239095,0.9118271453874435,0.08188936536434328,30.224151361932176,28.55805911114497,5.834052812563168
CUBE-11,PLA CUBE,FIRST,16.11.2024,Cube,2,3.056666666666666,3.0766666666666667,3.1833333333333336,1018.8006074278508,0.3105061559424374,159,3.16,28.5,9.238986118275903,2.9967936685722916,285.7332733457562,1.4849189995046088,4.782253012013996,0.3714989464885176,1.1964302136328249,0.05210242103524943,30.607467583600645,28.53336627648445,7.269038244623624
CUBE-11,ABS CUBE,FIRST,30.10.2024,Cube,2,3.056666666666666,3.0766666666666667,3.1833333333333336,1018.8006074278508,0.3105061559424374,280,5.57,28.5,5.228022204228253,1.416177016860286,161.68656153552024,1.0618377014459066,3.419699355792332,0.12299630853416914,0.3961155235742591,0.0372574632086283,31.094377117747726,28.520985978534874,9.022798654820724
CUBE-11,PLA CUBE,SECOND,16.11.2024,Cube,2,3.056666666666666,3.0766666666666667,3.1833333333333336,1018.8006074278508,0.3105061559424374,158,3.13,28.5,9.278952011839385,2.965119244364191,286.9692948576288,0.8511811266089679,2.7412697311120704,0.29233427581411275,0.9414765865972287,0.02986600444241993,30.460221615200204,28.5233482754137,6.790483785720324
CUBE-11,PLA CUBE,THIRD,16.11.2024,Cube,2,3.056666666666666,3.0766666666666667,3.1833333333333336,1018.8006074278508,0.3105061559424374,148,2.95,28.5,9.788827073528655,3.0479491545560036,302.73815396281293,3.1101003976748163,10.016227820782325,0.3571071568598162,1.1500807633779018,0.10912632974297601,30.481004920777572,28.557431524233674,6.735806737071448
CUBE-13,PLA CUBE,THIRD,30.11.2024,Cube,2,3.0966666666666662,3.123333333333333,1.0833333333333333,1059.3709927290636,0.2188223279093855,166,3.3,28.5,9.140146715587592,1.5054393983613696,199.209978260777,1.2362777023537486,5.649687187615023,0.05563306121515615,0.2542385036603479,0.04337816499486837,29.636031098891785,28.526170892187338,3.89067362352657
CUBE-14,PLA CUBE,FIRST,16.11.2024,Cube,2,5.01,3.9933333333333336,3.06,1140.1466274299416,0.3941228112261711,136,2.69,28.5,10.682167752682016,3.275040917974693,419.33127337416204,2.436611563674712,6.182366242882702,0.15083536050931926,0.382711571654656,0.08549514258507761,30.221791979823465,28.620107762402192,5.59635984154253
CUBE-14,PLA CUBE,SECOND,16.11.2024,Cube,2,5.01,3.9933333333333336,3.06,1140.1466274299416,0.3941228112261711,144,2.87,28.5,10.406502646215664,3.219651378184216,408.50996792421375,2.629175048439382,6.670953757433251,0.19820776555187505,0.5029086363593699,0.09225175608559234,30.161365962190313,28.66897394368849,5.205599689173308
CUBE-15,PLA CUBE,SECOND,23.11.2024,Cube,2,2.99,2.9766666666666666,3.12,1098.35783619617,0.30282053949125637,146,2.89,28.5,10.400903359274134,3.2254084474368474,313.7058930728898,1.8672832413613352,6.166303132866755,0.3759217997850875,1.2414012616734733,0.06551871022320474,30.20111847613886,28.538077702156333,5.82744497137895
CUBE-15,PLA CUBE,THIRD,23.11.2024,Cube,2,2.99,2.9766666666666666,3.12,1098.35783619617,0.30282053949125637,138,2.74,28.435422960725077,10.82833428098334,3.052350223017467,326.5978116293865,0.5156883654210882,1.7029504216835931,0.25371635580425,0.8378439462214081,0.01813542095481947,29.853761915238465,28.450693025989942,4.931580710412952
CUBE-16,PLA CUBE,THIRD,30.11.2024,Cube,2,5.06,5.05,5.186666666666667,1075.1885516035677,0.5098511590947067,123,2.44,28.2327628825103,11.914433194129103,4.333008636497822,605.0386029863716,1.4120093002055052,2.769453937719144,0.6984990825173951,1.3700058733957814,0.05001314628970373,30.352239399354673,28.40336255888606,6.861430002973022
CUBE-2,RESIN (a=6 r=3),FIRST,09.01.2025,Cube,2,6.24,6.24,6.24,1154.8331204495057,0.6239999999999999,106,2.09,28.5,14.12739071385344,6.738925454230387,878.0370324147952,0.7890861228270447,1.2645610942741103,0.6429055630996867,1.0302973767623187,0.027687232379896305,32.5139507435433,28.50692089372206,14.056340440133908
CUBE-2,PLA CUBE,FIRST,16.11.2024,Cube,2,5.063333333333333,5.043333333333333,5.180000000000001,1028.9023828473678,0.5095200956399805,140,2.79,28.5,10.346255510485845,3.0504102858230695,525.0622606791258,0.5625349145947951,1.104048533921367,0.28795066074961395,0.565140930090176,0.01973806717876474,30.350796638206205,28.52516692099323,6.40006672798607
CUBE-2,RESIN (a=6 r=3),SECOND,09.01.2025,Cube,2,6.24,6.24,6.24,1154.8331204495057,0.6239999999999999,102,2.03,28.5,14.746265005149553,6.3273728033947805,916.5009325909681,6.0805877529842105,9.744531655423415,0.9266658826492556,1.4850414786045767,0.21335395624506,32.08951918697888,29.1716136069345,10.002551176499734
CUBE-2,PLA CUBE,SECOND,16.11.2024,Cube,2,5.063333333333333,5.043333333333333,5.180000000000001,1028.9023828473678,0.5095200956399805,146,2.9,28.5,10.00648844976085,3.6721777866733984,507.8194175241542,1.4372562056384723,2.8208037679715323,0.41605408761557233,0.8165607032495734,0.05043004230310429,31.05450049409967,28.553462212255027,8.759141932606715
CUBE-2,ABS CUBE,SECOND,23.10.2024,Cube,2,5.063333333333333,5.043333333333333,5.180000000000001,1028.9023828473678,0.5095200956399805,292,5.83,28.5,5.06304712802769,2.1245238237228516,256.94464710183235,1.4275400364992359,2.8017345119748036,0.2277591157836087,0.4470071303027467,0.050089124087692484,33.88515929653373,28.5201402577279,18.811334693040678
CUBE-2,RESIN (a=6 r=3),THIRD,09.01.2025,Cube,2,6.24,6.24,6.24,1154.8331204495057,0.6239999999999999,103,2.04,28.5,14.560742105891633,6.43383053077593,904.9704257048184,1.3106124720668453,2.1003405001071243,0.8481503157133531,1.3592152495406302,0.045986402528661235,32.156506925003455,28.524180054897467,12.734202571696132
CUBE-2,PLA CUBE,THIRD,16.11.2024,Cube,2,5.063333333333333,5.043333333333333,5.180000000000001,1028.9023828473678,0.5095200956399805,152,3.01,28.5,9.726476988063286,2.682199770531652,493.6091120715214,1.3125485476667966,2.576048636547251,0.2360822169887697,0.463342307808762,0.046054335005852515,29.866944166850452,28.525097886592214,4.704090010814486
CUBE-21,PLA CUBE,FIRST,30.11.2024,Cube,2,3.1533333333333338,3.1300000000000003,1.0933333333333335,1047.156602238975,0.22098133999620423,194,3.86,28.5,7.556583789041633,2.1697766665955833,166.32111668286993,3.0345244309617496,13.732039234687749,0.1894094188213415,0.8571285649032401,0.10647454143725438,30.80210057024265,28.730673596111597,7.209809986534392
CUBE-21,PLA CUBE,SECOND,30.11.2024,Cube,2,3.1533333333333338,3.1300000000000003,1.0933333333333335,1047.156602238975,0.22098133999620423,172,3.43,28.5,8.517066693523043,1.8131346806536341,187.46143533583293,1.4229615572916006,6.439283775345206,0.08327009598126832,0.37681958115874686,0.04992847569444212,30.382952906876945,28.51811628772598,6.539129724895531
CUBE-21,PLA CUBE,THIRD,30.11.2024,Cube,2,3.1533333333333338,3.1300000000000003,1.0933333333333335,1047.156602238975,0.22098133999620423,198,3.95,28.5,7.508642850352525,2.4546915842133608,165.26593213384655,1.5417111091848579,6.976657437281083,0.11226356956650739,0.508022847397141,0.05409512663806519,31.634596162638136,28.5396038705624,10.844552384513344
CUBE-22,PLA CUBE,FIRST,30.11.2024,Cube,2,3.11,3.06,3.1533333333333338,1046.3523424230025,0.31075436123520805,152,3.01,28.5,9.67029012561121,2.856969796646078,299.311238141778,0.6297895022159672,2.026647348447938,0.3623912082917558,1.1661661218568198,0.02209787727073569,30.37447340386586,28.52827630767453,6.471463877734086
CUBE-22,PLA CUBE,SECOND,30.11.2024,Cube,2,3.11,3.06,3.1533333333333338,1046.3523424230025,0.31075436123520805,140,2.78,28.5,10.4911254471222,3.025131228582925,324.7174289799697,1.2272762679018856,3.949345273944419,0.3422102551992752,1.101224304106414,0.04306232518953985,30.370426827095926,28.51987848031317,6.488626338503371
CUBE-22,PLA CUBE,THIRD,30.11.2024,Cube,2,3.11,3.06,3.1533333333333338,1046.3523424230025,0.31075436123520805,150,2.99,28.5,9.70881741736439,2.754737658445274,300.5037206058101,2.298689708785749,7.397127749547126,0.21694914259966003,0.698137080803357,0.08065577925564033,30.259681938457227,28.59601890654775,5.817813442305914
CUBE-23,PLA CUBE,FIRST,16.11.2024,Cube,2,4.95,3.786666666666666,3.123333333333333,1052.2043681512769,0.38829357453454455,154,3.05,28.5,9.64046869795134,2.699946529063898,372.8418377406287,1.8460225745569714,4.754192949934431,0.08132161453192545,0.20943332536318,0.0647727219142797,30.265853353651547,28.54219206329809,6.038994084725135
CUBE-23,PLA CUBE,SECOND,16.11.2024,Cube,2,4.95,3.786666666666666,3.123333333333333,1052.2043681512769,0.38829357453454455,162,3.23,28.5,9.116376970931556,2.9696167874606525,352.5727690087069,3.9221312169832028,10.100942879842247,0.24184736623951855,0.6228466863749315,0.1376186391923931,30.60410405442741,28.805111255359126,6.245394378518795
CUBE-23,PLA CUBE,THIRD,16.11.2024,Cube,2,4.95,3.786666666666666,3.123333333333333,1052.2043681512769,0.38829357453454455,156,3.11,28.351852883377077,9.539185567368554,2.975027253806916,368.9247472213021,1.3381355885093187,3.4461955496259993,0.19318978199332548,0.49753535639858587,0.047197465153816405,30.129478501250162,28.40881491360481,6.056794670520859
CUBE-24,PLA CUBE,FIRST,30.11.2024,Cube,2,3.126666666666667,3.11,1.13,1019.2896315735156,0.22231740887008597,200,3.99,28.5,7.463008515459433,1.9227042128085194,165.25465294146693,0.9133913982650367,4.108501457026196,0.07305536838697577,0.3286084016464343,0.032048820991755676,30.89242078733623,28.51134012045829,8.351346014666634
CUBE-24,PLA CUBE,SECOND,30.11.2024,Cube,2,3.126666666666667,3.11,1.13,1019.2896315735156,0.22231740887008597,186,3.7,28.5,7.860579987556445,1.710227597185739,174.0581449252591,0.45997637204190006,2.0690074357186,0.10713872674566309,0.4819178457062307,0.01613952182603158,30.37911595621257,28.505439835533256,6.57304757088398
CUBE-27,PLA CUBE,THIRD,16.11.2024,Cube,2,5.196666666666666,5.026666666666666,3.88,1047.8227991893011,0.4662428923897665,142,2.83,28.5,10.793751888240095,2.97200433316925,501.2460259074268,0.299898003795608,0.6432226821913701,0.1973308729815765,0.4232362062832546,0.010522736975284492,30.001605563629973,28.513805689642286,5.21782286861881
CUBE-28,PLA CUBE,FIRST,23.11.2024,Cube,2,5.056666666666666,5.069999999999999,5.013333333333334,1144.4947525343518,0.504660858680743,121,2.4,28.5,12.194721880572635,4.480018238433107,612.9680095241663,8.834441813305189,17.505700434941016,0.6119168197345559,1.2125307703359354,0.3099804145019364,30.87627598562161,29.41868226942249,4.954653314686804
CUBE-3,RESIN (a=9 r=4.5),FIRST,09.01.2025,Cube,2,9.25,9.25,9.25,1150.2624979394604,0.9249999999999998,88,1.75,28.5,17.13110586171351,8.08460867175493,1578.3140360642424,3.4612671830093507,3.741910468118218,1.7147738948125177,1.8538096160135331,0.12144797133366142,32.448786293562,29.01678796524866,11.827630034115426
CUBE-3,PLA CUBE,FIRST,16.11.2024,Cube,2,3.11,3.083333333333333,3.783333333333333,1047.4375107433168,0.33104357086820596,144,2.86,28.5,10.180297861559499,3.3042345434056144,335.6695375092248,1.5291836998738386,4.61928227714361,0.40717121393559486,1.2299626084498,0.053655568416625915,30.624489191909998,28.54688257136372,7.277875667693361
CUBE-3,ABS CUBE,FIRST,30.10.2024,Cube,2,3.11,3.083333333333333,3.783333333333333,1047.4375107433168,0.33104357086820596,232,4.62,28.5,6.478404522223369,1.5200196680821931,213.60898073362128,0.8453709408481898,2.5536546099689885,0.09403580700543256,0.28405870187664756,0.029662138275375078,30.252301857758233,28.518886109384844,6.078132721330114
CUBE-3,ABS CUBE,SECOND,30.10.2024,Cube,2,3.11,3.083333333333333,3.783333333333333,1047.4375107433168,0.33104357086820596,216,4.29,28.47961373390558,6.87154807624782,2.127767063350492,226.5718936806404,1.1473967803330558,3.4659992862083215,0.2609992350262221,0.7884135443008808,0.040288354717643374,31.647129532686915,28.550971205632052,10.84431876154218
CUBE-3,PLA CUBE,THIRD,16.11.2024,Cube,2,3.11,3.083333333333333,3.783333333333333,1047.4375107433168,0.33104357086820596,119,2.36,28.5,12.25789840633293,3.58158372402862,404.1731533637594,1.9295361740015817,5.82864717457317,0.10286667015250524,0.31073453528405237,0.06770302364917831,29.969272917519483,28.581048646833324,4.857149532335193
CUBE-4,ABS CUBE,FIRST,23.10.2024,Cube,2,5.05,5.04,5.193333333333334,1028.894380360464,0.509396595092336,244,4.87,28.5,5.981102863609208,1.6995196504878007,303.46149737246526,0.7199455749634267,1.4133301672990677,0.13969183128746987,0.2742300059193536,0.02526124824433076,31.635877276070744,28.518014053415843,10.93296053790761
CUBE-4,RESIN (a=9 r=4.5),SECOND,09.01.2025,Cube,2,9.25,9.25,9.25,1162.8999677036825,0.9249999999999998,88,1.73,28.5,17.01453837670781,6.276180082914214,1567.5745018381197,5.610423295768255,6.065322481911628,1.099039638659691,1.1881509607131797,0.19685695774625456,30.853620906223178,28.872996884188918,6.859779848897032
CUBE-4,RESIN (a=6 r=3),SECOND,11.01.2025,Cube,2,6.24,6.24,6.24,1149.4904761200237,0.6239999999999999,105,2.08,28.5,14.143860817629584,5.436974184326846,879.0606723307628,1.085296338802709,1.73925695320947,1.2523486827808,2.006969042917949,0.038080573291323125,31.170559107732274,28.580407504612168,9.062682548183119
CUBE-4,ABS CUBE,SECOND,23.10.2024,Cube,2,5.05,5.04,5.193333333333334,1028.894380360464,0.509396595092336,242,4.82,28.5,6.090017379011774,1.513960024528704,308.9874618447958,0.5596962715283572,1.0987436447762349,0.09598653931858385,0.18843184317159561,0.019638465667661656,30.929441693501147,28.501449085704383,8.518839166723577
CUBE-4,RESIN (a=9 r=4.5),THIRD,09.01.2025,Cube,2,9.25,9.25,9.25,1162.8999677036825,0.9249999999999998,68,1.35,28.374338624338623,21.884318764652065,6.083234911081318,2016.2345475401548,6.766919151422567,7.315588271808181,0.14418446980646332,0.1558751024934739,0.23848729096431218,29.826350157721343,29.338252289959158,1.6636910165546366
CUBE-4,ABS CUBE,THIRD,23.10.2024,Cube,2,5.05,5.04,5.193333333333334,1028.894380360464,0.509396595092336,262,5.23,28.5,5.654518847183054,1.7645995236335967,286.8916979721602,0.5168781622034685,1.0146871164495639,0.0965652520125035,0.18956791808747672,0.01813607586678837,31.18807859962531,28.50828282892275,9.4000602799682
CUBE-5,PLA CUBE,FIRST,23.11.2024,Cube,2,3.0700000000000003,3.053333333333333,3.796666666666667,1039.6488087554087,0.3289311635219998,146,2.9,28.5,10.190736367874235,3.2113069943561507,333.8695986684094,2.094804365514144,6.368519002833971,0.326911132758183,0.9938588039449121,0.0735019075618998,30.539788415496908,28.513105552803367,7.10789941467558
CUBE-5,PLA CUBE,SECOND,23.11.2024,Cube,2,3.0700000000000003,3.053333333333333,3.796666666666667,1039.6488087554087,0.3289311635219998,127,2.52,28.5,11.590258279814535,3.8562373536437,379.72083082668195,0.3390125074905633,1.0306487955127706,0.49099180952594285,1.4926886351195605,0.011895175701423273,30.606737998278174,28.524452757834595,7.3000006630158865
CUBE-5,ABS CUBE,SECOND,30.10.2024,Cube,2,3.0700000000000003,3.053333333333333,3.796666666666667,1039.6488087554087,0.3289311635219998,223,4.44,28.5,6.577862675943303,1.7005258859705081,215.50438480935915,0.8616650815557485,2.6195908965558323,0.17935472961819218,0.5452652393825144,0.03023386251072802,30.659768876630906,28.515643391901435,7.5191201378903925
CUBE-5,RESIN (a=6 r=3),THIRD,11.01.2025,Cube,2,6.24,6.24,6.24,1130.5857346464732,0.6239999999999999,124,2.45,28.5,12.093148276673029,4.671365270028035,751.6060283509929,5.736212212660834,9.192647776700056,0.809219648160902,1.296826359232215,0.20127060395301172,31.032718869631434,29.18271854719927,6.339369375200703
CUBE-5,PLA CUBE,THIRD,23.11.2024,Cube,2,3.0700000000000003,3.053333333333333,3.796666666666667,1039.6488087554087,0.3289311635219998,145,2.88,28.5,10.181666753313202,3.3232416859976,333.5724593387026,1.9561143994062224,5.946880734744953,0.24736626492189984,0.7520304925603539,0.06863559296162185,30.88339306839584,28.53384978133428,8.234231640900203
CUBE-6,ABS CUBE,FIRST,06.11.2024,Cube,2,5.06,5.05,5.186666666666667,1075.1885516035677,0.5098511590947067,256,5.11,28.482831325301206,5.867152227446498,1.8154176005064802,297.9456537598294,0.4226953148709958,0.8290562987471382,0.4067597241943144,0.7978009207953125,0.01484035452948517,31.688777908136807,28.48825457766853,11.234536400756234
CUBE-6,PLA CUBE,FIRST,23.11.2024,Cube,2,5.06,5.05,5.186666666666667,1075.1885516035677,0.5098511590947067,131,2.6,28.5,11.146977182452927,3.42539913050976,566.0656610434136,1.416333203007691,2.7779346535615153,0.4034450444001575,0.7912996512874773,0.049695901859918984,30.285665428504856,28.519184358210687,6.194009786908925
CUBE-6,RESIN (a=6 r=3),SECOND,11.01.2025,Cube,2,6.24,6.24,6.24,1151.1343666829412,0.6239999999999999,128,2.53,28.5,11.521434945143348,4.456427089800527,716.0732475865983,2.9672028270695403,4.755132735688367,0.5958780130948566,0.9549327132930395,0.10411237989717685,31.333295705009075,28.556463297558267,9.724006710901914
CUBE-7,PLA CUBE,SECOND,16.11.2024,Cube,2,2.983333333333334,2.9633333333333334,3.1466666666666665,1089.2049392415097,0.303001195579943,162,3.23,28.392969559709798,9.162239826179395,3.360448917931645,276.5109184783392,2.153074900644484,7.105829719660043,0.46272698654770944,1.5271457449600223,0.07583126858628204,30.493051710457326,28.501048973620737,6.989226041049562
CUBE-7,ABS CUBE,SECOND,23.10.2024,Cube,2,2.983333333333334,2.9633333333333334,3.1466666666666665,1089.2049392415097,0.303001195579943,284,5.66,28.5,5.224134010224049,1.416767772094876,157.66124013622797,5.710546645991643,18.84661423550386,0.25825729419366994,0.8523309411349569,0.20037005775409275,30.605647458256808,29.037276484123147,5.401233049494867
CUBE-7,PLA CUBE,THIRD,16.11.2024,Cube,2,2.983333333333334,2.9633333333333334,3.1466666666666665,1089.2049392415097,0.303001195579943,148,2.94,28.5,9.876511312198847,3.23994666773397,298.0672047564823,1.2667819190768745,4.180781916230592,0.27637883695742843,0.9121377769762279,0.04444848838866226,30.649769434573138,28.508599591768743,7.510610389373923
CUBE-8,ABS CUBE,FIRST,23.10.2024,Cube,2,5.206666666666666,5.156666666666666,5.052333333333333,1093.989292299615,0.5138151947256541,214,4.27,28.5,6.961519119047741,2.17047960015823,356.2683567469998,0.6944359367443861,1.3515286115957945,0.14653435303228898,0.2851888276883859,0.024366173219101266,31.13048053098717,28.52998441676697,9.1149580603763
CUBE-8,ABS CUBE,SECOND,23.10.2024,Cube,2,5.206666666666666,5.156666666666666,5.052333333333333,1093.989292299615,0.5138151947256541,202,4.02,28.5,7.293033414844423,2.1049980461691784,373.2342016124491,1.7513356525071642,3.4084933074863044,0.2194209385103024,0.4270425257226186,0.0614503737721812,30.82304061160186,28.54027555714482,7.998398788709557
CUBE-8,ABS CUBE,THIRD,23.10.2024,Cube,2,5.206666666666666,5.156666666666666,5.052333333333333,1093.989292299615,0.5138151947256541,241,4.8,28.5,6.164813286907325,2.2749617565364786,315.49549197804646,2.7612836039581308,5.374079303809783,0.29543525428984135,0.5749834908007844,0.0968871439985309,31.872060691400314,28.60814321404983,11.409050398445759
CUBE-9,ABS CUBE,FIRST,30.10.2024,Cube,2,5.1066666666666665,5.063333333333333,5.16,1039.5675862536796,0.510984716291903,222,4.41,28.5,6.577838481606422,1.844275862611817,334.77837951569916,2.2987999522223057,4.498764598879124,0.20378997146515834,0.3988181348045293,0.0806596474463967,30.767503280800717,28.673948447549904,7.3012436256566575
CUBE-9,PLA CUBE,FIRST,30.11.2024,Cube,2,5.1066666666666665,5.063333333333333,5.16,1039.5675862536796,0.510984716291903,142,2.81,28.5,10.331249377670238,2.71322308925887,525.8078219312476,1.2121858377657921,2.3722545882826833,0.19907589691992345,0.3895926640713852,0.04253283641283481,30.074749313996413,28.528946768421,5.418365276935067
CUBE-9,ABS CUBE,SECOND,30.10.2024,Cube,2,5.1066666666666665,5.063333333333333,5.16,1039.5675862536796,0.510984716291903,262,5.23,28.5,5.688597464142439,1.5703039695786503,289.5205539157035,0.7682302139516358,1.5034309040131444,0.04933426372129389,0.09654743507653446,0.02695544610356617,31.287797175605032,28.50357730820663,9.767966446081072
CUBE-9,PLA CUBE,SECOND,30.11.2024,Cube,2,5.1066666666666665,5.063333333333333,5.16,1039.5675862536796,0.510984716291903,130,2.59,28.5,11.266098641345057,3.2833843094304678,573.3868742992329,0.9368677081198267,1.8334554405432266,0.3008265346735015,0.5887192416566381,0.03287255116209918,30.2573572794255,28.51687916202795,6.103326060009769
CUBE-9,PLA CUBE,THIRD,30.11.2024,Cube,2,5.1066666666666665,5.063333333333333,5.16,1039.5675862536796,0.510984716291903,136,2.71,28.5,10.653694604754175,3.3194739243364695,542.218636959252,1.9607570912985954,3.837212794792284,0.2030290447619165,0.397328996912571,0.06879849443152966,30.310761942344833,28.568109811242596,6.099991013113646
D-1,RESIN (a=9 r=4.5),FIRST,14.12.2024,Elliptic Cylinder,6,9.07,9.07,0.0,1148.0128131767472,0.907,221,4.4,28.419718309859157,6.662032489193128,2.6943929569717424,601.8389908065903,0.2688064749803805,0.29636877065091566,0.09068054722644668,0.09997855262011762,0.009458449659831012,33.410031575592996,28.421875994528005,17.55040934674878
D-1,RESIN (a=6 r=3),FIRST,18.12.2024,Elliptic Cylinder,6,6.0,6.0,0.0,1061.4216849505126,0.5999999999999999,247,4.92,28.5,5.878636112881894,2.282782613328445,351.3129151124637,0.9342740477621456,1.5571234129369098,0.0664096107281135,0.11068268454685584,0.03278154553551388,33.702464456003796,28.51483178557755,18.192752141887393
D-1,RESIN (a=9 r=4.5),SECOND,14.12.2024,Elliptic Cylinder,6,9.07,9.07,0.0,1148.0128131767472,0.907,219,4.36,28.5,6.699961786813047,2.7598245910677077,605.2654721752424,0.24750875012081416,0.27288726584433753,0.13273184020417658,0.1463416099274273,0.008684517548098743,32.90264742060262,28.500608043036387,15.445422676313015
D-1,RESIN (a=6 r=3),SECOND,18.12.2024,Elliptic Cylinder,6,6.0,6.0,0.0,1061.4216849505126,0.5999999999999999,242,4.81,28.5,5.996191342817098,1.4684461307674925,358.3381280567986,0.6276702859556823,1.0461171432594707,0.043500446107840554,0.07250074351306761,0.022023518805462536,31.182751332809055,28.50657371531962,9.38793151437641
D-1,RESIN (a=9 r=4.5),THIRD,14.12.2024,Elliptic Cylinder,6,9.07,9.07,0.0,1148.0128131767472,0.907,228,4.53,28.5,6.490338889800293,2.848815947676713,586.3284236104448,0.46734014001910446,0.5152592502966973,0.13170192597702837,0.14520609258768288,0.01639789964979314,34.42994534698219,28.508097130822257,20.772513117886678
D-1,RESIN (a=6 r=3),THIRD,18.12.2024,Elliptic Cylinder,6,6.0,6.0,0.0,1061.4216849505126,0.5999999999999999,223,4.44,28.5,6.553911978227559,1.5596281961016745,391.66804650762293,1.0391276639730282,1.7318794399550475,0.06072224139353133,0.10120373565588557,0.036460619788527306,31.248888550623516,28.518468546090393,9.574216792603462
D-2,RESIN (a=6 r=3),FIRST,11.01.2025,Elliptic Cylinder,6,6.0,6.0,0.0,1112.3385923466628,0.5999999999999999,256,5.1,28.5,5.6986777560504365,2.2536583998827453,340.5584316364802,3.330872746873416,5.551454578122361,0.23430480200670456,0.3905080033445077,0.11687272796047073,33.400056960105815,28.687491023796074,16.42725023391101
D-2,RESIN (a=9 r=4.5),FIRST,18.12.2024,Elliptic Cylinder,6,9.07,9.07,0.0,1157.4337858522888,0.907,231,4.6,28.480506155950753,6.462667990746777,2.383842258485541,583.8286720724428,0.6760031612993335,0.7453177081580302,0.15568490859203737,0.1716481902889056,0.023735644219163167,33.074847220656,28.483870336993604,16.117812745762407
D-2,RESIN (a=9 r=4.5),SECOND,18.12.2024,Elliptic Cylinder,6,9.07,9.07,0.0,1157.4337858522888,0.907,230,4.57,28.47863568215892,6.478223750522339,3.226468545062555,585.2339583390201,0.22809254403709098,0.2514802029074873,0.1609091460441875,0.1774080992769432,0.00800925109554966,35.99659425885966,28.478664868924533,26.398461530893506
D-2,RESIN (a=9 r=4.5),THIRD,18.12.2024,Elliptic Cylinder,6,9.07,9.07,0.0,1157.4337858522888,0.907,236,4.69,28.5,6.338094915483957,2.412663426274389,572.5749091976045,1.1502886475319387,1.268234451523637,0.12300107089859731,0.13561308809106648,0.04036100517655925,32.88469129274233,28.521904499155614,15.296267448465361
D-3,RESIN (a=9 r=4.5),FIRST,09.01.2025,Elliptic Cylinder,6,9.07,9.07,0.0,1173.5840247246467,0.907,224,4.47,28.5,6.632628778586743,2.9357875180923014,599.182699420137,0.5034754697412984,0.5550997461315308,0.15299228261281433,0.16867947366352187,0.017665805955835032,33.995526103051944,28.512852950425923,19.22877785032073
D-3,RESIN (a=9 r=4.5),THIRD,09.01.2025,Elliptic Cylinder,6,9.07,9.07,0.0,1173.5840247246467,0.907,262,5.22,28.5,5.820248445390142,4.836000546015982,525.7933605546672,0.5196184152273761,0.5728979219706462,0.47600972636535566,0.5248177798956511,0.018232225095697406,42.113008838616295,28.54916590667713,47.51047010016791
D-4,RESIN (a=6 r=3),FIRST,11.01.2025,Elliptic Cylinder,6,6.0,6.0,0.0,1015.0031600490588,0.5999999999999999,292,5.83,28.5,5.101419328316574,2.3308932412370544,304.86569691134895,1.1947798698029295,1.9912997830048829,0.1751363525817781,0.29189392096963024,0.041922100694839634,34.366836186217185,28.527314401695335,20.469931737334573
D-4,RESIN (a=9 r=4.5),SECOND,09.01.2025,Elliptic Cylinder,6,9.07,9.07,0.0,1104.9455095171272,0.907,216,4.31,28.5,6.8596899130870215,2.730728961995735,619.6950947380407,1.3021653201760865,1.435683925221705,0.13950768422049975,0.15381222075027534,0.04569001123424865,32.744380417093645,28.513579149151216,14.83784706862509
D-4,RESIN (a=6 r=3),SECOND,11.01.2025,Elliptic Cylinder,6,6.0,6.0,0.0,1015.0031600490588,0.5999999999999999,272,5.41,28.5,5.417529453988679,2.436410017735487,323.7567402782078,1.333950343917106,2.2232505731951773,0.2246181311713599,0.37436355195226656,0.04680527522516162,34.80065240910749,28.525960553588607,21.996426180746155
D-5,RESIN (a=9 r=4.5),FIRST,11.01.2025,Elliptic Cylinder,6,9.07,9.07,0.0,1091.4869771234958,0.907,246,4.89,28.412307692307692,6.165328488363519,3.5166399765327885,556.9674241977801,0.30845720135815397,0.3400851172636758,0.15553416774530493,0.17148199310397455,0.010856464202014299,37.02769501776797,28.415980701210426,30.30588459046466
D-5,RESIN (a=6 r=3),SECOND,11.01.2025,Elliptic Cylinder,6,6.0,6.0,0.0,1061.4216849505126,0.5999999999999999,344,6.85,28.5,4.393267032449819,3.6204222259376606,262.54583859261857,0.16680578802028587,0.2780096467004765,0.29556086501043005,0.4926014416840502,0.0058528346673784514,41.03286757951456,28.506834898885508,43.94045401763899
D-6,RESIN (a=9 r=4.5),FIRST,11.01.2025,Elliptic Cylinder,6,9.07,9.07,0.0,1174.9298779640098,0.907,310,6.17,28.5,4.8449074891502155,3.7936217742367746,437.6823797469368,0.4564253974443264,0.5032253555064238,0.22155087856241942,0.24426778231799273,0.016014926226116718,40.07397564784928,28.5000246062461,40.61031946992291
D-6,RESIN (a=9 r=4.5),SECOND,11.01.2025,Elliptic Cylinder,6,9.07,9.07,0.0,1174.9298779640098,0.907,326,6.5,28.5,4.619480638776084,3.63228399068354,417.3176234432179,0.5945980225253262,0.6555656257170079,0.25403297130368147,0.2800804534770468,0.02086308850966057,40.20644385727449,28.519461408477383,40.97897320502401
D-6,RESIN (a=9 r=4.5),THIRD,11.01.2025,Elliptic Cylinder,6,9.07,9.07,0.0,1174.9298779640098,0.907,258,5.15,28.499999999999996,5.737630884751024,3.157184504811441,518.3298020387629,1.293679691777022,1.4263282158511819,0.1665829864868386,0.18366371167236892,0.045392269886913056,37.3926629733054,28.541761777407146,31.010353407491394
D-7,RESIN (a=9 r=4.5),FIRST,11.01.2025,Elliptic Cylinder,6,9.07,9.07,0.0,1146.666959937384,0.907,270,5.37,28.5,5.621660769552027,2.9419510232226114,507.8532189226781,1.0947797912424104,1.207033948448082,0.31083799130589823,0.3427100234905162,0.03841332600850563,37.284714162000526,28.584168072338375,30.43833938998522
D-7,RESIN (a=9 r=4.5),SECOND,11.01.2025,Elliptic Cylinder,6,9.07,9.07,0.0,1146.666959937384,0.907,266,5.29,28.5,5.59734051455781,2.2613697333800946,505.6561600302722,1.6595855322542348,1.8297525162670725,0.2230335523834845,0.24590248333349998,0.058231071307166135,33.07075582417224,28.60338885859929,15.618313576958856
D-7,RESIN (a=6 r=3),THIRD,11.01.2025,Elliptic Cylinder,6,6.0,6.0,0.0,1124.0886478996204,0.5999999999999999,284,5.66,28.5,5.345670600456632,2.6659780089431915,319.462386481472,0.5906955069054782,0.9844925115091306,0.13605122753267337,0.226752045887789,0.020726158137034323,34.46800161561947,28.50184647896465,20.932521480873348
D-8,RESIN (a=9 r=4.5),FIRST,11.01.2025,Elliptic Cylinder,6,9.07,9.07,0.0,1152.0503728948363,0.907,264,5.25,28.5,5.593929480270568,2.3914474167161153,505.3480118132874,0.8434608545672216,0.9299458153993623,0.22399926649309412,0.24696721774321292,0.02959511770411304,34.014701218665884,28.550218508059846,19.139898032876324
D-8,RESIN (a=9 r=4.5),THIRD,11.01.2025,Elliptic Cylinder,6,9.07,9.07,0.0,1152.0503728948363,0.907,267,5.32,28.5,5.4820021959525365,1.6730701464743003,495.23665256264445,0.8958824381146355,0.9877424896522994,0.0948248623904169,0.10454780858921378,0.03143447151279423,31.345060988337544,28.527910973908853,9.875065920547806
HC-1,ABS HC,FIRST,23.10.2024,Half Cylinder,1,5.266666666666667,5.216666666666666,0.0,1098.045142942569,0.524994697743264,311,6.2,28.5,4.733495471681432,1.3747027738052344,247.51593868769942,2.3583448114942835,4.492130723666042,0.08728813283777748,0.16626478936452732,0.08274894075418539,31.487541002973924,28.59609895020205,10.111316434479752
HC-1,PA 6,FIRST,25.01.2025,Half Cylinder,1,3.0,3.033333333333333,0.0,1156.642516829012,0.30110702110075777,224,4.47,28.5,6.464512615629297,0.9540779469207301,193.8755116096021,0.7023254196239257,2.332477725216877,0.062184395491738605,0.20651924775586747,0.024642997179786866,29.28280660844663,28.50603958497338,2.724920875654417
HC-1,PLA HC,SECOND,16.11.2024,Half Cylinder,1,4.77,5.109999999999999,0.0,1276.8754933311932,0.4880742392989026,176,3.5,28.5,8.323665531878223,1.7162290712432557,404.63811978585244,1.056792304869735,2.1652286061804267,0.056875326923682745,0.11653007338674887,0.03708043174981526,29.447126358653158,28.52142162387442,3.245647243627778
HC-1,PLA HC,THIRD,16.11.2024,Half Cylinder,1,4.77,5.109999999999999,0.0,1276.8754933311932,0.4880742392989026,180,3.59,28.5,8.307236221905335,2.0507188680692,403.8394421994757,0.9035859515618314,1.8513289143467053,0.1391427909814434,0.2850853000996651,0.031704770230239696,29.97762351779963,28.526218418468332,5.087968822364599
HC-1,ABS HC,THIRD,23.10.2024,Half Cylinder,1,5.266666666666667,5.216666666666666,0.0,1098.045142942569,0.524994697743264,309,6.16,28.5,4.765715872195297,1.4376953847495504,249.20075337185713,0.7660587884154443,1.4591743339664487,0.07819981842561333,0.14895353945813575,0.02687925573387524,31.967612756380866,28.511585409756623,12.121484291229892
HC-11,PLA HC,FIRST,23.11.2024,Half Cylinder,1,4.83,3.856666666666667,0.0,1248.1373839778155,0.4480936490422153,152,3.02,28.45218120805369,9.621796182834322,2.5794435754998077,429.42886074767824,1.0729729067417781,2.394528262195237,0.22954751555193223,0.5122757620925494,0.03771144640531327,29.853164500926347,28.49556395524305,4.76425224577282
HC-12,HC,FIRST,10.11.23,Half Cylinder,1,3.6533333333333338,1.846666666666667,0.0,1153.6296910982069,0.2910196872276336,186,3.69,28.5,8.04394274038294,2.5844222929834673,233.16192234892802,1.3475883928251824,4.6305746723282954,0.195221316563733,0.6708182474645855,0.04728380325702394,31.241417705033882,28.53857165884454,9.470852565782458
HC-12,PLA HC,FIRST,23.11.2024,Half Cylinder,1,4.89,5.126666666666666,0.0,1233.7973557756006,0.4967649351873663,160,3.19,28.5,9.28650408583756,2.654179855862098,459.4830279201502,3.076874459564044,6.193823761742624,0.09933136546351967,0.19995647524126187,0.10796050735312435,30.16661736242049,28.684702499603187,5.166220088347794
HC-12,HC,SECOND,10.11.23,Half Cylinder,1,3.6533333333333338,1.846666666666667,0.0,1153.6296910982069,0.2910196872276336,226,4.5,28.5,6.412797442728669,1.3915971629348418,185.88150458536512,0.6077529390219456,2.0883567871700905,0.08570964494413368,0.29451493732481465,0.02132466452708581,29.803480847345234,28.505405805211517,4.553785520556934
HC-15,HC,SECOND,2.12.23,Half Cylinder,1,3.763333333333333,1.8733333333333333,0.0,1111.9996023887884,0.2982543673320379,174,3.46,28.5,8.44561380545746,2.305386565132248,250.89055799576096,2.2064151409230854,7.397763059297461,0.1459329674067443,0.48929029509995864,0.07741807512010826,30.325719114446642,28.58773622021683,6.079470164555165
HC-15,HC,THIRD,2.12.23,Half Cylinder,1,3.763333333333333,1.8733333333333333,0.0,1111.9996023887884,0.2982543673320379,206,4.09,28.5,7.11889400523872,2.121405436389232,211.47820992393542,1.697812479019049,5.692498300046429,0.11969651821537275,0.40132360604167816,0.05957236768487891,30.57218608695188,28.53953048392306,7.122246121651725
HC-2,ABS HC,FIRST,23.10.2024,Half Cylinder,1,2.8366666666666664,3.2133333333333334,0.0,1260.5331733890926,0.2957041797665529,424,8.47,28.5,7.913412005612968,4.01285649745897,233.07061815483814,1.0686400851921714,3.6138822455462813,0.11286425526446453,0.3816796074832846,0.037496143340076185,32.58639630442131,28.515250797923777,14.277081184900375
HC-2,ABS HC,SECOND,23.10.2024,Half Cylinder,1,2.8366666666666664,3.2133333333333334,0.0,1260.5331733890926,0.2957041797665529,279,5.56,28.5,5.9663300251655,1.9799986235987435,175.72397672391645,2.220539949411202,7.509328921776599,0.25966181714731057,0.8781134488944445,0.07791368243548077,32.9475020473349,28.649877812597868,15.000497603683636
HC-2,ABS HC,THIRD,23.10.2024,Half Cylinder,1,2.8366666666666664,3.2133333333333334,0.0,1260.5331733890926,0.2957041797665529,374,7.45,28.5,4.236400493022566,0.9745084011321101,124.77304113066315,0.931043929834984,3.148565335025049,0.06350857371564392,0.21477063248068223,0.032668208064385404,31.39786637614177,28.513260751712647,10.116716041520647
HC-2,PA 6,THIRD,25.01.2025,Half Cylinder,1,7.833333333333333,2.9,0.0,1109.0085027785335,0.5624670305321817,180,3.59,28.5,8.24046864890214,3.344300383518464,461.6525827830206,0.43711548991264526,0.7771397543053602,0.6397173723301999,1.1373419909162092,0.01533738561097001,31.991832469894426,28.513136221479147,12.200328372838735
HC-21,HC,FIRST,2.12.23,Half Cylinder,1,3.693333333333334,1.8033333333333328,0.0,1128.311395460916,0.29082897583255696,210,4.19,28.5,6.963105561371731,2.475658960664057,201.70048396690459,0.7872776133372584,2.70701229505594,0.1358251014588845,0.467027403545529,0.02762377590657047,32.51766167126769,28.51344260735863,14.043267658166489
HC-21,HC,SECOND,2.12.23,Half Cylinder,1,3.693333333333334,1.8033333333333328,0.0,1128.311395460916,0.29082897583255696,200,3.97,28.5,7.472626308873281,2.6681362624509495,216.4597864730116,0.9904083684593263,3.405466617018065,0.1413723312691808,0.4861012588737894,0.03475117082313426,31.835891580982366,28.515647524548637,11.643586397872914
HC-24,HC,FIRST,9.12.23,Half Cylinder,1,3.713333333333333,1.8033333333333328,0.0,1138.1724235527815,0.2918779546215186,114,2.26,28.5,14.260163346096832,2.7260884178230045,414.56447311030814,3.379064614570827,11.576977846622565,0.29966668903467275,1.026684901308336,0.1185636706866957,29.54956140903502,28.712405812896872,2.9156581360455727
HC-3,ABS HC,FIRST,30.10.2024,Half Cylinder,1,5.23,5.19,0.0,1117.5036553480402,0.5216632529567782,274,5.45,28.5,5.490315331123832,1.0656051919029716,285.2685015331204,0.923094911058333,1.7695225911088182,0.10015190633433389,0.19198574131237853,0.032389295124853786,30.116332541566635,28.520336945711378,5.595991375884666
HC-3,PA 6,SECOND,25.01.2025,Half Cylinder,1,7.8,4.133333333333334,0.0,1153.3847437912375,0.631194508731851,162,3.22,28.367029548989116,9.446986368872569,4.51387691025295,593.9129402487065,1.393035847983463,2.206983471358531,0.32531114369173325,0.5153896923870966,0.04910756854459247,34.41477555467479,28.388200902780408,21.229153170126132
HC-4,PLA HC,FIRST,20.11.2024,Half Cylinder,1,2.806666666666666,2.533333333333333,0.0,1186.2300390594169,0.27124266560736093,216,4.3,28.5,6.8453113063748745,1.728704103179612,184.9343113200525,0.6669134530511278,2.458733590299259,0.09590187846316005,0.35356487243044366,0.023400472036881677,30.08399653420095,28.509677423808053,5.522051642289726
HC-4,PA 6,FIRST,25.01.2025,Half Cylinder,1,7.833333333333333,7.900000000000001,0.0,1165.6317870526975,0.7855492810179506,142,2.81,28.457207207207205,10.837071065631651,3.7976845122890572,847.9136836600976,0.8226705664988732,1.0472551963039405,0.24159004877470913,0.3075428297275579,0.02890904088053025,33.03350881959243,28.489277404349153,15.950672776802529
HC-4,PLA HC,SECOND,20.11.2024,Half Cylinder,1,2.806666666666666,2.533333333333333,0.0,1186.2300390594169,0.27124266560736093,198,3.95,28.5,7.274240944303521,1.513392965850776,196.52236095648342,1.1217346572285438,4.135539129571592,0.10066166957561737,0.3711129639218736,0.03935911077994891,29.62890106439397,28.515920060839672,3.903016284165875
HC-4,PA 6,SECOND,25.01.2025,Half Cylinder,1,7.833333333333333,7.900000000000001,0.0,1165.6317870526975,0.7855492810179506,162,3.23,28.45490506329114,9.241974265708102,4.129567925373419,723.1101832284264,2.9576801099778876,3.765110835752011,0.2631908838377475,0.3350405763171125,0.10394271579536936,33.47312112410864,28.70563581491915,16.608185723277675
HC-4,HC,THIRD,06.11.23,Half Cylinder,1,4.766666666666667,2.273333333333333,0.0,1161.4483538349298,0.372418198656758,198,3.95,28.5,7.473707473950911,3.301000194240518,277.2255652127836,0.5013876237692054,1.3463026929876567,0.09229499798663132,0.2478262295438889,0.01759254820242826,32.87299111209779,28.504914545708996,15.323941979844836
HC-4,PLA HC,THIRD,20.11.2024,Half Cylinder,1,2.806666666666666,2.533333333333333,0.0,1186.2300390594169,0.27124266560736093,205,4.08,28.5,7.072838134839453,1.415625230324465,191.08122202223586,0.9435106284077143,3.4784742521794088,0.07614197290599779,0.2807153245434389,0.0331056360844812,29.548689077717043,28.51516778454196,3.6244615531785693
HC-4,PA 6,THIRD,25.01.2025,Half Cylinder,1,7.833333333333333,7.900000000000001,0.0,1165.6317870526975,0.7855492810179506,125,2.48,28.365276141604934,12.196742424349456,3.776845098386998,954.2970360765787,4.85387316163287,6.178954368519056,0.15660067786928691,0.1993518187253085,0.1711202505979987,31.110237507072075,28.93892008768928,7.503104513932714
HC-41,HC,SECOND,10.02.2024,Half Cylinder,1,3.713333333333333,1.8133333333333328,0.0,1152.6605978153025,0.2924164760539915,222,4.43,28.5,6.535265960738655,1.7589768275293536,190.3405819038646,1.3553237885694747,4.634909109291191,0.44886625672556824,1.5350238221278953,0.047555220651560516,30.328546079041637,28.51079520445363,6.375658278040801
HC-41,HC,THIRD,10.02.2024,Half Cylinder,1,3.713333333333333,1.8133333333333328,0.0,1152.6605978153025,0.2924164760539915,132,2.61,28.5,11.064326128199893,1.486850739700463,322.2501251315056,0.9585119169331564,3.2778998292701456,0.021673395006275433,0.07411824155309797,0.033631997085373906,29.102030068073223,28.51417737824964,2.061615462461105
HC-42,HC,SECOND,10.02.2024,Half Cylinder,1,4.736666666666667,2.3833333333333333,0.0,1135.8782099378006,0.3767415132196431,182,3.62,28.5,8.119950936685505,2.737278074465807,304.693486370135,1.0859219869837198,2.88240597035193,0.33269548999501236,0.883086886687341,0.03810252585907789,31.245781749512556,28.508476711809386,9.601723253663936
HC-42,HC,THIRD,10.02.2024,Half Cylinder,1,4.736666666666667,2.3833333333333333,0.0,1135.8782099378006,0.3767415132196431,204,4.07,28.5,7.170686456773188,2.1507111800519745,269.07323371995335,1.3767771122869155,3.654434310997323,0.10653338014547976,0.28277579297020555,0.04830796885217247,31.447693688544838,28.56184515678794,10.103858892572475
HC-44,HC,SECOND,10.02.2024,Half Cylinder,1,3.6366666666666654,1.7933333333333332,0.0,1136.002890262925,0.28731348118576294,180,3.58,28.5,8.209044468864313,1.658429395177962,234.91724537431656,1.9261755551695043,6.704090414484007,0.1982388918650256,0.6899742088219452,0.06758510719892998,29.77959725791539,28.558430386048435,4.276029373321332
HC-44,HC,THIRD,10.02.2024,Half Cylinder,1,3.6366666666666654,1.7933333333333332,0.0,1136.002890262925,0.28731348118576294,198,3.95,28.5,7.36661084809715,1.943759627083826,210.80942303860536,0.1485365674066594,0.516984329428743,0.10042862202666575,0.34954371654330235,0.005211809382689804,30.503601998101406,28.500506800653998,7.028279221341577
HC-46,HC,THIRD,10.02.2024,Half Cylinder,1,4.756666666666667,2.8666666666666667,0.0,1055.298996996876,0.4017854552444778,228,4.55,28.5,6.524939776734623,2.935712137278094,261.1181173942352,0.22270441151922915,0.5542868926992848,0.1706781975631079,0.4247993433690971,0.00781418987786769,33.57467732678115,28.50770582682731,17.77404162486321
HC-47,HC,SECOND,10.02.2024,Half Cylinder,1,3.6833333333333336,1.8266666666666669,0.0,1165.1849226897173,0.29155049523141957,214,4.26,28.5,6.78554969760756,1.8155863870437932,197.04485804331605,2.5900818862813457,8.883819196484149,0.1038860713038914,0.3563227399817357,0.09088006618531037,30.180332012642822,28.60321467971094,5.513776512856696
HC-6,PLA HC,FIRST,20.11.2024,Half Cylinder,1,4.723333333333334,3.7433333333333336,0.0,1192.252481427715,0.43710445298004963,188,3.74,28.5,7.767983692504338,2.362314749276396,338.1892691902445,1.2729246493339292,2.9121749747812067,0.16026175837005205,0.36664407620978123,0.04466402278364664,30.187469975097294,28.528180878898265,5.816315815027561
HC-6,ABS HC,FIRST,23.10.2024,Half Cylinder,1,5.25,5.22,0.0,1113.267611371968,0.5239980891680994,284,5.66,28.5,5.2607191181840465,1.7018918238959582,274.5624268504511,0.46527760614302094,0.887937600844493,0.09806431838953497,0.18714632823417754,0.016325530040105996,33.35776267466645,28.502392202119562,17.03495776114478
HC-6,HC,SECOND,10.11.23,Half Cylinder,1,4.796666666666667,2.3166666666666664,0.0,1127.2059157926574,0.3763404294023915,198,3.95,28.5,7.535575359017512,3.33492748577965,282.46430940306084,1.3408654496479424,3.562905669680946,0.22202758766348685,0.5899647508402295,0.04704791051396289,32.65256484751918,28.53576312251596,14.426814896549534
HC-6,HC,THIRD,10.11.23,Half Cylinder,1,4.796666666666667,2.3166666666666664,0.0,1127.2059157926574,0.3763404294023915,202,4.02,28.5,7.512408223959496,3.823203464920547,281.59591004491773,0.38136262238115026,1.01334481386104,0.10699405472125914,0.2843012505756025,0.013381144644952641,34.44587664861861,28.504770539249616,20.84249757839093
HC-6,ABS HC,THIRD,23.10.2024,Half Cylinder,1,5.25,5.22,0.0,1113.267611371968,0.5239980891680994,307,6.12,28.5,4.98909202425412,2.048296669937884,260.3859250391398,1.7860020769967389,3.4084133395070197,0.12541285337274993,0.23933837921404574,0.06266673954374523,33.12421355400835,28.543745992585727,16.047184425661595
HC-8,ABS HC,FIRST,23.10.2024,Half Cylinder,1,5.163333333333333,5.38,0.0,1104.2417224680005,0.5234568257213936,310,6.19,28.5,4.960476506279218,1.2660731665879505,258.62502849028573,2.3772898549637613,4.54152040464376,0.12410712333420612,0.23709142232154462,0.08341367912153548,31.508946870369194,28.60473271009667,10.15291486799112
HC-8,ABS HC,SECOND,23.10.2024,Half Cylinder,1,5.163333333333333,5.38,0.0,1104.2417224680005,0.5234568257213936,328,6.55,28.5,4.4914400443849045,1.6282482707884878,234.1708116087328,1.1732458932942127,2.2413422380677197,0.24696965145031136,0.4718051982796367,0.04116652257172676,32.403013808963195,28.590319607483,13.335612381479958
HC-9,ABS HC,FIRST,30.10.2024,Half Cylinder,1,5.256666666666667,5.333333333333333,0.0,1100.6620331881986,0.5282098979551609,264,5.26,28.5,5.873251444173752,1.3760911602127948,308.9949747004003,1.626895987192841,3.080017988097122,0.09032964293244237,0.17101088654743524,0.0570840697260646,30.79478890959238,28.54674473670341,7.874958050816186
HC-9,ABS HC,SECOND,30.10.2024,Half Cylinder,1,5.256666666666667,5.333333333333333,0.0,1100.6620331881986,0.5282098979551609,336,6.71,28.5,4.370177803760766,1.003084615833244,229.91744738748844,0.9158088161939587,1.7337971509797427,0.09881487582285725,0.18707501734707274,0.03213364267347223,30.724408227370578,28.512300899844234,7.758431475933351
WSP-12,WSP,FIRST,2.12.23,Wedge Shape Prism,3,3.4433333333333334,3.5066666666666664,2.856666666666667,1235.021809151558,0.32552002212781306,232,4.62,28.5,6.583108082960202,2.8451099937636672,213.43959052141335,0.8405571459423756,2.5821979872326777,0.22451553976893576,0.6897134569522159,0.029493233190960547,33.08218876581755,28.508206158158007,16.04444201884879
WSP-12,WSP,SECOND,2.12.23,Wedge Shape Prism,3,3.4433333333333334,3.5066666666666664,2.856666666666667,1235.021809151558,0.32552002212781306,254,5.05,28.5,6.224635216084747,2.5723359659324854,201.8170710435728,0.3160256466478083,0.970833205841093,0.13965114156246225,0.4290093759812699,0.011088619180624853,32.61119398478239,28.501123628242148,14.42073095134929
WSP-12,WSP,THIRD,2.12.23,Wedge Shape Prism,3,3.4433333333333334,3.5066666666666664,2.856666666666667,1235.021809151558,0.32552002212781306,173,3.44,28.5,8.477711516617964,2.1637486208140415,274.86701598433217,0.9216443369123666,2.831298458656683,0.16448441553022836,0.5052973837217446,0.032338397786398826,31.027104836022605,28.513268514773827,8.81637375226296
WSP-2,WSP,SECOND,01.11.23,Wedge Shape Prism,3,3.49,3.516666666666666,2.3466666666666662,1236.073628322845,0.30652743101640595,232,4.63,28.5,6.413169331270736,1.2599796874427918,195.79803981948413,0.7325924414932721,2.3899735141618117,0.12471788796341096,0.4068734975850687,0.025704997947132352,29.77628088492584,28.552526347159,4.2859763892262555
WSP-2,WSP,THIRD,01.11.23,Wedge Shape Prism,3,3.49,3.516666666666666,2.3466666666666662,1236.073628322845,0.30652743101640595,232,4.62,28.5,6.478993931842532,0.9945982914912893,197.80770572694965,0.7857544305830693,2.563406570099151,0.112799167026729,0.367990449183296,0.027570330897651554,29.47259339549113,28.511387978097623,3.3713034880374937
WSP-20,WSP,FIRST,9.12.23,Wedge Shape Prism,3,3.4166666666666665,3.456666666666667,2.3633333333333333,1253.962386789141,0.3033390793099043,175,3.48,28.5,8.634508756747941,2.8591502176223216,260.87489408020184,3.4573438782302737,11.397621058571561,0.3063767275297806,1.0100140352070264,0.1213103115168517,30.69912766557065,28.690930991579428,6.999412722370746
WSP-21,WSP,THIRD,2.12.23,Wedge Shape Prism,3,4.343333333333333,1.6133333333333333,2.85,1241.8304580952322,0.27130890129819185,194,3.86,28.5,7.569931097301135,3.2265879301368945,204.56072598722974,7.479785056115162,27.569257847143888,1.1592900595642712,4.272952542349916,0.26244859846018115,31.96159359566539,28.99216530552657,10.242174942251662
WSP-26,WSP,FIRST,9.12.23,Wedge Shape Prism,3,2.4466666666666668,2.47,2.856666666666667,1285.9255449109496,0.258450340428661,237,4.72,28.5,6.330129095512807,3.2850137655152554,162.95059957098175,2.2433881662062474,8.680151716903932,0.28178563534256845,1.0902892790746723,0.07871537425285079,33.412470902157466,28.715477974899212,16.35700764362687
WSP-30,WSP,THIRD,2.12.23,Wedge Shape Prism,3,2.4633333333333334,2.4633333333333334,2.3666666666666667,1281.2562104368624,0.24306801840614764,236,4.69,28.5,3.5903632784596664,5.489438510082984,86.9225585112939,1.6282870410587713,6.698894621085161,0.07762001859876978,0.3193345595514454,0.057132878633641096,31.078731491580577,28.53001377521083,8.933461218950683
WSP-4,WSP,THIRD,06.11.23,Wedge Shape Prism,3,3.5500000000000003,3.48,2.83,1235.6500131173404,0.3269876455413382,174,3.46,28.5,8.410170002249377,2.0393390101744826,273.9065425934178,2.990298971518137,9.144990681735404,0.15105902400699384,0.4619716557086153,0.10492277093046096,30.52483838522325,28.689598388264866,6.396882842769484
WSP-42,WSP,SECOND,10.02.2024,Wedge Shape Prism,3,2.466666666666667,2.3866666666666663,2.856666666666667,1308.146725542255,0.2562048027159358,243,4.84,28.5,6.029914252736548,1.8220337060180138,153.8738039358941,1.256446172538756,4.904069553808585,0.07870154248525794,0.3071821513530228,0.04408583061539494,30.791166511634664,28.52618649993084,7.94000281709339
WSP-42,WSP,THIRD,10.02.2024,Wedge Shape Prism,3,2.466666666666667,2.3866666666666663,2.856666666666667,1308.146725542255,0.2562048027159358,183,3.64,28.5,8.317424430611355,1.7343678487799414,212.24741885951067,1.4776532589954685,5.767469006558007,0.07450205597697096,0.2907910202587977,0.05184748277177083,29.90449689360812,28.535809218571632,4.796386408925525
WSP-44,WSP,SECOND,10.02.2024,Wedge Shape Prism,3,1.663333333333333,2.436666666666667,2.3633333333333333,1294.5728028071906,0.2123734054982241,286,5.71,28.5,5.175433398073857,1.3042777299376476,109.47454339424215,4.564924058842303,21.494800858577726,0.1517159253465558,0.7143828813717662,0.16017277399446678,30.252932259684332,28.835353505397524,4.916113665890933
WSP-44,WSP,THIRD,10.02.2024,Wedge Shape Prism,3,1.663333333333333,2.436666666666667,2.3633333333333333,1294.5728028071906,0.2123734054982241,282,5.62,28.5,5.218849264126111,1.371625192137877,110.39290747055406,4.495491748898986,21.167865808586743,0.1915759509364671,0.9020712856538391,0.15773655259294686,30.46915115112369,28.815061627503834,5.740364344878012
WSP-46,WSP,FIRST,10.02.2024,Wedge Shape Prism,3,4.263333333333333,1.6466666666666665,2.8366666666666664,1215.218187403986,0.2710531319300793,139,2.76,28.5,11.438176579022569,2.7075993189979477,308.8001578997358,4.167732453304918,15.376071929617193,0.13874429556682502,0.511871213510329,0.14623622643175152,29.916815870283617,28.841512125557788,3.7283195833999057
WSP-46,WSP,SECOND,10.02.2024,Wedge Shape Prism,3,4.263333333333333,1.6466666666666665,2.8366666666666664,1215.218187403986,0.2710531319300793,286,5.7,28.5,5.743508616257883,0.7640383532825861,155.05936242072661,0.3814331671169298,1.4072265625594176,0.24167662033957282,0.8916208369136852,0.013383619898839643,29.360344860576625,28.500873105705644,3.0155979842558636
WSP-47,WSP,FIRST,10.02.2024,Wedge Shape Prism,3,1.5,1.4633333333333332,2.85,1278.8429029414183,0.18425804610071234,255,5.08,28.5,5.694668095861256,1.734960666461704,104.51079845970708,3.028716210948784,16.437362031361925,0.23692184290682655,1.2858154524081358,0.10627074424381698,31.254281885945154,28.83876992189587,8.37591884324894
WSP-48,WSP,FIRST,10.02.2024,Wedge Shape Prism,3,1.653333333333333,4.09,2.83,1243.6746775573088,0.26747922432566595,276,5.5,28.5,5.306584002222972,2.461522362652633,141.37459887784746,1.5584671684190328,5.82649801063256,0.7954210363528565,2.973767545341771,0.054683058541018695,32.24746708213447,28.595939821153227,12.769390633141931
WSP-49,WSP,FIRST,10.02.2024,Wedge Shape Prism,3,2.4966666666666666,2.4933333333333336,2.853333333333333,1216.072743369654,0.26091425380867056,270,5.38,28.5,5.4308011970283765,1.4383848686624952,141.13281293883404,1.4564635356497564,5.582153962036075,0.08196288948544356,0.3141372626792067,0.051103983707009,30.496528585690008,28.530794013835493,6.889869839939497
WSP-49,WSP,SECOND,10.02.2024,Wedge Shape Prism,3,2.4966666666666666,2.4933333333333336,2.853333333333333,1216.072743369654,0.26091425380867056,282,5.61,28.5,5.211556098058221,1.3633158152363734,135.43518630546689,1.8043837670571197,6.915619751384995,0.050867414473140735,0.19495835789194563,0.06331171112481121,30.663009530674923,28.555511579352917,7.380354386106794
WSP-49,WSP,THIRD,10.02.2024,Wedge Shape Prism,3,2.4966666666666666,2.4933333333333336,2.853333333333333,1216.072743369654,0.26091425380867056,222,4.43,28.5,6.6618960732889185,2.445501085854897,173.12586084791738,0.41827822043665297,1.6031252196109531,0.09807085977081481,0.37587390623254546,0.014676428787250981,32.34487964779136,28.50054974200709,13.488616677867416
WSP-50,WSP,FIRST,10.02.2024,Wedge Shape Prism,3,4.06,1.6233333333333333,2.3466666666666662,1254.333782486841,0.24915047233269796,266,5.29,28.5,5.531298464478871,2.7154865803167807,137.26350846992406,7.9774667289611605,32.01866989964448,1.388275806712347,5.57203762736015,0.27991111329688284,32.61793218104491,29.094721762224715,12.109448743361314
WSP-6,WSP,FIRST,10.11.23,Wedge Shape Prism,3,3.62,3.4599999999999995,2.85,1182.1845902798934,0.3292631862087384,198,3.93,28.5,7.33837166634605,1.5456586852607728,240.66291199651684,0.8716449449644879,2.6472590361556643,0.10558899102484273,0.32068264976912403,0.030584033156648698,30.805569723506444,28.511408089471015,8.04646907243645
WSP-6,WSP,THIRD,10.11.23,Wedge Shape Prism,3,3.62,3.4599999999999995,2.85,1182.1845902798934,0.3292631862087384,195,3.88,28.5,7.41912463635993,1.3253073745528652,243.31121679757155,0.9420618194463488,2.8611210086788232,0.10187744395810606,0.30941036904599545,0.03305480068232803,30.13955225011055,28.51961193141198,5.680092431111735
WSP-9,WSP,THIRD,2.12.23,Wedge Shape Prism,3,3.4333333333333336,3.51,2.3633333333333333,1242.9341184994198,0.3053861632026055,186,3.69,28.5,7.915458870651106,1.0993019963238693,240.76410502949898,1.367223243961443,4.477030752222955,0.1631980440994786,0.5343989471821827,0.04797274540215589,29.290428176066396,28.524858836120686,2.6838672343446577
