category,code,shape_enc,shape_name,a,b,c,density,velocity_mean,velocity_std,measurement_count,volume,surface_area,aspect_ratio,vol_surf_ratio,a1,b1,c1,volume_orig,volume_trans,psi,L_char,w,s,L_m,R_star,c1_m,CD_star,psi_CD_star
ABS C,C-1,0,Cylinder,5.44,5.293333333333333,0.0,1175.7719647634667,4.62,1.3010764773832468,2,123.0316714408338,136.9499824713682,1.0275136938865457,0.898369384359401,7.693321779309638,7.693321779309638,5.293333333333333,123.0316714408338,313.29757866666677,3.7010484331697677,10.880000000000003,0.0462,1.1781282212058786,0.010880000000000003,501.6506880000001,0.005293333333333333,8.667164239323084,32.07759462797174
ABS C,C-10,0,Cylinder,3.3433333333333333,3.16,0.0,1193.9853891589855,2.8825000000000003,0.6323698812140462,4,27.7419075804191,50.74888630036156,1.0576821680902668,0.5466505691617798,4.728187343534048,4.728187343534048,3.16,27.7419075804191,70.64418755555555,3.810199430825221,6.6866666666666665,0.028825000000000003,1.1963781454498852,0.006686666666666666,192.35768033333332,0.00316,14.65347433679359,55.83265957766292
ABS C,C-11,0,Cylinder,5.489999999999999,3.27,0.0,1100.001055228801,3.61,0.0,1,77.40737193369245,103.74277216427087,1.6783858147355548,0.7461471321695762,7.764032457428291,7.764032457428291,3.27,77.40737193369245,197.11625399999997,6.046160948871575,10.979999999999999,0.0361,1.1022054661611234,0.010979999999999998,395.58524399999993,0.00327,5.031604250033116,30.42188912672647
ABS C,C-12,0,Cylinder,3.3866666666666667,3.293333333333333,0.0,1093.4213870778954,3.06,0.5028584956691758,4,29.666784553974978,53.05577523918507,1.028027926742892,0.5591622103386809,4.789469931236883,4.789469931236883,3.293333333333333,29.666784553974978,75.54584651851854,3.7033254138284226,6.773333333333334,0.030600000000000002,1.0956126123025003,0.006773333333333334,206.84947200000002,0.003293333333333333,6.597919674535985,24.434243609107668
ABS C,C-13,0,Cylinder,5.493333333333333,3.28,0.0,1113.5798390396526,2.96,0.0,1,77.73840582765787,104.00710227948544,1.6742862948288124,0.7474336283185841,7.768746502636202,7.768746502636202,3.28,77.73840582765787,197.95922488888888,6.031387353767932,10.986666666666666,0.0296,1.1158114619635797,0.010986666666666667,324.5549226666667,0.00328,8.506305353610555,51.30482253705516
ABS C,C-14,0,Cylinder,5.396666666666667,3.2533333333333334,0.0,1131.052140242979,3.8,0.0,1,74.41656720445049,100.90532058613366,1.6583017515108065,0.7374890320171755,7.632039191606805,7.632039191606805,3.2533333333333334,74.41656720445049,189.50023229629642,5.973820146960475,10.793333333333337,0.038,1.1333187777985763,0.010793333333333337,409.3263733333335,0.0032533333333333333,5.893207004428146,35.20495873326145
ABS C,C-15,0,Cylinder,5.426666666666667,3.313333333333334,0.0,1123.476821663564,3.235,0.2973774257292125,4,76.63396613120723,102.74488016444316,1.6373327969425724,0.7458665191740413,7.674465598477997,7.674465598477997,3.313333333333334,76.63396613120723,195.14679229629635,5.898249346896453,10.853333333333333,0.03235,1.125728278220004,0.010853333333333333,350.4031226666666,0.003313333333333334,7.809954988272813,46.06506190887082
ABS C,C-16,0,Cylinder,5.460000000000001,3.266666666666666,0.0,1119.9705245307755,3.9033333333333338,1.1412741417672911,6,76.48565456726861,102.8613983453063,1.670917066204224,0.743579766536965,7.721606050557101,7.721606050557101,3.266666666666666,76.48565456726861,194.76912000000007,6.019257656593228,10.920000000000003,0.03903333333333334,1.122214954439655,0.010920000000000003,425.3915120000001,0.003266666666666666,5.141109968234412,30.945665539682754
ABS C,C-17,0,Cylinder,5.433333333333334,5.316666666666667,0.0,1131.5340601175835,3.856666666666667,0.3955165398985651,3,123.27131061583096,137.12353801218651,1.0217513947219956,0.8989799446749654,7.683893688893817,7.683893688893817,5.316666666666667,123.27131061583096,313.9078148148149,3.680289894259769,10.866666666666667,0.038566666666666666,1.1338016634444725,0.010866666666666667,418.2529288888889,0.0053166666666666675,9.383735114279352,34.53486551149284
ABS C,C-2,0,Cylinder,5.489999999999999,5.286666666666666,0.0,1118.5102892141804,4.613333333333333,0.3008875759039133,3,125.14586328933356,138.52491522849027,1.0382651453066885,0.9034177215189872,7.764032457428291,7.764032457428291,5.286666666666666,125.14586328933355,318.6813239999999,3.739775467114133,10.979999999999999,0.04613333333333333,1.1207517927997799,0.010979999999999998,505.5309119999999,0.005286666666666666,5.884978058161263,22.00849656641646
ABS C,C-3,0,Cylinder,5.446666666666666,5.233333333333334,0.0,1140.522851236535,4.516,0.3385705244110894,5,121.93541873483838,136.14817821300198,1.040565497038782,0.8956081552855747,7.702749869725458,7.702749869725458,5.233333333333334,121.93541873483838,310.5059940740741,3.748068434651493,10.893333333333334,0.04516,1.1428084681728807,0.010893333333333335,490.9590474666667,0.005233333333333335,7.1899106763468374,26.94827725397935
ABS C,C-4,0,Cylinder,5.396666666666666,5.239999999999999,0.0,1165.029569507883,3.66,0.1555634918610404,2,119.8594709481517,134.58752224916114,1.0297017108694269,0.8905689691370982,7.632039191606802,7.632039191606802,5.239999999999999,119.8594709481517,305.21963644444435,3.7089366815734235,10.793333333333333,0.0366,1.1673642981040913,0.010793333333333334,394.245928,0.005239999999999999,12.844906275884538,47.64094405800084
ABS C,C-5,0,Cylinder,5.406666666666666,5.276666666666666,0.0,1146.3828340883151,4.425,0.7284000732198391,4,121.14590310702488,135.54464335766232,1.024442619844628,0.8937712336396547,7.646181327230534,7.646181327230534,5.276666666666666,121.14590310702488,308.49550903703704,3.6899887929420756,10.813333333333333,0.04425,1.1486801944772698,0.010813333333333333,477.5330199999999,0.0052766666666666665,7.861134621536177,29.007498653277437
ABS C,C-6,0,Cylinder,5.539999999999999,5.37,0.0,1122.6643940626736,4.098000000000001,0.5895506763629397,5,129.44452807918535,141.67200566922386,1.0314652764848258,0.913691646191646,7.834743135546946,7.834743135546946,5.37,129.44452807918535,329.62778399999996,3.7152718000077227,11.079999999999998,0.04098000000000001,1.124914222507689,0.011079999999999998,453.1502832,0.00537,7.836845226835522,29.11601007228714
ABS C,C-7,0,Cylinder,5.443333333333334,5.36,0.0,1164.0331017352394,3.4799999999999995,0.0,1,124.73390851359645,138.20244819589186,1.0153578312503886,0.902544854609198,7.698035824517549,7.698035824517549,5.36,124.73390851359645,317.63228977777794,3.657255085284962,10.88666666666667,0.0348,1.1663658334020435,0.01088666666666667,378.098288,0.00536,14.446726294115622,52.835363204874334
ABS C,C-8,0,Cylinder,5.296666666666667,5.336666666666666,0.0,1184.934350049543,4.45,0.4649014232429637,4,117.58860644866522,132.87015317178378,0.992318741022919,0.8849888680164196,7.490617835369494,7.490617835369494,5.336666666666666,117.58860644866522,299.43692748148146,3.574272645530648,10.593333333333334,0.044500000000000005,1.187308967985514,0.010593333333333333,470.4605266666666,0.005336666666666666,9.903931532135049,35.399351558518745
ABS C,C-9,0,Cylinder,5.333333333333333,3.266666666666667,0.0,1182.952505698218,3.256,0.3214498405661447,5,72.97803379005624,99.413954193597,1.6321534224217074,0.7340823970037454,7.542472332656507,7.542472332656507,3.266666666666667,72.97803379005624,185.83703703703705,5.879616758577018,10.666666666666666,0.03256,1.1853231520022223,0.010666666666666666,346.61205333333334,0.003266666666666667,11.203783544315117,65.87395348662457
ABS CUBE,CUBE-1,2,Cube,5.2,5.113333333333333,5.13,1035.8988434882212,3.778,0.571987762106848,5,136.40328,158.99346666666668,1.016750309587434,0.8579121202121498,7.353910524340095,7.353910524340095,5.2,136.40328,281.21600000000007,2.9156152341520856,10.4,0.03778,1.03797479307437,0.0104,392.12617599999993,0.0052,2.714400055810222,7.914146154303555
ABS CUBE,CUBE-10,2,Cube,3.016666666666667,2.986666666666667,3.1966666666666668,1006.9005220348412,3.942,0.6856894340734728,5,28.8012562962963,56.40086666666668,1.0097065714604487,0.5106436718931814,4.2662109131588375,4.2662109131588375,3.016666666666667,28.8012562962963,54.905009259259295,2.695972979020708,6.033333333333335,0.039420000000000004,1.0089183587523458,0.006033333333333335,237.35833200000008,0.003016666666666667,0.3396862957036669,0.9157850745607239
ABS CUBE,CUBE-11,2,Cube,3.056666666666666,3.0766666666666667,3.1833333333333336,1018.8006074278508,3.245,0.388908729652601,2,29.937163148148144,57.85757777777778,0.9931766489764972,0.5174196168998534,4.32277945565376,4.32277945565376,3.056666666666666,29.937163148148144,57.1181639259259,2.698227673816542,6.113333333333332,0.03245,1.0208422920118745,0.006113333333333333,197.98091133333332,0.0030566666666666663,1.187033998568602,3.2028879846989073
ABS CUBE,CUBE-2,2,Cube,5.063333333333333,5.043333333333333,5.180000000000001,1028.9023828473678,3.2350000000000003,0.3850973902793942,4,132.27688288888888,155.7772222222222,1.0037666027886076,0.8491359125936873,7.160634670815771,7.160634670815771,5.063333333333333,132.27688288888888,259.62084140740734,2.775687686120331,10.126666666666665,0.032350000000000004,1.0309643114703084,0.010126666666666666,326.94247133333334,0.005063333333333333,2.939330218576534,8.158662693144267
ABS CUBE,CUBE-3,2,Cube,3.11,3.083333333333333,3.783333333333333,1047.4375107433168,4.072,0.3810118108405566,5,36.27901388888888,66.04122222222222,1.0083216254187832,0.5493306050001682,4.3982041789803255,4.3982041789803255,3.11,36.27901388888888,60.16046199999999,2.345150326841944,6.22,0.04072,1.049536583911139,0.00622,252.77184319999995,0.00311,1.8229296438702223,4.27504405013212
ABS CUBE,CUBE-4,2,Cube,5.05,5.04,5.193333333333334,1028.894380360464,3.5316666666666667,0.3178941123497991,6,132.18072,155.70546666666667,1.0017853600476094,0.8489096363799064,7.14177848998413,7.14177848998413,5.05,132.18072,257.57525,2.7558210598462507,10.1,0.03531666666666667,1.0309562929463567,0.0101,355.98493666666667,0.00505,2.459121100803443,6.776897718306423
ABS CUBE,CUBE-5,2,Cube,3.0700000000000003,3.053333333333333,3.796666666666667,1039.6488087554087,3.975000000000001,0.3348133808556638,4,35.588940888888885,65.24397777777779,1.0051293244570558,0.5454663653975579,4.341635636485402,4.341635636485402,3.0700000000000003,35.588940888888885,57.868886000000025,2.299561644054804,6.140000000000001,0.03975000000000001,1.0417322733020127,0.0061400000000000005,243.57687000000004,0.0030700000000000002,1.5908716969799928,3.6583075349875678
ABS CUBE,CUBE-6,2,Cube,5.06,5.05,5.186666666666667,1075.1885516035677,3.855,0.2192031021678293,2,132.53489333333334,155.9804,1.0017818253811126,0.8496839580445703,7.155920625607861,7.155920625607861,5.06,132.53489333333334,259.10843199999994,2.7648164905374863,10.12,0.03855,1.0773432380797272,0.010119999999999999,389.34574799999996,0.005059999999999999,5.166817305999211,14.285301691221088
ABS CUBE,CUBE-7,2,Cube,2.983333333333334,2.9633333333333334,3.1466666666666665,1089.2049392415097,3.24,0.3218695387886216,3,27.818456296296297,55.10557777777778,1.00640953558979,0.504811901194023,4.219070461079735,4.219070461079735,2.983333333333334,27.818456296296297,53.10499074074078,2.699711203789988,5.966666666666669,0.032400000000000005,1.0913877146708515,0.005966666666666669,192.9333600000001,0.002983333333333334,5.095638148556766,13.756751400118373
ABS CUBE,CUBE-8,2,Cube,5.206666666666666,5.156666666666666,5.052333333333333,1093.989292299615,3.9683333333333337,0.5068892055140517,6,135.6503222148148,158.41611777777774,1.0095004200866025,0.8562857607667155,7.363338614755914,7.363338614755914,5.206666666666666,135.6503222148148,282.2989872592592,2.9430896285967885,10.413333333333332,0.039683333333333334,1.0961816556108368,0.010413333333333332,412.40930622222214,0.005206666666666666,6.239283741163476,18.362771268490796
ABS CUBE,CUBE-9,2,Cube,5.1066666666666665,5.063333333333333,5.16,1039.5675862536796,3.414,0.5390083487294052,5,133.42085866666665,156.6679111111111,1.0083591127492926,0.8516103017531238,7.221917258518606,7.221917258518606,5.1066666666666665,133.42085866666665,266.3437605925926,2.823148960722453,10.213333333333335,0.034140000000000004,1.041650888029739,0.010213333333333335,347.9858336000001,0.0051066666666666665,3.5804181120796215,10.10805367206943
ABS HC,HC-1,1,Half Cylinder,5.266666666666667,5.216666666666666,0.0,1098.045142942569,2.7920000000000003,0.2921814504721338,5,56.82306261185064,64.94195613745701,1.0093911710215295,0.8749823071479119,7.4129204021686945,7.412583153167711,2.6333333333333333,113.64612522370128,144.69874074074073,3.5841298855568477,10.483214101196,0.027920000000000004,1.100245634210991,0.010483214101195999,292.10595502998154,0.0026333333333333334,6.644150778145626,23.813499368097524
ABS HC,HC-2,1,Half Cylinder,2.8366666666666664,3.2133333333333334,0.0,1260.5331733890926,2.5383333333333336,1.066347348037527,6,10.153885823309148,20.63789881294849,0.8825054443637872,0.4920019191555715,4.286279142670119,4.253178690493456,1.4183333333333332,20.307771646618296,25.856657925925923,3.832940800393293,6.0383539033544995,0.025383333333333334,1.2630592919730386,0.0060383539033544995,152.96700281365474,0.0014183333333333333,11.36144717882693,43.547754443239015
ABS HC,HC-3,1,Half Cylinder,5.23,5.19,0.0,1117.5036553480402,3.083333333333333,0.065064070986477,3,55.74817071422661,64.1201416792167,1.007513003274899,0.8694330557335044,7.368106948192325,7.3678897960783205,2.615,111.49634142845322,141.96155100000001,3.5874672630772455,10.419923226548027,0.03083333333333333,1.1197431416313028,0.010419923226548028,320.6384042195937,0.002615,6.4621999038484175,23.18293060251712
ABS HC,HC-4,1,Half Cylinder,5.21,5.266666666666667,0.0,1095.4839831311465,3.2099999999999995,0.0,1,56.139839222635246,64.42053029677744,0.9890527115104726,0.8714588185475333,7.408230407983932,7.407796956142634,2.605,112.27967844527049,142.95892666666666,3.620796916676434,10.476513423902718,0.0321,1.097679341814776,0.010476513423902718,335.6234887454627,0.002605,4.8450625751762795,17.54298763330266
ABS HC,HC-5,1,Half Cylinder,5.16,5.25,0.0,1116.6912297209628,2.856666666666667,0.1274100990241091,3,54.89320551580714,63.46456983222885,0.9826699676252142,0.8649425287356323,7.361256686191564,7.360156330593966,2.58,109.78641103161428,139.7844,3.632535892897346,10.409611001895433,0.02856666666666667,1.1189290878967564,0.010409611001895433,296.7731518455713,0.0025800000000000003,7.377133840373918,26.797703461865897
ABS HC,HC-6,1,Half Cylinder,5.25,5.22,0.0,1113.267611371968,2.932,0.2578177650977526,5,56.50007125325605,64.69521021445631,1.0055544914767285,0.8733269598470362,7.403438390369707,7.403316825233004,2.625,113.0001425065121,143.87625,3.5909611942321886,10.469957020674826,0.02932,1.1154986085891463,0.010469957020674827,306.36518156649356,0.002625,6.919538517518631,24.84779429840433
ABS HC,HC-7,1,Half Cylinder,5.183333333333334,5.256666666666667,0.0,1141.1547117334012,3.135,0.1484924240491756,2,55.46111565584175,63.90082360541109,0.9858619159322892,0.867924895590005,7.382376913223064,7.381648451666441,2.591666666666667,110.92223131168349,141.23057129629632,3.6266509840611536,10.43974246583116,0.031349999999999996,1.1434415949232477,0.010439742465831158,326.6313544511992,0.0025916666666666666,7.421268783991783,26.914351738446122
ABS HC,HC-8,1,Half Cylinder,5.163333333333333,5.38,0.0,1104.2417224680005,2.528,0.8566037590391489,5,56.3251669219918,64.57345604583718,0.9595490305395526,0.8722650198869585,7.456836535093894,7.450541044476188,2.5816666666666666,112.6503338439836,143.43085977777775,3.676048284559131,10.541108716189937,0.02528,1.1064546317314634,0.010541108716189938,265.946269888591,0.0025816666666666666,8.437418543408139,31.016357962602893
ABS HC,HC-9,1,Half Cylinder,5.256666666666667,5.333333333333333,0.0,1100.6620331881986,2.96,0.3203123475609393,5,57.87346575110675,65.74069734298594,0.9854402299568832,0.8803293559416652,7.488457043269253,7.487672131538597,2.6283333333333334,115.7469315022135,147.37357037037037,3.627431812129487,10.589722509976767,0.0296,1.1028677687256498,0.010589722509976767,312.8288747227217,0.002628333333333333,6.0544590153253255,21.962137237425253
BSP,BSP-10,4,Box Shape Prism,4.8133333333333335,3.826666666666666,2.833333333333333,1111.383003306045,5.3500000000000005,0.0200000000000001,3,52.18722962962962,85.79804444444444,1.2575111033701996,0.6082495436580446,6.149110143391119,5.990792746497943,2.833333333333333,52.18722962962962,104.37445925925924,4.28467160819614,8.584937582012342,0.053500000000000006,1.1136102237535521,0.008584937582012342,458.37557231638505,0.002833333333333333,2.2065131761586025,9.454184358997452
BSP,BSP-11,4,Box Shape Prism,4.83,3.856666666666667,2.8800000000000003,1118.4061013079086,5.462,0.9701133954337507,5,53.64777600000001,87.29060000000001,1.252052190443273,0.6145811968161885,6.1808395690049895,6.02756301697659,2.8800000000000003,53.64777600000001,107.29555200000001,4.239028675688048,8.633324603036868,0.054619999999999995,1.1206473961001089,0.008633324603036868,470.60908543823797,0.00288,2.28510443014032,9.686623206306612
BSP,BSP-12,4,Box Shape Prism,4.786666666666666,3.826666666666666,2.8466666666666662,1112.3400108434828,5.796666666666667,0.2079262689833428,3,52.14233007407405,85.6725333333333,1.250544282852913,0.6086165475538622,6.128258770283411,5.977873475773829,2.8466666666666662,52.14233007407405,104.2846601481481,4.252739664891302,8.560988660658056,0.057966666666666666,1.1145691491417664,0.008560988660658056,495.2594720774197,0.002846666666666666,1.9043494824399065,8.098702579787412
BSP,BSP-16,4,Box Shape Prism,3.84,2.856666666666667,2.7566666666666664,1124.356074662182,6.2,2.090334901397381,5,30.239530666666663,58.86015555555555,1.343753645165053,0.5137434082163977,4.786036402331729,4.584001907990367,2.7566666666666664,30.239530666666663,60.47906133333333,3.399046545461462,6.627157606161465,0.062,1.1266092932486793,0.0066271576061614655,410.06200403884685,0.0027566666666666664,1.7814164705487563,6.0551175002469
BSP,BSP-17,4,Box Shape Prism,4.833333333333333,4.816666666666666,2.8666666666666667,1123.8043969887592,5.783333333333334,0.3722006627255432,3,66.73759259259258,101.88777777777776,1.0032519200166057,0.6550043493322601,6.823590615569554,6.823549907122429,2.8666666666666667,66.73759259259258,133.47518518518515,4.760630414892552,9.649985607444158,0.05783333333333334,1.1260565100087767,0.009649985607444157,556.9746526285928,0.0028666666666666667,2.11975188367656,10.091355289456411
BSP,BSP-18,4,Box Shape Prism,3.8233333333333337,2.81,2.33,1118.5454286106954,4.52,0.0,1,25.03251033333333,52.39846666666666,1.3601328115735802,0.4777245251860071,4.744889648640712,4.528479042602991,2.33,25.032510333333338,50.065020666666676,3.979986562765538,6.559047203449011,0.0452,1.1207870026159272,0.006559047203449011,295.8759957287035,0.00233,2.7027025950476093,10.756720011441034
BSP,BSP-21,4,Box Shape Prism,3.83,3.79,2.853333333333333,1134.7687412127857,6.338333333333334,0.6465111496847266,6,41.41813066666666,72.5162,1.0102875230809814,0.5711490607285811,5.388227909062496,5.387930965424068,2.853333333333333,41.41813066666666,82.83626133333333,3.7766911943294037,7.61989501818598,0.06338333333333333,1.1370428268665187,0.00761989501818598,482.00839721088266,0.002853333333333333,1.9096671236396683,7.2122230099502955
BSP,BSP-23,4,Box Shape Prism,4.826666666666667,4.816666666666666,1.0266666666666666,1256.8918015399502,3.93,0.0,1,23.86840296296296,66.29786666666666,1.0018681242648586,0.3600122319279911,6.818870059539842,6.81885539435351,1.0266666666666666,23.86840296296296,47.73680592592592,13.283498818727292,9.643328148413952,0.0393,1.2594106227855213,0.009643328148413951,378.2248306402029,0.0010266666666666666,3.3832268625198685,44.941090031769114
BSP,BSP-24,4,Box Shape Prism,3.773333333333333,3.76,0.9866666666666668,1328.7077582055404,3.7266666666666666,0.8140229316999206,3,13.998563555555554,43.24124444444444,1.0032792696977757,0.3237242593533792,5.326879428374969,5.326846054655859,0.9866666666666668,13.998563555555554,27.997127111111112,10.79769474631503,7.533321533987988,0.03726666666666666,1.3313704992039483,0.007533321533987988,280.1802989349524,0.0009866666666666667,4.61893875516491,49.87389073019503
BSP,BSP-25,4,Box Shape Prism,3.85,2.813333333333333,2.3266666666666667,1150.7524510145404,5.4433333333333325,0.4240597442185082,6,25.200902222222226,52.66937777777778,1.3679971574085044,0.4784644288777963,4.768369159832788,4.542992780245712,2.3266666666666667,25.200902222222222,50.401804444444444,4.002018025821705,6.586055560486042,0.05443333333333333,1.153058568150842,0.006586055560486042,357.7839557604386,0.0023266666666666666,2.358093152335454,9.437131302213215
BSP,BSP-27,4,Box Shape Prism,2.8800000000000003,2.78,1.7966666666666669,1112.2827155715129,4.7125,0.2376797565352727,4,14.384832000000005,36.35106666666668,1.0355987055016185,0.3957087813439309,4.0028489854102665,4.000350764758814,1.7966666666666669,14.384832000000003,28.769664000000006,4.454471103990212,5.6591170902453,0.047125,1.1145117390496122,0.0056591170902453,266.1525210920541,0.001796666666666667,1.817664801319257,8.096735334216739
BSP,BSP-28,4,Box Shape Prism,3.84,2.8666666666666667,2.7833333333333337,1142.337418186882,5.425,0.2706165799305975,4,30.63893333333333,59.349777777777774,1.339067767058003,0.5162347399734536,4.79201187162321,4.594312491246493,2.7833333333333337,30.638933333333334,61.27786666666667,3.372332106420252,6.638605655181013,0.05425,1.1446266715299418,0.006638605655181012,359.42406807998276,0.002783333333333334,2.6835712478340477,9.049893478937017
BSP,BSP-29,4,Box Shape Prism,2.8166666666666664,2.3200000000000003,1.7933333333333332,1109.325234437399,4.826666666666667,0.0665832811847943,3,11.718835555555556,31.492844444444444,1.2135573746948152,0.3720992391458507,3.649111002848654,3.581511585460362,1.7933333333333332,11.718835555555556,23.43767111111111,4.031945681213206,5.113045701722008,0.04826666666666667,1.1115483310995984,0.005113045701722008,246.29609319137603,0.0017933333333333332,1.6847229296386277,6.792711340197325
BSP,BSP-31,4,Box Shape Prism,2.3233333333333337,1.7966666666666666,1.7466666666666668,1056.0917720281186,4.460000000000001,1.216223663640862,2,7.291033037037038,22.741044444444448,1.292416094937883,0.3205970797765339,2.9369863617131236,2.842543370287046,1.7466666666666668,7.291033037037038,14.582066074074076,3.3088910679390278,4.087290263836388,0.04460000000000001,1.0582081884049284,0.004087290263836388,181.92855947556873,0.0017466666666666668,1.0028209562637158,3.3182253049230837
BSP,BSP-46,4,Box Shape Prism,4.78,3.8166666666666655,1.0266666666666666,1217.2877642172923,4.140000000000001,0.3535533905932729,2,18.73016444444444,54.13915555555555,1.2520736924823197,0.3459569750446064,6.116808354398921,5.965093430970966,1.0266666666666666,18.73016444444444,37.46032888888888,11.76808615458106,8.543868215548354,0.041400000000000006,1.2197272186546015,0.008543868215548355,353.00871183545456,0.0010266666666666666,2.582329407222671,30.389074943704625
BSP,BSP-47,4,Box Shape Prism,4.76,4.7,2.353333333333333,1179.5146604238705,5.3133333333333335,0.3017173069834298,3,52.64877333333333,89.26906666666665,1.012550521165709,0.5897696204252116,6.689364693302347,6.688826525604059,2.353333333333333,52.648773333333324,105.29754666666665,5.684783804067878,9.45980973855312,0.05313333333333334,1.1818784172583874,0.009459809738553121,501.625961660239,0.002353333333333333,2.974606283018285,16.9099936211809
BSP,BSP-49,4,Box Shape Prism,2.853333333333333,2.303333333333333,1.78,1094.159573751902,3.8533333333333335,0.2571640202931454,3,11.69847644444444,31.50208888888888,1.2382467814262983,0.3713437906265276,3.666995439805666,3.584502836538063,1.78,11.69847644444444,23.39695288888888,4.073875436148162,5.127915379635761,0.038533333333333336,1.096352278308519,0.005127915379635761,197.20048128337405,0.0017800000000000001,2.2662500928373186,9.232420585378444
BSP,BSP-5,4,Box Shape Prism,3.843333333333333,2.7999999999999994,2.32,1081.4580938994018,3.75,0.0,1,24.96629333333332,52.34773333333332,1.3726190476190478,0.4769316977748796,4.755124720878634,4.526204448889783,2.32,24.966293333333322,49.932586666666644,4.000572918003628,6.564886733543905,0.0375,1.0836253445885788,0.006564886733543905,245.69088600288063,0.00232,2.7068386738636567,10.8289054920638
BSP,BSP-50,4,Box Shape Prism,2.833333333333333,2.856666666666667,2.78,1115.505426669715,5.390000000000001,0.1652271164185829,3,22.50101111111111,47.82417777777778,0.99148489443602,0.4704846308290427,4.023471414366234,4.0233360972759975,2.78,22.50101111111111,45.00202222222222,2.8945350761302993,5.689952159189589,0.0539,1.1177409084866883,0.005689952159189589,306.07504453755826,0.00278,2.2105159407184094,6.398415926754601
BSP,BSP-6,4,Box Shape Prism,4.8566666666666665,3.8333333333333335,2.31,1116.1289547491092,5.595,1.5250934397603315,6,43.00578333333333,77.38224444444444,1.266626097539772,0.5557505845365319,6.187217109133601,6.0179631307068195,2.31,43.00578333333333,86.01156666666667,5.283627809454727,8.631195502252407,0.05595,1.118365686121352,0.008631195502252408,481.9495575743201,0.00231,1.7137071988439634,9.054591013074727
BSP,BSP-8,4,Box Shape Prism,4.863333333333333,4.846666666666667,2.333333333333333,1127.2953490918535,4.826666666666667,0.6013595707505892,3,54.99889629629629,92.45524444444445,1.003231795365468,0.5948640530099002,6.866016959554417,6.865976502652052,2.333333333333333,54.998896296296294,109.99779259259259,5.885140055231345,9.709985696377673,0.04826666666666667,1.1295544580078691,0.009709985696377673,467.7313056592721,0.002333333333333333,2.545854244967445,14.982708791838661
BSP,BSP-9,4,Box Shape Prism,4.87,4.846666666666667,2.333333333333333,1125.752165862433,5.014,0.5186810195100644,5,55.07428888888888,92.55097777777776,1.0046070274358798,0.5950633385828359,6.870740700810778,6.8706614597990505,2.333333333333333,55.07428888888888,110.14857777777776,5.88917235454707,9.716638650940242,0.050140000000000004,1.1280081822268868,0.009716638650940242,486.2178774342275,0.002333333333333333,2.3310138800615863,13.727742500524194
C,C-11,0,Cylinder,3.813333333333333,2.873333333333333,0.0,1411.3665063431592,6.06,0.0,1,32.81598405057665,57.26411313159378,1.326684448567784,0.573063691306369,5.392867717849402,5.392867717849402,2.873333333333333,32.81598405057665,83.56521718518516,4.779405409205241,7.626666666666666,0.060599999999999994,1.41419489613543,0.007626666666666666,461.2516479999999,0.002873333333333333,6.358351150392567,30.3891378818126
C,C-13,0,Cylinder,2.8200000000000003,2.883333333333333,0.0,1396.3115951266675,6.23,0.0,1,18.00872435576872,38.035890575542346,0.9776955969028086,0.4734666149068323,3.988082245892129,3.988082245892129,2.883333333333333,18.00872435576872,45.85884000000001,3.5221623281799403,5.640000000000001,0.0623,1.3991098147561798,0.005640000000000001,350.6692560000001,0.002883333333333333,5.817148765119804,20.488942237923435
C,C-14,0,Cylinder,2.8266666666666667,2.9166666666666665,0.0,1389.9875477865692,5.585,1.0617124532251343,4,18.303151510381067,38.45141856385715,0.9688106934765224,0.4760071850141134,3.9975103363079487,3.9975103363079487,2.9166666666666665,18.303151510381067,46.60859259259259,3.4901405078913195,5.653333333333333,0.05585,1.3927730939745182,0.005653333333333333,315.1071893333333,0.0029166666666666664,7.205782948376336,25.149194959200795
C,C-15,0,Cylinder,2.813333333333333,2.9066666666666667,0.0,1429.482626045254,5.49,0.0424264068711928,2,18.06872447030679,38.12273815912158,0.9675570331308035,0.4739618753219988,3.978654155476307,3.978654155476307,2.9066666666666667,18.06872447030679,46.01162903703703,3.485628306589897,5.626666666666666,0.054900000000000004,1.4323473206866273,0.005626666666666666,308.286192,0.0029066666666666668,8.18054647528493,28.514344357627362
C,C-16,0,Cylinder,2.806666666666666,2.89,0.0,1399.6415848421786,4.295,0.898025612106915,2,17.880077532867613,37.85605184941684,0.9708290095699296,0.4723175465838509,3.9692260650604863,3.9692260650604863,2.89,17.880077532867613,45.53124355555555,3.4974225522688966,5.613333333333332,0.04295,1.402446477797774,0.005613333333333332,240.6104813333333,0.00289,12.370254658837307,43.264007621126986
C,C-18,0,Cylinder,3.77,1.0033333333333332,0.0,1572.996762477667,4.11,0.169705627484771,2,11.199994841740097,34.20885476481682,3.753733820112845,0.3274004616272359,5.331585130146569,5.331585130146569,1.0033333333333332,11.199994841740095,28.520552666666664,13.531664499318104,7.54,0.041100000000000005,1.5761490605988648,0.00754,309.274212,0.0010033333333333333,6.714218313598008,90.85454959478564
C,C-19,0,Cylinder,4.79,2.853333333333333,0.0,1404.1639357964625,6.13,0.2083266665599963,6,51.41779141563708,78.97812087479817,1.678150181011328,0.6510384248967924,6.774082963767126,6.774082963767126,2.853333333333333,51.41779141563708,130.93433066666665,6.045581992139074,9.58,0.0613,1.4069778915796218,0.00958,586.079492,0.002853333333333333,6.063192843892662,36.65552947190398
C,C-22,0,Cylinder,4.833333333333333,2.303333333333333,0.0,1408.665925060924,4.578,0.5321841786449499,5,42.26103889752984,71.67020040389512,2.0974974685375383,0.5896598399246704,6.83536555146996,6.83536555146996,2.303333333333333,42.26103889752984,107.61685185185183,7.556924216658783,9.666666666666668,0.04578,1.4114889028666575,0.009666666666666667,441.65492,0.0023033333333333326,8.872833797692701,67.05133259617249
C,C-23,0,Cylinder,2.81,0.9966666666666668,0.0,1563.7521690626409,3.3300000000000005,0.0,1,6.180910496542584,21.20161398140388,2.8165720013364512,0.291530187369882,3.9739401102683973,3.9739401102683973,0.9966666666666668,6.180910496542584,15.739559333333336,10.15340006047412,5.62,0.0333,1.56688594094453,0.00562,186.77170800000002,0.0009966666666666668,9.996688418863823,101.50037679663286
C,C-24,0,Cylinder,3.826666666666666,2.29,0.0,1416.140087392895,3.27,0.5091168824543141,2,26.33701980885783,50.531749888120935,1.670304088462098,0.5211974623314829,5.411723898681044,5.411723898681044,2.29,26.33701980885783,67.06667022222223,6.017834823571226,7.653333333333333,0.0327,1.418978043479855,0.007653333333333333,249.76347199999998,0.00229,17.60476549667647,105.94257086670486
C,C-25,0,Cylinder,4.77,2.8466666666666662,0.0,1426.340059770645,5.8740000000000006,0.6455850060216706,5,50.87017778219597,78.39860174996595,1.675055601076905,0.6488658808537751,6.745798692519664,6.745798692519664,2.8466666666666662,50.87017778219597,129.539844,6.034438634289552,9.540000000000001,0.05874000000000001,1.429198456684013,0.009540000000000002,559.2588408000001,0.002846666666666666,6.947457301125477,41.924004747988604
C,C-27,0,Cylinder,4.813333333333333,2.856666666666667,0.0,1394.1934659589124,5.37,1.0925200226998129,5,51.98060448157976,79.58966679140445,1.68435786772425,0.653107451973823,6.807081280222497,6.807081280222497,2.856666666666667,51.98060448157976,132.36752237037035,6.067942872956178,9.626666666666665,0.0537,1.3969874408405936,0.009626666666666665,515.9180959999999,0.002856666666666667,7.715903126461382,46.819659384631635
C,C-29,0,Cylinder,2.83,1.0266666666666666,0.0,1476.0484037103697,3.01,0.0,1,6.4579133601893925,21.708143436917663,2.753811222834901,0.2974880546075086,4.00222438151586,4.00222438151586,1.0266666666666666,6.4579133601893925,16.444941333333336,9.926864317108874,5.660000000000001,0.0301,1.4790064165434567,0.005660000000000001,170.02526800000004,0.0010266666666666666,10.649686040681845,105.71798834565709
C,C-30,0,Cylinder,4.763333333333334,2.8766666666666665,0.0,1455.4758977433785,5.6625,0.7545141924885616,4,51.26268746658205,78.68808205970174,1.6552762654928763,0.6514669836238774,6.736370602103844,6.736370602103844,2.8766666666666665,51.262687466582044,130.53936170370375,5.963161139228299,9.526666666666669,0.056624999999999995,1.4583926831095977,0.00952666666666667,538.368605,0.0028766666666666667,8.068815605784875,48.11564766001521
C,C-49,0,Cylinder,3.813333333333333,2.29,0.0,1430.647883703563,5.416666666666667,0.6117461347105784,3,26.15380631409068,50.27581480660849,1.6644842135894078,0.5202065131056394,5.392867717849402,5.392867717849402,2.29,26.153806314090676,66.60012088888888,5.9968667579838675,7.626666666666666,0.05416666666666667,1.4335149135306242,0.007626666666666666,412.2848888888889,0.00229,6.638566447622595,39.81059845041499
HC,HC-11,1,Half Cylinder,4.663333333333333,2.31,0.0,1138.4927130648057,3.7466666666666666,0.5208006656421761,3,19.7271699085955,34.00089005779543,2.017885475263234,0.5801956912028726,5.204111622340338,4.1399188878871875,2.3316666666666666,39.454339817191,50.23482566666666,2.5512199755897558,6.649940313721836,0.03746666666666667,1.1407742615879817,0.006649940313721836,248.6527948932699,0.0023316666666666663,4.587738044279363,11.704328941338591
HC,HC-12,1,Half Cylinder,3.6533333333333338,1.846666666666667,0.0,1153.6296910982069,3.714,0.1879627622695513,5,9.67892210175872,21.07994707924736,1.97726862709724,0.4591530550514217,4.093534197026114,3.296168329943405,1.8266666666666669,19.357844203517438,24.64717274074075,2.5754182886405883,5.255639626300887,0.03714,1.1559415742467003,0.005255639626300887,194.80406680937332,0.001826666666666667,4.051691983658699,10.434801634653079
HC,HC-14,1,Half Cylinder,3.706666666666667,1.81,0.0,1130.6910809482663,3.37,0.1555634918610402,2,9.765748275965798,21.329459349112465,2.046751334437696,0.4578525932666061,4.124982154843556,3.252894880424575,1.8533333333333335,19.531496551931596,24.868273777777784,2.5342998554397855,5.253265925200265,0.0337,1.1329569949381426,0.0052532659252002645,176.68099155589042,0.0018533333333333336,4.257002732029619,10.788521408389435
HC,HC-15,1,Half Cylinder,3.763333333333333,1.8733333333333333,0.0,1111.9996023887884,3.872,0.6690814599135143,5,10.41886284481094,22.197420312775503,2.0078250044460253,0.4693726882674951,4.203814405460302,3.3540861216996714,1.8816666666666666,20.83772568962188,26.53141637037037,2.5570463666133247,5.377913095926141,0.03872,1.1142280585058,0.005377913095926141,207.81632948411163,0.0018816666666666667,2.8128319901189007,7.192541820227262
HC,HC-16,1,Half Cylinder,3.773333333333333,1.8633333333333333,0.0,1121.506455629814,2.52,0.0,1,10.418394136640316,22.226768024147784,2.023958519578044,0.4687318518518518,4.208331683167993,3.341456095725289,1.8866666666666665,20.836788273280632,26.53022281481481,2.547532249411266,5.373582082299967,0.0252,1.1237539635569278,0.005373582082299966,135.1434399370112,0.0018866666666666665,7.213602633863476,18.376885344205256
HC,HC-21,1,Half Cylinder,3.693333333333334,1.8033333333333328,0.0,1128.311395460916,4.416,0.3986602563587197,5,9.659906157781815,21.1753816827464,2.046924071679292,0.4561856925418568,4.110075695437035,3.2409676145406863,1.846666666666667,19.319812315563635,24.598749037037035,2.5341982953044666,5.234175512984234,0.044160000000000005,1.130572540542,0.005234175512984234,230.67890827207705,0.0018466666666666668,2.4259466050974496,6.147829751137615
HC,HC-22,1,Half Cylinder,3.6633333333333336,1.87,0.0,1108.7013105227345,4.41,0.098994949366117,2,9.854948694276416,21.30068759639333,1.9579547479066453,0.4626587122917605,4.113017275809951,3.331098740393363,1.8316666666666668,19.709897388552832,25.095420777777782,2.587300151253805,5.2927431384265535,0.0441,1.1109231568364073,0.005292743138426553,232.94315245980175,0.0018316666666666668,2.0497008778117247,5.303191391187332
HC,HC-24,1,Half Cylinder,3.713333333333333,1.8033333333333328,0.0,1138.1724235527815,4.66,0.5060961700441263,4,9.764809347005858,21.348378718204074,2.058008498060226,0.4574028536733454,4.128057116314593,3.2443241888843355,1.8566666666666665,19.529618694011717,24.8658828148148,2.527865552058934,5.250380462227052,0.0466,1.140453330213208,0.0052503804622270524,244.1783940807011,0.0018566666666666664,2.3560969175803104,5.955896235263504
HC,HC-26,1,Half Cylinder,2.6733333333333333,1.3,0.0,1108.7353552697994,3.5000000000000004,0.0,1,3.648458957649223,11.072054615386667,2.054829618242378,0.329519595448799,2.972660611491179,2.3381971826174923,1.3366666666666667,7.296917915298446,9.290724444444445,2.529424249348172,3.782046691397594,0.035,1.1109572698094181,0.003782046691397594,132.10689093051798,0.0013366666666666668,2.375427578497889,6.0084641196229684
HC,HC-31,1,Half Cylinder,2.6666666666666665,1.3333333333333333,0.0,1099.4040757852938,3.74,0.0,1,3.723369070921236,11.170107212763709,1.9985011241568824,0.3333333333333333,2.9814239699997196,2.3851391759997758,1.3333333333333333,7.446738141842472,9.481481481481481,2.5623451563018382,3.8180856168736943,0.0374,1.101607290366026,0.003818085616873694,142.51080926693402,0.0013333333333333333,1.9002879092733829,4.8691935199056
HC,HC-4,1,Half Cylinder,4.766666666666667,2.273333333333333,0.0,1161.4483538349298,4.54,0.0,1,20.28395185840821,34.866617000015914,2.0967741935483875,0.581758530183727,5.2810184203007235,4.103838070538356,2.3833333333333333,40.56790371681642,51.652659259259245,2.506818966251913,6.688097073514673,0.0454,1.1637759056462222,0.006688097073514673,303.03232792329106,0.0023833333333333332,3.7155413087402227,9.314189422642446
HC,HC-41,1,Half Cylinder,3.713333333333333,1.8133333333333328,0.0,1152.6605978153025,3.2533333333333334,1.03016179958943,3,9.818958012516058,21.40670762180572,2.0466654418519203,0.45868604299122,4.1324353863336105,3.2588585091394404,1.8566666666666665,19.637916025032116,25.00377125925925,2.5343503611694516,5.262811131402375,0.03253333333333333,1.1549705388930886,0.005262811131402375,170.874355230674,0.0018566666666666664,5.333655495226302,13.51735173068021
HC,HC-42,1,Half Cylinder,4.736666666666667,2.3833333333333333,0.0,1135.8782099378006,4.535,0.1343502884254437,2,20.9985989554191,35.3540089202816,1.9865790577380125,0.5939524143575354,5.302479503863159,4.258028926780701,2.3683333333333336,41.9971979108382,53.47249314814816,2.5699121889520775,6.80052198218564,0.04535,1.1381545189757523,0.0068005219821856405,307.78686454833456,0.002368333333333334,3.1214209641733417,8.021777782679617
HC,HC-44,1,Half Cylinder,3.6366666666666654,1.7933333333333332,0.0,1136.002890262925,4.359999999999999,0.4808326112068524,2,9.31382124247889,20.631510907886177,2.026750882407579,0.4514367020458389,4.054798255016997,3.2168088991782477,1.8183333333333327,18.62764248495778,23.717451037037016,2.5458747339598093,5.175833110014392,0.04359999999999999,1.1382794491612473,0.005175833110014392,225.2149909494342,0.0018183333333333326,2.5951183320227207,6.606846193132569
HC,HC-46,1,Half Cylinder,4.756666666666667,2.8666666666666667,0.0,1055.298996996876,3.62,0.4808326112068526,2,25.4707960877546,39.18935249824662,1.658723701034523,0.6499417434593794,5.553706470057231,4.910514392971605,2.3783333333333334,50.941592175509186,64.86084962962964,2.801007668041561,7.41328585440605,0.0362,1.0574138246461684,0.00741328585440605,267.82422603364,0.0023783333333333334,2.0444244361296136,5.7264485223305925
HC,HC-47,1,Half Cylinder,3.6833333333333336,1.8266666666666669,0.0,1165.1849226897173,4.135,0.2757716446627538,2,9.731980634618122,21.22412000210835,2.01532008024804,0.4585339996971074,4.111405545012017,3.272954783254084,1.8416666666666668,19.463961269236243,24.78228518518519,2.5525953617706585,5.2550821657497755,0.04135,1.167519962614947,0.005255082165749775,216.8630522586457,0.0018416666666666668,3.5401818429381944,9.036651752108737
HC,HC-6,1,Half Cylinder,4.796666666666667,2.3166666666666664,0.0,1127.2059157926574,4.304,0.3214498405661445,5,20.931604201193085,35.52557478575264,2.069610240184093,0.5891981854601155,5.326814766401734,4.172203564451754,2.3983333333333334,41.86320840238617,53.30189240740741,2.52144387248232,6.766257321354213,0.04304,1.1294648454836247,0.006766257321354213,290.6372756808632,0.0023983333333333335,3.288636545241483,8.292112465820562
HC,HC-7,1,Half Cylinder,4.756666666666667,2.313333333333333,0.0,1157.097783238867,3.35,0.4101219330881976,2,20.55434009872289,35.05498165953741,2.055307503960824,0.5863457667258732,5.289365641444056,4.16070897777882,2.3783333333333334,41.10868019744578,52.34119725925927,2.5295463291995763,6.729701931486875,0.0335,1.1594166164718105,0.006729701931486875,224.99412467540068,0.0023783333333333334,6.628506689919754,16.76711476556135
PA 6,BSP-1,4,Box Shape Prism,3.0,3.0,3.033333333333333,1146.52,5.216666666666667,0.2625769728416158,6,27.3,54.400000000000006,0.9996667777407532,0.5018290104961305,4.266276023783636,4.2660155832718365,3.0,27.299999999999997,54.599999999999994,2.8440972023518243,6.033241257220637,0.05216666666666667,1.148817635270541,0.006033241257220637,314.1046174138399,0.003,3.2187591629277184,9.154463930327024
PA 6,BSP-2,4,Box Shape Prism,7.899999999999999,7.833333333333333,2.833333333333333,1211.9579854565045,4.78,0.0,1,175.33611111111105,212.92222222222216,1.0083819086925072,0.8234710581644191,11.125246564059202,11.124847072288944,2.833333333333333,175.33611111111105,350.6722222222221,7.852974224593464,15.73319209483336,0.0478,1.2143867589744535,0.01573319209483336,750.5424889687685,0.002833333333333333,5.216015095757194,40.961232102071655
PA 6,BSP-3,4,Box Shape Prism,7.900000000000001,7.966666666666666,4.133333333333334,1196.6715130930395,6.432,0.2548921340488954,5,260.1382222222222,257.0377777777778,0.9915073421746228,1.0120582756860292,11.219526628952657,11.219130494196582,4.133333333333334,260.1382222222222,520.2764444444445,5.428707368503848,15.8665266149712,0.06432,1.1990696523978353,0.0158665266149712,1018.4939218911979,0.0041333333333333335,3.9022260169087235,21.184043131559807
PA 6,BSP-4,4,Box Shape Prism,7.883333333333333,7.966666666666666,8.066666666666668,1190.640592916557,8.096666666666666,0.6350065616458882,3,506.618037037037,381.3211111111111,0.989415554532904,1.3285829021580569,11.33749923435009,11.336617205624593,7.883333333333333,506.618037037037,1013.236074074074,2.876209273569727,16.033021504250296,0.08096666666666666,1.193026646208975,0.016033021504250296,1295.544027178544,0.007883333333333332,4.554216141245378,13.098878699290895
PA 6,C-1,0,Cylinder,2.9333333333333336,3.0,0.0,1457.2375479737134,5.416,0.2246775467197377,5,20.27374459116613,41.16184507903427,0.9774519604576254,0.4925373134328358,4.148359782961079,4.148359782961079,3.0,20.273744591166135,51.62666666666668,3.5212371476366817,5.866666666666667,0.05416000000000001,1.4601578637011157,0.005866666666666667,317.1031893333334,0.003,9.233573159730668,32.51360081546464
PA 6,C-2,0,Cylinder,7.899999999999999,3.0,0.0,1397.6808852745028,5.11,0.117898261225516,3,147.0500981329042,172.48914464534752,2.632455848050649,0.8525179856115108,11.17228714274745,11.17228714274745,3.0,147.0500981329042,374.4599999999999,9.483331863521517,15.799999999999999,0.051100000000000007,1.4004818489724478,0.015799999999999998,805.76524,0.003,9.027371077208754,85.60955578032633
PA 6,C-3,0,Cylinder,7.899999999999999,4.033333333333333,0.0,1495.693612936131,6.8566666666666665,0.308782555638538,6,197.7006874897934,198.1350126741522,1.9581921837560927,0.9978079331941544,11.17228714274745,11.17228714274745,4.033333333333333,197.7006874897934,503.4406666666666,7.053717915016006,15.799999999999999,0.06856666666666666,1.498690994925983,0.015799999999999998,1081.1866266666664,0.004033333333333333,8.39399238220806,59.20885444488887
PA 6,HC-1,1,Half Cylinder,3.0,3.033333333333333,0.0,1156.642516829012,3.98,0.0282842712474619,2,10.72068493037517,21.3628300444106,0.9886850488849832,0.5018382352941176,4.266276023783636,4.2660155832718365,1.5,21.44136986075034,27.299999999999997,3.6212170271049864,6.033241257220637,0.0398,1.158960437704421,0.006033241257220637,239.64275603330663,0.0015,2.9533380985588162,10.69467820929905
PA 6,HC-2,1,Half Cylinder,7.833333333333333,2.9,0.0,1109.0085027785335,4.73,0.170880074906351,3,69.87971075750546,83.87616052771749,2.700218315523383,0.8331295843520783,8.35291033778713,5.439221959297318,3.9166666666666665,139.75942151501093,177.9472222222222,2.2417899889617363,9.96776036196764,0.0473,1.1112309647079495,0.00996776036196764,470.5321149908273,0.003916666666666666,3.820489736682493,8.564735644625873
PA 6,HC-3,1,Half Cylinder,7.8,4.133333333333334,0.0,1153.3847437912375,5.54,0.3819685850956853,3,98.75282347294156,98.4260978369682,1.8866403289526723,1.0033195020746888,8.827482338948316,7.304460946413175,3.9,197.50564694588311,251.472,2.633311297993222,11.457730759715018,0.0554,1.1556961360633642,0.011457730759715018,633.4887675200356,0.0039,3.881699533193611,10.221723236173752
PA 6,HC-4,1,Half Cylinder,7.833333333333333,7.900000000000001,0.0,1165.6317870526975,6.075,0.5990242065225745,6,190.36197068423905,145.39901666051762,0.9914356832468462,1.309238363892807,11.125246564059204,11.124847072288945,3.9166666666666665,380.7239413684781,484.7527777777778,3.616557330875573,15.733192094833363,0.06075,1.167967722497693,0.015733192094833363,953.8798369216045,0.003916666666666666,3.497428816158842,12.648651824294737
PLA C,C-1,0,Cylinder,4.96,3.053333333333333,0.0,1375.9288609415146,6.84,0.6493586579592721,4,58.99666378093672,86.22205757532308,1.623922296191204,0.6842409638554215,7.0144992693705515,7.0144992693705515,3.053333333333333,58.996663780936714,150.23377066666666,5.850090298872376,9.92,0.0684,1.3786862334083312,0.00992,677.170944,0.003053333333333333,4.848869945678338,28.36632702970667
PLA C,C-10,0,Cylinder,3.01,3.1633333333333336,0.0,1376.7922808301637,6.011666666666667,0.4046438763489035,6,22.509602730957205,44.14466513057013,0.951227220056884,0.50990539093181,4.256782822743016,4.256782822743016,3.1633333333333336,22.509602730957205,57.32023266666667,3.4267044614957514,6.0200000000000005,0.060116666666666665,1.3795513835973585,0.00602,361.17852866666664,0.0031633333333333335,6.5181560827531655,22.335794529495942
PLA C,C-11,0,Cylinder,4.949999999999999,3.063333333333333,0.0,1327.1197019583308,6.35,0.7012845356914693,4,58.95145600085216,86.12597720000075,1.6153595126726856,0.6844793860969004,7.00035713374682,7.00035713374682,3.063333333333333,58.951456000852154,150.11864999999997,5.819237125106867,9.9,0.0635,1.3297792604792893,0.0099,627.3927,0.003063333333333333,4.9155163942916555,28.604555490733446
PLA C,C-12,0,Cylinder,2.966666666666667,3.16,0.0,1343.5231573638075,6.1883333333333335,0.4519033820040148,6,21.843109747974395,43.27613693490021,0.9385215649056208,0.5047379755922469,4.195500235040182,4.195500235040182,3.16,21.843109747974395,55.62302222222223,3.380934689366348,5.933333333333334,0.06188333333333333,1.3462155885408893,0.005933333333333334,366.44009555555556,0.00316,5.605125052247731,18.950561727380716
PLA C,C-13,0,Cylinder,5.01,5.166666666666667,0.0,1322.6323882222914,6.364,1.0973057914729147,5,101.85345761231017,120.74727072035638,0.9694897761723535,0.8435259613295676,7.085209947489206,7.085209947489206,5.166666666666667,101.85345761231017,259.3677,3.4920656082171115,10.02,0.06364,1.3252829541305524,0.01002,636.3974543999999,0.005166666666666667,8.141612157099038,28.431043809247882
PLA C,C-14,0,Cylinder,5.046666666666667,5.163333333333333,0.0,1304.8460557374003,6.756666666666667,0.5424327915358125,3,103.28310491552844,121.8688018443954,0.9772155166849544,0.8474942179820758,7.137064444776221,7.137064444776221,5.163333333333333,103.28310491552844,263.00826696296303,3.519893873884724,10.093333333333335,0.06756666666666666,1.307460977692786,0.010093333333333336,680.6089431111113,0.005163333333333333,6.82266711304127,24.01506417474874
PLA C,C-15,0,Cylinder,5.050000000000001,3.083333333333333,0.0,1381.2104898250575,5.91,0.0707106781186545,2,61.75798470796724,88.97644893435793,1.6373068194099216,0.6940936106983656,7.141778489984132,7.141778489984132,3.083333333333333,61.75798470796724,157.26541666666674,5.898288514499531,10.100000000000003,0.0591,1.3839784467184946,0.010100000000000003,595.7161800000001,0.003083333333333333,6.650455116148696,39.2263030277745
PLA C,C-16,0,Cylinder,3.146666666666667,3.116666666666667,0.0,1283.3602098052745,6.2,0.3748066168039195,6,24.237159266089662,46.3632055026577,1.009301828290388,0.5227671167969675,4.45005867626734,4.45005867626734,3.116666666666667,24.237159266089666,61.7194192592593,3.635929850063352,6.293333333333335,0.062,1.2859320739531808,0.006293333333333335,389.4062933333334,0.0031166666666666673,4.548506865286956,16.53805188471493
PLA C,C-17,0,Cylinder,5.003333333333333,5.223333333333334,0.0,1327.7343009704643,6.9350000000000005,1.8230103309270267,4,102.69670229939284,121.42491225573568,0.9576979518917882,0.8457630348795397,7.075781857073386,7.075781857073386,5.223333333333334,102.69670229939284,261.51500496296296,3.449584659991873,10.006666666666668,0.06935000000000001,1.33039509115277,0.010006666666666667,692.5744086666667,0.005223333333333333,7.040238958523593,24.28590031400015
PLA C,C-18,0,Cylinder,5.053333333333334,5.1866666666666665,0.0,1341.8417370160662,6.801666666666667,1.0251910391076713,6,104.02413483130036,122.45313807796312,0.974105249630534,0.8495015845577643,7.146492535192041,7.146492535192041,5.1866666666666665,104.02413483130037,264.8952841481482,3.5086877513989037,10.106666666666667,0.06801666666666667,1.3445307986132928,0.010106666666666667,686.0469342222223,0.005186666666666667,7.578525269258027,26.59067878591272
PLA C,C-19,0,Cylinder,3.063333333333333,1.09,0.0,1305.502394114361,3.114,1.2169552169246,5,8.033501750245025,25.230252774027264,2.8078215704246867,0.3184075015893197,4.332207546069581,4.332207546069581,1.09,8.033501750245025,20.457144222222222,10.120987089276829,6.126666666666667,0.031139999999999998,1.3081186313771154,0.0061266666666666665,190.40283119999998,0.00109,6.795262601845681,68.77476506152581
PLA C,C-2,0,Cylinder,4.8933333333333335,3.81,0.0,1330.2245463661332,6.2275,0.3278592177546131,4,71.65136341434423,96.18286105596496,1.284002449050993,0.7449493873201918,6.920218365212346,6.920218365212346,3.81,71.65136341434423,182.45869866666672,4.625247076530647,9.786666666666669,0.062275,1.3328903270201735,0.00978666666666667,608.2457373333335,0.00381,6.41649236900596,29.67786257132602
PLA C,C-20,0,Cylinder,5.053333333333334,5.203333333333333,0.0,1332.4164123038806,7.46,0.0,1,104.358402616748,122.71772999256548,0.9709857170306796,0.8503938479229552,7.146492535192041,7.146492535192041,5.203333333333333,104.358402616748,265.74649007407413,3.49744916154817,10.106666666666667,0.0746,1.3350865854748304,0.010106666666666667,752.4494186666667,0.005203333333333333,6.146955066731982,21.498662844216046
PLA C,C-21,0,Cylinder,4.946666666666666,3.863333333333333,0.0,1355.82365658398,6.045,0.2333452377915607,2,74.24673410186078,98.4744085506634,1.2800828085913916,0.7539698404348587,6.99564308853891,6.99564308853891,3.863333333333333,74.24673410186078,189.0677558518518,4.611111003199812,9.893333333333333,0.06045,1.3585407380601002,0.009893333333333332,596.8558959999999,0.0038633333333333328,7.437159267424921,34.2935669305725
PLA C,C-22,0,Cylinder,3.08,3.126666666666667,0.0,1286.2697627139228,6.066,0.4507549223247599,5,23.295546222479445,45.1551584075973,0.984759671746776,0.5158999999999999,4.355777772109133,4.355777772109133,3.126666666666667,23.295546222479445,59.32162133333334,3.547515036798149,6.16,0.06066,1.288847457629181,0.0061600000000000005,372.9182688,0.003126666666666667,4.815532564625053,17.08317418319853
PLA C,C-23,0,Cylinder,5.079999999999999,5.23,0.0,1328.3740942968943,7.386,0.5366842647218195,5,106.00320462719652,124.00368858543484,0.971133626457656,0.8548391248391249,7.184204896855322,7.184204896855322,5.23,106.00320462719651,269.934944,3.4979784979564807,10.159999999999998,0.07386,1.3310361666301547,0.010159999999999999,748.9167647999998,0.00523,6.226694085133915,21.780842023151237
PLA C,C-24,0,Cylinder,5.079999999999999,5.11,0.0,1383.2933822923117,6.480000000000001,0.0,1,103.57100872752852,122.08857370380652,0.9939346507532768,0.848326797385621,7.184204896855322,7.184204896855322,5.11,103.57100872752852,263.7414079999999,3.5801228071061426,10.159999999999998,0.06480000000000001,1.3860655133189497,0.010159999999999999,657.0512640000002,0.00511,9.217876811707892,33.00113100669028
PLA C,C-25,0,Cylinder,3.203333333333333,1.096666666666667,0.0,1156.75446320266,3.3120000000000003,0.3589846793388261,5,8.838301051785287,27.15486224678645,2.9183115699969626,0.3254776611076796,4.530197444801814,4.530197444801814,1.096666666666667,8.838301051785287,22.506548814814817,10.519197323124361,6.406666666666666,0.033120000000000004,1.1590726084194989,0.006406666666666666,211.7644224,0.0010966666666666668,3.120242820645418,32.82244992643129
PLA C,C-26,0,Cylinder,3.036666666666666,3.1533333333333338,0.0,1378.0519705812108,6.88,0.3332416540590328,5,22.83778644407648,44.56755840832835,0.9626968191905312,0.5124307289808538,4.294495184406299,4.294495184406299,3.1533333333333338,22.83778644407648,58.155945629629635,3.468026063505808,6.073333333333333,0.0688,1.3808135977767644,0.006073333333333333,417.00964266666665,0.003153333333333334,4.977421915708655,17.261828932742628
PLA C,C-27,0,Cylinder,4.903333333333333,3.1466666666666665,0.0,1383.455477102581,6.674,0.8090302837347931,5,59.41874257171069,86.23827168407408,1.5577676585830775,0.6890066488042078,6.9343605008360765,6.9343605008360765,3.1466666666666665,59.41874257171069,151.3085854814815,5.61171737740298,9.806666666666667,0.06674000000000001,1.386227932968518,0.009806666666666667,653.1879394666666,0.0031466666666666665,5.3532930455635395,30.041167610119434
PLA C,C-28,0,Cylinder,3.02,3.1633333333333336,0.0,1379.6321948551729,6.793333333333334,0.0709459888459759,3,22.65941664522711,44.338763196684425,0.954387443379332,0.5110520684736092,4.270924958366748,4.270924958366748,3.1633333333333336,22.65941664522711,57.701730666666684,3.4380888617000562,6.040000000000001,0.06793333333333335,1.3823969888328385,0.006040000000000001,409.4966986666668,0.0031633333333333335,5.14271639097653,17.68111594269872
PLA C,C-29,0,Cylinder,3.1,1.1266666666666667,0.0,1277.0251457480535,4.035,0.1484924240491748,2,8.503715354614414,26.067888641936907,2.74903931421815,0.326214196762142,4.384062043356595,4.384062043356595,1.1266666666666667,8.503715354614414,21.654533333333337,9.908806793208385,6.2,0.040350000000000004,1.279584314376807,0.0062,249.66966,0.0011266666666666667,3.795947286621366,37.613308260334726
PLA C,C-3,0,Cylinder,3.043333333333333,3.2000000000000006,0.0,1400.6483648090384,6.658333333333334,0.5383090809810542,6,23.277637748090584,45.14344724831641,0.9507445589919814,0.5156371337804448,4.303923274822119,4.303923274822119,3.2000000000000006,23.277637748090584,59.27601777777778,3.4249533193809896,6.086666666666666,0.06658333333333334,1.403455275359758,0.006086666666666666,404.46001444444437,0.0032000000000000006,5.713645788742396,19.568970109920482
PLA C,C-5,0,Cylinder,5.016666666666667,5.18,0.0,1357.3041290770643,5.779999999999999,1.400071426749364,2,102.38825267506,121.17061778372012,0.9682815415299492,0.8449924127465857,7.094638037905027,7.094638037905027,5.18,102.38825267506,260.72954444444446,3.487711855383385,10.033333333333333,0.05779999999999999,1.3600241774319282,0.010033333333333333,578.7668133333332,0.00518,10.952285410582595,38.1984156700314
PLA C,C-6,0,Cylinder,4.9366666666666665,3.773333333333333,0.0,1355.7608897293642,6.415000000000001,0.261629509039023,2,72.22418687438933,96.8019817015249,1.3079572551443963,0.7461023587004894,6.981500952915179,6.981500952915179,3.773333333333333,72.22418687438933,183.91738162962963,4.711549343564222,9.873333333333333,0.06415000000000001,1.3584778454202047,0.009873333333333333,632.1075846666668,0.003773333333333333,6.449011841868797,30.384837510194828
PLA C,C-7,0,Cylinder,3.06,3.18,0.0,1382.896326542447,6.488333333333333,0.5537297776593436,6,23.386210492066944,45.27851827912826,0.9619616472807292,0.5164968152866242,4.327493500861671,4.327493500861671,3.18,23.386210492066944,59.552496000000005,3.4653684621896157,6.12,0.06488333333333333,1.3856676618661794,0.0061200000000000004,396.29182800000007,0.00318,5.715747581712935,19.80717140750457
PLA C,C-8,0,Cylinder,4.903333333333333,3.1133333333333333,0.0,1388.6968175275292,6.445,0.4665118790913405,4,58.78930673938324,85.72479581813735,1.5744407577865782,0.6857911550364382,6.9343605008360765,6.9343605008360765,3.1133333333333333,58.78930673938324,149.7057402962963,5.671800004570036,9.806666666666667,0.06445000000000001,1.3914797770816927,0.009806666666666667,630.7755873333334,0.0031133333333333334,5.756892416369646,32.65194243347457
PLA C,C-9,0,Cylinder,5.036666666666666,5.2,0.0,1356.6784319577137,7.240000000000001,0.5940538696111665,3,103.60474454570615,122.12838466404452,0.9684035121451,0.848326495357374,7.1229223091524885,7.1229223091524885,5.2,103.60474454570615,263.8273155555555,3.488148599265096,10.073333333333332,0.0724,1.3593972264105347,0.010073333333333332,727.8507146666666,0.0052,6.995196771181511,24.40028581898051
PLA CUBE,CUBE-1,2,Cube,5.2,5.113333333333333,5.13,1035.8988434882212,5.43,0.0,1,136.40328,158.99346666666668,1.016750309587434,0.8579121202121498,7.353910524340095,7.353910524340095,5.2,136.40328,281.21600000000007,2.9156152341520856,10.4,0.054299999999999994,1.03797479307437,0.0104,563.59056,0.0052,1.314008285128834,3.8311425739236857
PLA CUBE,CUBE-10,2,Cube,3.016666666666667,2.986666666666667,3.1966666666666668,1006.9005220348412,6.048333333333333,0.4939804314612744,6,28.8012562962963,56.40086666666668,1.0097065714604487,0.5106436718931814,4.2662109131588375,4.2662109131588375,3.016666666666667,28.8012562962963,54.905009259259295,2.695972979020708,6.033333333333335,0.060483333333333326,1.0089183587523458,0.006033333333333335,364.1862788888889,0.003016666666666667,0.14429119503791565,0.38900516293282744
PLA CUBE,CUBE-11,2,Cube,3.056666666666666,3.0766666666666667,3.1833333333333336,1018.8006074278508,5.829999999999999,0.4195235392680604,6,29.937163148148144,57.85757777777778,0.9931766489764972,0.5174196168998534,4.32277945565376,4.32277945565376,3.056666666666666,29.937163148148144,57.1181639259259,2.698227673816542,6.113333333333332,0.05829999999999999,1.0208422920118745,0.006113333333333333,355.69451866666657,0.0030566666666666663,0.3677523450531599,0.9922795545333659
PLA CUBE,CUBE-13,2,Cube,3.0966666666666662,3.123333333333333,1.0833333333333333,1059.3709927290636,3.5725,0.3626177969524757,4,10.477915740740738,32.8205111111111,0.9911447775525444,0.3192392850307747,4.379347998148684,4.379347998148684,3.0966666666666662,10.477915740740738,59.39000659259257,8.015921760670148,6.1933333333333325,0.035725,1.0614939806904444,0.006193333333333333,220.81431966666668,0.0030966666666666664,2.9273968052293218,23.465783753153993
PLA CUBE,CUBE-14,2,Cube,5.01,3.9933333333333336,3.06,1140.1466274299416,5.868333333333333,0.4097031445652652,6,61.220196,95.1136,1.2542768922640406,0.6436466746430095,7.085209947489206,7.085209947489206,5.01,61.220195999999994,251.50300199999995,5.809830409656768,10.02,0.05868333333333333,1.142431490410763,0.01002,586.8309859999999,0.00501,4.0654928193465105,23.619823812080586
PLA CUBE,CUBE-15,2,Cube,2.99,2.9766666666666666,3.12,1098.35783619617,6.0840000000000005,0.2590945773265044,5,27.768728000000003,55.03246666666667,1.004141945594985,0.5045789349995519,4.228498551495555,4.228498551495555,2.99,27.768728000000003,53.46179800000003,2.7227174323739582,5.980000000000001,0.060840000000000005,1.1005589541043788,0.005980000000000001,363.0955536000001,0.00299,1.5937218551792691,4.339254277451961
PLA CUBE,CUBE-16,2,Cube,5.06,5.05,5.186666666666667,1075.1885516035677,6.0075,0.8807335957408842,4,132.53489333333334,155.9804,1.0017818253811126,0.8496839580445703,7.155920625607861,7.155920625607861,5.06,132.53489333333334,259.10843199999994,2.7648164905374863,10.12,0.060075,1.0773432380797272,0.010119999999999999,606.743082,0.005059999999999999,2.127572221638943,5.882346763196826
PLA CUBE,CUBE-17,2,Cube,3.143333333333333,3.1733333333333333,1.1566666666666665,1022.745684250762,3.86,0.1385640646055098,3,11.53757007407407,34.56224444444444,0.9902341699044418,0.3338103890281219,4.445344631059429,4.445344631059429,3.143333333333333,11.53757007407407,62.115689407407416,7.61380861239625,6.286666666666667,0.038599999999999995,1.0247952748003628,0.006286666666666667,242.18000266666664,0.003143333333333333,1.0263222814994604,7.814221425974759
PLA CUBE,CUBE-18,2,Cube,5.07,5.066666666666666,5.113333333333333,1071.9345210421966,6.73,0.0360555127546393,3,131.35130666666666,155.0403111111111,1.0004604354403737,0.847201985879319,7.170062761231593,7.170062761231593,5.07,131.35130666666666,260.64768600000014,2.8063024411154,10.140000000000002,0.0673,1.0740826864150266,0.010140000000000003,681.0571560000003,0.00507,1.6270224911269768,4.565917188599294
PLA CUBE,CUBE-19,2,Cube,5.1066666666666665,5.063333333333333,5.16,1039.5675862536796,5.755,0.4596194077712561,2,133.42085866666665,156.6679111111111,1.0083591127492926,0.8516103017531238,7.221917258518606,7.221917258518606,5.1066666666666665,133.42085866666665,266.3437605925926,2.823148960722453,10.213333333333335,0.05755,1.041650888029739,0.010213333333333335,586.6017786666667,0.0051066666666666665,1.2599987754194142,3.5571642333368825
PLA CUBE,CUBE-2,2,Cube,5.063333333333333,5.043333333333333,5.180000000000001,1028.9023828473678,6.28,0.411873767069475,6,132.27688288888888,155.7772222222222,1.0037666027886076,0.8491359125936873,7.160634670815771,7.160634670815771,5.063333333333333,132.27688288888888,259.62084140740734,2.775687686120331,10.126666666666665,0.06280000000000001,1.0309643114703084,0.010126666666666666,634.6827573333334,0.005063333333333333,0.7799695750005732,2.1649519448775987
PLA CUBE,CUBE-20,2,Cube,5.063333333333333,5.043333333333333,5.180000000000001,1028.9023828473678,6.03,0.0,1,132.27688288888888,155.7772222222222,1.0037666027886076,0.8491359125936873,7.160634670815771,7.160634670815771,5.063333333333333,132.27688288888888,259.62084140740734,2.775687686120331,10.126666666666665,0.0603,1.0309643114703084,0.010126666666666666,609.4167239999999,0.005063333333333333,0.8459843427061107,2.3481883226999534
PLA CUBE,CUBE-21,2,Cube,3.1533333333333338,3.1300000000000003,1.0933333333333335,1047.156602238975,3.673333333333333,0.5967132197854063,6,10.791127111111114,33.47942222222223,1.0071329713616524,0.3223115598568716,4.459486766683161,4.459486766683161,3.1533333333333338,10.791127111111114,62.710410074074105,8.218410506666933,6.3066666666666675,0.036733333333333326,1.0492551124639027,0.006306666666666668,231.2015591111111,0.003153333333333334,2.2583930059235207,18.56040080806498
PLA CUBE,CUBE-22,2,Cube,3.11,3.06,3.1533333333333338,1046.3523424230025,6.103333333333333,0.3563518860153074,6,30.00901200000001,57.94533333333335,1.0160078405749755,0.5178759426825972,4.3982041789803255,4.3982041789803255,3.11,30.009012000000006,60.16046199999999,2.8351397000018257,6.22,0.06103333333333333,1.048449240904812,0.00622,378.8680786666666,0.00311,0.7936192433904123,2.2500214236215696
PLA CUBE,CUBE-23,2,Cube,4.95,3.786666666666666,3.123333333333333,1052.2043681512769,5.454999999999999,0.3229705868960824,6,58.54375999999999,92.06304444444444,1.3068731848983546,0.6359025432054303,7.000357133746821,7.000357133746821,4.95,58.54375999999999,242.57475000000002,5.859762019714194,9.9,0.054549999999999994,1.054312994139556,0.0099,538.96491,0.00495,1.7726313963978366,10.387198131564979
PLA CUBE,CUBE-24,2,Cube,3.126666666666667,3.11,1.13,1019.2896315735156,3.868,0.251137412585222,5,10.988044666666664,33.54273333333333,1.0050358941390765,0.3275736948381814,4.421774405019878,4.421774405019878,3.126666666666667,10.988044666666665,61.13286459259262,7.868090168565854,6.253333333333335,0.03868,1.0213322961658473,0.006253333333333335,241.39517546666673,0.003126666666666667,0.8746720731617101,6.881998739562765
PLA CUBE,CUBE-26,2,Cube,5.01,5.01,5.193333333333334,1082.4438153740252,6.800000000000001,0.0,1,130.35318600000002,154.27460000000002,0.9998004390341249,0.844937151435483,7.085209947489206,7.085209947489206,5.01,130.35318600000002,251.50300199999995,2.728578927146035,10.02,0.068,1.084613041456939,0.01002,679.99728,0.00501,1.7986895427464467,4.907866382815891
PLA CUBE,CUBE-27,2,Cube,5.196666666666666,5.026666666666666,3.88,1047.8227991893011,5.9125,0.3727711541057508,4,101.35301511111108,131.57688888888887,1.0336140025193925,0.7702891113924071,7.349196479132184,7.349196479132184,5.196666666666666,101.35301511111109,280.6755465925926,3.916362667480338,10.393333333333333,0.059125,1.0499226444782577,0.010393333333333333,613.2768216666666,0.005196666666666666,1.4560595547079571,5.702457281686288
PLA CUBE,CUBE-28,2,Cube,5.056666666666666,5.069999999999999,5.013333333333334,1144.4947525343518,6.759999999999999,0.9395211546314424,3,128.52833066666665,152.81131111111108,0.9971734700585024,0.8410862301088597,7.15120658039995,7.15120658039995,5.056666666666666,128.52833066666665,258.59669725925914,2.8453723358268084,10.113333333333332,0.0676,1.1467883291927372,0.010113333333333332,682.2940106666665,0.005056666666666666,3.186848840683976,9.067771529743922
PLA CUBE,CUBE-3,2,Cube,3.11,3.083333333333333,3.783333333333333,1047.4375107433168,5.8660000000000005,1.2607656403947562,5,36.27901388888888,66.04122222222222,1.0083216254187832,0.5493306050001682,4.3982041789803255,4.3982041789803255,3.11,36.27901388888888,60.16046199999999,2.345150326841944,6.22,0.058660000000000004,1.049536583911139,0.00622,364.1354696,0.00311,0.8784182067558188,2.060022744677323
PLA CUBE,CUBE-4,2,Cube,5.05,5.04,5.193333333333334,1028.894380360464,6.1,0.6788225099390853,2,132.18072,155.70546666666667,1.0017853600476094,0.8489096363799064,7.14177848998413,7.14177848998413,5.05,132.18072,257.57525,2.7558210598462507,10.1,0.061,1.0309562929463567,0.0101,614.8678,0.00505,0.8242892935818247,2.2715937946585814
PLA CUBE,CUBE-5,2,Cube,3.0700000000000003,3.053333333333333,3.796666666666667,1039.6488087554087,6.52,0.5529556944276819,6,35.588940888888885,65.24397777777779,1.0051293244570558,0.5454663653975579,4.341635636485402,4.341635636485402,3.0700000000000003,35.588940888888885,57.868886000000025,2.299561644054804,6.140000000000001,0.0652,1.0417322733020127,0.0061400000000000005,399.52734399999997,0.0030700000000000002,0.5913086469921364,1.3597506844210587
PLA CUBE,CUBE-6,2,Cube,5.06,5.05,5.186666666666667,1075.1885516035677,7.09,0.5172362451852472,4,132.53489333333334,155.9804,1.0017818253811126,0.8496839580445703,7.155920625607861,7.155920625607861,5.06,132.53489333333334,259.10843199999994,2.7648164905374863,10.12,0.0709,1.0773432380797272,0.010119999999999999,716.0729839999999,0.005059999999999999,1.5274936024016608,4.223239501110622
PLA CUBE,CUBE-7,2,Cube,2.983333333333334,2.9633333333333334,3.1466666666666665,1089.2049392415097,5.942,0.553416660392511,5,27.818456296296297,55.10557777777778,1.00640953558979,0.504811901194023,4.219070461079735,4.219070461079735,2.983333333333334,27.818456296296297,53.10499074074078,2.699711203789988,5.966666666666669,0.05942,1.0913877146708515,0.005966666666666669,353.8302546666668,0.002983333333333334,1.5150372321278223,4.090162989734455
PLA CUBE,CUBE-8,2,Cube,5.206666666666666,5.156666666666666,5.052333333333333,1093.989292299615,7.505,0.0636396103067891,2,135.6503222148148,158.41611777777774,1.0095004200866025,0.8562857607667155,7.363338614755914,7.363338614755914,5.206666666666666,135.6503222148148,282.2989872592592,2.9430896285967885,10.413333333333332,0.07505,1.0961816556108368,0.010413333333333332,779.9576253333332,0.005206666666666666,1.7444142799038098,5.133967575161038
PLA CUBE,CUBE-9,2,Cube,5.1066666666666665,5.063333333333333,5.16,1039.5675862536796,6.673333333333333,0.4099593475781065,6,133.42085866666665,156.6679111111111,1.0083591127492926,0.8516103017531238,7.221917258518606,7.221917258518606,5.1066666666666665,133.42085866666665,266.3437605925926,2.823148960722453,10.213333333333335,0.06673333333333333,1.041650888029739,0.010213333333333335,680.2066382222222,0.0051066666666666665,0.9370767057037455,2.645507127824749
PLA HC,HC-1,1,Half Cylinder,4.77,5.109999999999999,0.0,1276.8754933311932,4.8260000000000005,0.3611509379746926,5,45.65806940287261,56.15777509869336,0.9332811582860496,0.813032021347565,6.99035049192814,6.973813409827108,2.385,91.31613880574523,116.26731899999996,3.727405804796236,9.874161912541458,0.048260000000000004,1.2794343620553037,0.009874161912541458,475.57399979145237,0.002385,5.61426052130394,20.92662725674665
PLA HC,HC-11,1,Half Cylinder,4.83,3.856666666666667,0.0,1248.1373839778155,4.953333333333333,0.6269237061503837,3,35.33183970448954,47.58279795072002,1.252052190443273,0.7425338825405263,6.1808395690049895,6.02756301697659,2.415,70.66367940897908,89.97179100000001,3.218265207146743,8.633324603036868,0.04953333333333333,1.2506386613004163,0.008633324603036868,426.7820706464186,0.002415,4.840264458952578,15.577254701636035
PLA HC,HC-12,1,Half Cylinder,4.89,5.126666666666666,0.0,1233.7973557756006,5.485,0.0070710678118653,2,48.14073145422878,58.15944085792809,0.9536501332639928,0.827737178076161,7.084829645877951,7.076923864947327,2.445,96.28146290845756,122.58936599999997,3.68738335230568,10.013873501366596,0.05485,1.2362698955667342,0.010013873501366597,548.1624396268579,0.0024449999999999997,3.7673241709983047,13.891568430877944
PLA HC,HC-4,1,Half Cylinder,2.806666666666666,2.533333333333333,0.0,1186.2300390594169,4.33,0.2679552201394851,6,7.836712182802413,17.35558898841665,1.1074575825332105,0.4515382444256279,3.780893486407089,3.761133312950812,1.403333333333333,15.673424365604827,19.956023703703696,3.4214275896893773,5.333036597787784,0.0433,1.18860725356655,0.005333036597787784,230.45864371484262,0.001403333333333333,2.76976193555315,9.476539903172998
PLA HC,HC-6,1,Half Cylinder,4.723333333333334,3.7433333333333336,0.0,1192.252481427715,4.824999999999999,0.1484924240491746,2,32.79559981209944,45.2954043396413,1.261461764444049,0.724038129038129,6.02680862664663,5.867453973214673,2.361666666666667,65.59119962419888,83.51330914814817,3.206262278957208,8.411268533937962,0.048249999999999994,1.1946417649576304,0.008411268533937963,405.03201934898163,0.002361666666666667,3.873994515568319,12.421042484153803
PLA HC,HC-9,1,Half Cylinder,4.86,4.933333333333334,0.0,1245.6634052149975,5.255000000000001,0.1484924240491746,2,45.75861646844984,56.21220319141681,0.9849354860501248,0.8140334993209597,6.925126553195817,6.92434999297898,2.43,91.51723293689969,116.52336000000003,3.628333582813151,9.793058797078968,0.052550000000000006,1.2481597246643261,0.009793058797078969,513.5959893069269,0.0024300000000000003,4.284411087417524,15.545272631054015
RESIN (a=6 r=3),C-1,0,Cylinder,6.1,6.3,0.0,1210.1106570899371,9.163333333333332,0.8451903138741393,6,184.11539365812,179.18073699749382,0.9681003015394382,1.0275401069518717,8.62670273047588,8.62670273047588,6.3,184.11539365811998,468.84600000000006,3.486939383211651,12.200000000000001,0.09163333333333332,1.2125357285470313,0.0122,1115.6908133333332,0.0063,3.1287043810773514,10.90960252480545
RESIN (a=6 r=3),C-2,0,Cylinder,6.1,6.3,0.0,1172.0910224416891,9.708333333333334,0.8456338845308095,6,184.11539365812,179.18073699749382,0.9681003015394382,1.0275401069518717,8.62670273047588,8.62670273047588,6.3,184.11539365811998,468.84600000000006,3.486939383211651,12.200000000000001,0.09708333333333334,1.1744399022461816,0.0122,1182.0478333333335,0.0063,2.28768396707545,7.977015321137252
RESIN (a=6 r=3),C-3,0,Cylinder,6.1,6.3,0.0,1163.943957874208,9.0575,0.9320363011528394,4,184.11539365812,179.18073699749382,0.9681003015394382,1.0275401069518717,8.62670273047588,8.62670273047588,6.3,184.11539365811998,468.84600000000006,3.486939383211651,12.200000000000001,0.09057499999999999,1.166276510896,0.0122,1102.80497,0.0063,2.50526556986432,8.735709180964076
RESIN (a=6 r=3),C-4,0,Cylinder,6.1,6.3,0.0,1203.0498677981195,9.239999999999998,0.4242640687119276,2,184.11539365812,179.18073699749382,0.9681003015394382,1.0275401069518717,8.62670273047588,8.62670273047588,6.3,184.11539365811998,468.84600000000006,3.486939383211651,12.200000000000001,0.09239999999999998,1.2054607893768732,0.0122,1125.02544,0.0063,2.974572526250187,10.37215409000115
RESIN (a=6 r=3),C-5,0,Cylinder,6.1,6.3,0.0,1191.6439774036455,7.3066666666666675,2.160098763174191,6,184.11539365812,179.18073699749382,0.9681003015394382,1.0275401069518717,8.62670273047588,8.62670273047588,6.3,184.11539365811998,468.84600000000006,3.486939383211651,12.200000000000001,0.07306666666666667,1.1940320414866188,0.0122,889.6305066666667,0.0063,4.4923585907937245,15.66458209374783
RESIN (a=6 r=3),C-6,0,Cylinder,6.1,6.3,0.0,1202.5067301602876,7.796666666666667,3.801924951039057,3,184.11539365812,179.18073699749382,0.9682539682539684,1.0275401069518717,8.62670273047588,8.62670273047588,6.3,184.11539365811998,468.84600000000006,3.486939383211651,12.200000000000001,0.07796666666666667,1.2049165632868613,0.0122,949.2909466666666,0.0063,4.166761876011772,14.529246085930309
RESIN (a=6 r=3),CUBE-1,2,Cube,6.24,6.24,6.24,1151.1343666829412,8.1,0.9733652962788436,6,242.970624,233.6256,0.9998397692677456,1.0399955484521026,8.824692629208114,8.824692629208114,6.24,242.97062400000002,485.94124800000003,2.8284271247461903,12.48,0.081,1.1534412491813038,0.01248,1008.8582400000001,0.00624,2.8632263386325256,8.098427040475956
RESIN (a=6 r=3),CUBE-2,2,Cube,6.24,6.24,6.24,1154.8331204495057,8.738333333333333,0.7947179793276776,6,242.970624,233.6256,0.9998397692677456,1.0399955484521026,8.824692629208114,8.824692629208114,6.24,242.97062400000002,485.94124800000003,2.8284271247461903,12.48,0.08738333333333333,1.1571474152800658,0.01248,1088.3629119999998,0.00624,2.5196117229455424,7.126538141007655
RESIN (a=6 r=3),CUBE-3,2,Cube,6.24,6.24,6.24,1158.5318742160696,9.75,0.3535533905932738,2,242.970624,233.6256,0.9998397692677456,1.0399955484521026,8.824692629208114,8.824692629208114,6.24,242.97062400000002,485.94124800000003,2.8284271247461903,12.48,0.0975,1.1608535813788272,0.01248,1214.3664,0.00624,2.071596154520674,5.859358754966174
RESIN (a=6 r=3),CUBE-4,2,Cube,6.24,6.24,6.24,1149.4904761200237,8.45,1.412397488905537,4,242.970624,233.6256,0.9998397692677456,1.0399955484521026,8.824692629208114,8.824692629208114,6.24,242.97062400000002,485.94124800000003,2.8284271247461903,12.48,0.08449999999999999,1.1517940642485207,0.01248,1052.4508799999999,0.00624,2.602705105993389,7.36156171950711
RESIN (a=6 r=3),CUBE-5,2,Cube,6.24,6.24,6.24,1130.5857346464732,8.015,1.70157769927402,4,242.970624,233.6256,0.9998397692677456,1.0399955484521026,8.824692629208114,8.824692629208114,6.24,242.97062400000002,485.94124800000003,2.8284271247461903,12.48,0.08015,1.1328514375215162,0.01248,998.271456,0.00624,2.5318781299464943,7.161232779292324
RESIN (a=6 r=3),CUBE-6,2,Cube,6.24,6.24,6.24,1151.1343666829412,8.455,2.5903088618927272,4,242.970624,233.6256,0.9998397692677456,1.0399955484521026,8.824692629208114,8.824692629208114,6.24,242.97062400000002,485.94124800000003,2.8284271247461903,12.48,0.08455,1.1534412491813038,0.01248,1053.073632,0.00624,2.6278374303264123,7.432646667358552
RESIN (a=6 r=3),D-1,6,Elliptic Cylinder,6.0,6.0,0.0,1061.4216849505126,3.5083333333333333,0.3740810963770646,6,141.3716694115407,108.0,0.9998333611064822,1.3089848187659436,8.48528137423857,8.485281374238571,6.0,169.64600329384882,432.0,3.6012652646284247,12.0,0.035083333333333334,1.0635487825155436,0.012,420.158,0.006,6.077931322849063,21.88824295377342
RESIN (a=6 r=3),D-2,6,Elliptic Cylinder,6.0,6.0,0.0,1112.3385923466628,3.125,0.4596194077712561,2,141.3716694115407,108.0,0.9998333611064822,1.3089848187659436,8.48528137423857,8.485281374238571,6.0,169.64600329384882,432.0,3.6012652646284247,12.0,0.03125,1.1145677278022674,0.012,374.25,0.006,13.810598826888112,49.73562983899023
RESIN (a=6 r=3),D-3,6,Elliptic Cylinder,6.0,6.0,0.0,1069.255055319151,2.982,0.5054404020257977,5,141.3716694115407,108.0,0.9998333611064822,1.3089848187659436,8.48528137423857,8.485281374238571,6.0,169.64600329384882,432.0,3.6012652646284247,12.0,0.029820000000000003,1.0713978510211934,0.012,357.12432000000007,0.006,9.451921704848916,34.03887731965988
RESIN (a=6 r=3),D-4,6,Elliptic Cylinder,6.0,6.0,0.0,1015.0031600490588,2.9800000000000004,0.3874704289792106,4,141.3716694115407,108.0,0.9998333611064822,1.3089848187659436,8.48528137423857,8.485281374238571,6.0,169.64600329384882,432.0,3.6012652646284247,12.0,0.029800000000000004,1.017037234518095,0.012,356.88480000000004,0.006,2.258483004673362,8.133396395483816
RESIN (a=6 r=3),D-5,6,Elliptic Cylinder,6.0,6.0,0.0,1061.4216849505126,2.538,0.6684085576950674,5,141.3716694115407,108.0,0.9998333611064822,1.3089848187659436,8.48528137423857,8.485281374238571,6.0,169.64600329384882,432.0,3.6012652646284247,12.0,0.02538,1.0635487825155436,0.012,303.95088,0.006,11.613797585960224,41.82436583674401
RESIN (a=6 r=3),D-6,6,Elliptic Cylinder,6.0,6.0,0.0,1077.0884256877896,2.6633333333333336,0.7833432623484209,6,141.3716694115407,108.0,0.9998333611064822,1.3089848187659436,8.48528137423857,8.485281374238571,6.0,169.64600329384882,432.0,3.6012652646284247,12.0,0.026633333333333335,1.0792469195268433,0.012,318.9608,0.006,13.15169091218527,47.362727653182134
RESIN (a=6 r=3),D-7,6,Elliptic Cylinder,6.0,6.0,0.0,1124.0886478996204,3.3200000000000003,0.3615936946352909,5,141.3716694115407,108.0,0.9998333611064822,1.3089848187659436,8.48528137423857,8.485281374238571,6.0,169.64600329384882,432.0,3.6012652646284247,12.0,0.0332,1.126341330560742,0.012,397.6032,0.006,13.493342133846115,48.593104330367204
RESIN (a=6 r=3),D-8,6,Elliptic Cylinder,6.0,6.0,0.0,1032.2794993862915,3.075,0.4030508652763318,2,141.3716694115407,108.0,0.9998333611064822,1.3089848187659436,8.48528137423857,8.485281374238571,6.0,169.64600329384882,432.0,3.6012652646284247,12.0,0.030750000000000003,1.034348195777847,0.012,368.26200000000006,0.006,4.276258424977893,15.399940928447544
RESIN (a=9 r=4.5),C-1,0,Cylinder,9.15,9.4,0.0,1156.767607382851,8.61,1.5726410906497383,3,618.101678709403,401.71937960534393,0.9733007126901394,1.5386404293381035,12.94005409571382,12.94005409571382,9.4,618.101678709403,1573.9830000000002,3.5054869331223495,18.3,0.0861,1.1590857789407325,0.0183,1572.4787399999998,0.0094,3.957782396354807,13.873954474563435
RESIN (a=9 r=4.5),C-2,0,Cylinder,9.15,9.4,0.0,1158.7090355351022,9.3525,1.69979165389958,4,618.101678709403,401.71937960534393,0.9733007126901394,1.5386404293381035,12.94005409571382,12.94005409571382,9.4,618.101678709403,1573.9830000000002,3.5054869331223495,18.3,0.093525,1.1610310977305633,0.0183,1708.0844849999999,0.0094,3.3953236331825267,11.902262629842848
RESIN (a=9 r=4.5),C-3,0,Cylinder,9.15,9.4,0.0,1168.577961975711,10.47,1.725340546095175,2,618.101678709403,401.71937960534393,0.9733007126901394,1.5386404293381035,12.94005409571382,12.94005409571382,9.4,618.101678709403,1573.9830000000002,3.5054869331223495,18.3,0.1047,1.1709198015788689,0.0183,1912.17798,0.0094,2.875582773502829,10.080317837625891
RESIN (a=9 r=4.5),C-4,0,Cylinder,9.15,9.4,0.0,1171.3283185247333,9.51,1.053280589396767,4,618.101678709403,401.71937960534393,0.9733007126901394,1.5386404293381035,12.94005409571382,12.94005409571382,9.4,618.101678709403,1573.9830000000002,3.5054869331223495,18.3,0.0951,1.1736756698644621,0.0183,1736.84934,0.0094,3.5416431916553637,12.41518393012961
RESIN (a=9 r=4.5),C-5,0,Cylinder,9.15,9.4,0.0,1181.1972449653422,9.164,1.8718386682617716,5,618.101678709403,401.71937960534393,0.9733007126901394,1.5386404293381035,12.94005409571382,12.94005409571382,9.4,618.101678709403,1573.9830000000002,3.5054869331223495,18.3,0.09164,1.1835643737127677,0.0183,1673.657976,0.0094,4.03129975834623,14.131668626381995
RESIN (a=9 r=4.5),C-6,0,Cylinder,9.15,9.4,0.0,1181.0354592859878,8.5375,2.5693368145625963,4,618.101678709403,401.71937960534393,0.9733007126901394,1.5386404293381035,12.94005409571382,12.94005409571382,9.4,618.101678709403,1573.9830000000002,3.5054869331223495,18.3,0.08537499999999999,1.183402263813615,0.0183,1559.2377749999996,0.0094,4.6405570409581225,16.267412069487612
RESIN (a=9 r=4.5),CUBE-1,2,Cube,9.25,9.25,9.25,1159.3614761697004,7.883333333333333,4.544285789134893,3,791.453125,513.375,1.0,1.5416666666666667,13.08147545195113,13.08147545195113,9.25,791.453125,1582.9062500000002,2.8284271247461907,18.5,0.07883333333333332,1.1616848458614233,0.0185,1455.499833333333,0.00925,4.721611740282999,13.3547347187365
RESIN (a=9 r=4.5),CUBE-2,2,Cube,9.25,9.25,9.25,1153.0427412875893,8.709999999999999,0.2594224354214569,3,791.453125,513.375,0.9998919035779916,1.5416636636695134,13.08147545195113,13.08147545195113,9.25,791.453125,1582.9062500000002,2.8284271247461907,18.5,0.0871,1.1553534481839571,0.0185,1608.1272999999999,0.00925,3.7164245728434744,10.511636068903758
RESIN (a=9 r=4.5),CUBE-3,2,Cube,9.25,9.25,9.25,1150.2624979394604,9.445,1.3930003589374975,2,791.453125,513.375,0.9998919035779916,1.5416636636695134,13.08147545195113,13.08147545195113,9.25,791.453125,1582.9062500000002,2.8284271247461907,18.5,0.09445,1.1525676332058723,0.0185,1743.83035,0.00925,3.1038392467906033,8.778983116474329
RESIN (a=9 r=4.5),CUBE-4,2,Cube,9.25,9.25,9.25,1162.8999677036825,8.988,1.501622455878974,5,791.453125,513.375,0.9998919035779916,1.5416636636695134,13.08147545195113,13.08147545195113,9.25,791.453125,1582.9062500000002,2.8284271247461907,18.5,0.08988,1.1652304285608042,0.0185,1659.45444,0.00925,3.7119715382956264,10.499040985201193
RESIN (a=9 r=4.5),CUBE-5,2,Cube,9.25,9.25,9.25,1161.3834713319757,9.76,0.0,1,791.453125,513.375,0.9998919035779916,1.5416636636695134,13.08147545195113,13.08147545195113,9.25,791.453125,1582.9062500000002,2.8284271247461907,18.5,0.09759999999999999,1.163710893118212,0.0185,1801.9887999999996,0.00925,3.11902372488481,8.821931306191097
RESIN (a=9 r=4.5),D-1,6,Elliptic Cylinder,9.07,9.07,0.0,1148.0128131767472,3.955,0.2751545020529373,6,323.0535068603737,246.79470000000003,0.9998897585712712,1.3089916350259492,12.826917010723973,12.826917010723973,9.07,586.0190614447181,1492.2852860000003,3.6012652646284242,18.14,0.03955,1.1503134400568609,0.01814,716.002126,0.00907,17.100591338918445,61.583765593452675
RESIN (a=9 r=4.5),D-2,6,Elliptic Cylinder,9.07,9.07,0.0,1157.4337858522888,3.926666666666667,0.2861934077973606,6,323.0535068603737,246.79470000000003,0.9998897585712712,1.3089916350259492,12.826917010723973,12.826917010723973,9.07,586.0190614447181,1492.2852860000003,3.6012652646284242,18.14,0.03926666666666667,1.1597532924371632,0.01814,710.8727386666668,0.00907,18.43775484573485,66.39924608367933
RESIN (a=9 r=4.5),D-3,6,Elliptic Cylinder,9.07,9.07,0.0,1173.5840247246467,3.642,0.3569593814427628,5,323.0535068603737,246.79470000000003,0.9998897585712712,1.3089916350259492,12.826917010723973,12.826917010723973,9.07,586.0190614447181,1492.2852860000003,3.6012652646284242,18.14,0.03642,1.175935896517682,0.01814,659.3374824,0.00907,23.603742359767022,85.00333747546753
RESIN (a=9 r=4.5),D-4,6,Elliptic Cylinder,9.07,9.07,0.0,1104.9455095171272,3.694,0.4583448483401988,5,323.0535068603737,246.79470000000003,0.9998897585712712,1.3089916350259492,12.826917010723973,12.826917010723973,9.07,586.0190614447181,1492.2852860000003,3.6012652646284242,18.14,0.03694,1.1071598291754783,0.01814,668.7514168,0.00907,13.974765225450508,50.326836587752126
RESIN (a=9 r=4.5),D-5,6,Elliptic Cylinder,9.07,9.07,0.0,1091.4869771234958,3.605,0.3402450097601232,4,323.0535068603737,246.79470000000003,0.9998897585712712,1.3089916350259492,12.826917010723973,12.826917010723973,9.07,586.0190614447181,1492.2852860000003,3.6012652646284242,18.14,0.03605,1.0936743257750459,0.01814,652.639106,0.00907,12.826741072271751,46.192497081955004
RESIN (a=9 r=4.5),D-6,6,Elliptic Cylinder,9.07,9.07,0.0,1174.9298779640098,3.186,0.6930223661614392,5,323.0535068603737,246.79470000000003,0.9998897585712712,1.3089916350259492,12.826917010723973,12.826917010723973,9.07,586.0190614447181,1492.2852860000003,3.6012652646284242,18.14,0.03186,1.1772844468577253,0.01814,576.7845192,0.00907,31.080313003740397,111.92845163414941
RESIN (a=9 r=4.5),D-7,6,Elliptic Cylinder,9.07,9.07,0.0,1146.666959937384,3.466,0.8606567259947483,5,323.0535068603737,246.79470000000003,0.9998897585712712,1.3089916350259492,12.826917010723973,12.826917010723973,9.07,586.0190614447181,1492.2852860000003,3.6012652646284242,18.14,0.03466,1.1489648897168177,0.01814,627.4749352000001,0.00907,22.06648161876257,79.46725376621124
RESIN (a=9 r=4.5),D-8,6,Elliptic Cylinder,9.07,9.07,0.0,1152.0503728948363,3.594,0.7512522878500939,5,323.0535068603737,246.79470000000003,0.9998897585712712,1.3089916350259492,12.826917010723973,12.826917010723973,9.07,586.0190614447181,1492.2852860000003,3.6012652646284242,18.14,0.03594,1.1543590910769903,0.01814,650.6476967999998,0.00907,21.265830949669166,76.58389832250366
WSP,WSP-12,3,Wedge Shape Prism,3.4433333333333334,3.5066666666666664,2.856666666666667,1235.021809151558,3.6216666666666666,0.4456642981737109,6,17.246585407407405,63.85691111111111,0.9816592226551364,0.2700775065660822,5.964028280728834,5.622939787322274,2.4348043498856784,17.246585407407405,81.6520694074074,11.265223646316654,8.19677285187196,0.03621666666666667,1.2374968027570723,0.00819677285187196,296.2660705383922,0.002434804349885678,8.64975661505972,97.44144275485466
WSP,WSP-15,3,Wedge Shape Prism,4.023333333333333,1.6733333333333331,2.8766666666666665,1228.898572288358,1.93,0.0,1,9.68340337037037,46.239577777777775,2.4029464463468053,0.2094135461911119,6.968617749118783,6.570075821198436,2.844926282973876,9.68340337037037,130.25309207407406,32.00632155760956,9.577449014723578,0.019299999999999998,1.2313612948781143,0.009577449014723578,184.4750764521967,0.002844926282973876,34.66938269038342,1109.6394105922348
WSP,WSP-18,3,Wedge Shape Prism,3.61,3.4800000000000004,2.85,1200.9853665984556,4.293333333333334,0.3875994496040124,3,17.90199,65.5386,1.0370583165756966,0.2731476847585277,6.252703415323646,5.895105314298182,2.5526554800834362,17.90199,94.09176199999997,12.506219207370261,8.593518875679896,0.04293333333333334,1.203392150900256,0.008593518875679896,368.2105135750652,0.002552655480083436,5.52632191594485,69.11339329130071
WSP,WSP-2,3,Wedge Shape Prism,3.49,3.516666666666666,2.3466666666666662,1236.073628322845,2.87,0.0,1,14.40051555555555,57.43095555555554,0.9924170616113748,0.2507448364083945,6.0448573184153815,5.699146134875528,2.467802666341051,14.40051555555555,85.01709800000002,14.04765980826952,8.307861738538183,0.0287,1.2385507297824099,0.008307861738538182,237.9587606322537,0.002467802666341051,14.022530335474674,196.98373580388767
WSP,WSP-20,3,Wedge Shape Prism,3.4166666666666665,3.456666666666667,2.3633333333333333,1253.962386789141,4.615,0.6940941338656214,4,13.955811574074076,56.10851111111111,0.9881422924901184,0.2487245263363285,5.917840259193664,5.579393303006127,2.415948169054037,13.955811574074076,79.7696759259259,13.600612777938359,8.133293488062689,0.046150000000000004,1.2564753374640691,0.008133293488062689,374.60079148514495,0.002415948169054037,5.708063753075303,77.63316481736275
WSP,WSP-21,3,Wedge Shape Prism,4.343333333333333,1.6133333333333333,2.85,1241.8304580952322,4.0325,0.4740868415526136,4,9.985323333333332,47.96748888888888,2.690481106752013,0.2081642254035288,7.522874007540822,7.09263363299218,3.071200452953571,9.985323333333332,163.87000940740734,39.049285503045965,10.339201380434814,0.040325,1.244319096287808,0.010339201380434813,416.0944390747017,0.003071200452953571,9.053485854829642,353.53215394303083
WSP,WSP-26,3,Wedge Shape Prism,2.4466666666666668,2.47,2.856666666666667,1285.9255449109496,3.2525,0.93203630115284,4,8.631799222222224,40.17708888888889,0.9901524349116416,0.2148384719366111,4.237750975851853,3.9953899360063394,1.7300545913030863,8.631799222222224,29.292363259259258,8.074745195549228,5.8242316295005025,0.032525,1.2885025500109715,0.005824231629500503,189.05426748200486,0.0017300545913030863,9.257076571461718,74.74853457024183
WSP,WSP-27,3,Wedge Shape Prism,2.57,2.523333333333333,2.3466666666666667,1182.8159448145393,3.806666666666666,0.0611010092660776,3,7.609027555555554,36.87464444444444,1.0180905849729305,0.2063429038377634,4.451370575452014,4.196792425968511,1.817264427649427,7.609027555555554,33.94918599999999,10.616367755716256,6.117823687118374,0.038066666666666665,1.1851863174494381,0.006117823687118374,232.4193847129268,0.001817264427649427,4.556551945867441,48.374031155353265
WSP,WSP-28,3,Wedge Shape Prism,3.27,1.663333333333333,2.353333333333333,1203.1293237460072,3.2433333333333336,0.1457166199626292,3,6.4000076666666645,34.09775555555555,1.964750650911276,0.1876903588531089,5.6638061407502285,5.339887639267328,2.3122391744800104,6.4000076666666645,69.93156599999999,25.999710060261897,7.7841569871117064,0.032433333333333335,1.2055404045551175,0.007784156987111706,251.96122596542568,0.0023122391744800105,8.864327514573485,230.46994525811257
WSP,WSP-30,3,Wedge Shape Prism,2.4633333333333334,2.4633333333333334,2.3666666666666667,1281.2562104368624,3.2125,0.5343142021944265,4,7.180479814814816,35.455577777777776,0.9995942107398892,0.2025147452136552,4.266618489311334,4.02260648870393,1.741839704322862,7.180479814814816,29.89506807407407,9.906536100398034,5.863906231881296,0.032125,1.2838238581531687,0.005863906231881296,188.00123172378824,0.001741839704322862,9.3987438906683,93.10899565130099
WSP,WSP-4,3,Wedge Shape Prism,3.5500000000000003,3.48,2.83,1235.6500131173404,4.51,0.0,1,17.48091,64.49780000000001,1.0201149425287357,0.2710311049369125,6.148780366869515,5.797125724586856,2.5102290732122436,17.48091,89.47775000000001,12.179424384321118,8.45069030710904,0.0451,1.2381262656486378,0.00845069030710904,380.36388058491644,0.0025102290732122437,5.765892961187662,70.2252573288745
WSP,WSP-41,3,Wedge Shape Prism,4.253333333333333,1.606666666666667,2.8233333333333337,1261.0,3.12,0.6363961030678924,2,9.646890814814816,46.75684444444445,2.6456562305618907,0.2063159867490644,7.366989434859624,6.945664248425189,3.0075608426467815,9.646890814814816,153.89278340740734,37.95828978527139,10.124958527578528,0.031200000000000002,1.2635270541082164,0.010124958527578528,315.26690864832915,0.0030075608426467816,15.97457983203005,606.3677304621486
WSP,WSP-42,3,Wedge Shape Prism,2.466666666666667,2.3866666666666663,2.856666666666667,1308.146725542255,4.516666666666667,2.19777918211392,3,8.408757037037036,39.50293333333333,1.0330866955186375,0.2128587289291961,4.2723919920032305,4.0280497992434485,1.7441967269268173,8.408757037037036,30.01659259259259,8.493864568427687,5.871841152357454,0.04516666666666667,1.3107682620663876,0.005871841152357454,264.6810690640487,0.0017441967269268173,5.213087905921664,44.27926265620691
WSP,WSP-44,3,Wedge Shape Prism,1.663333333333333,2.436666666666667,2.3633333333333333,1294.5728028071906,2.855,0.279583022851293,4,4.78928187037037,27.48531111111111,0.6823465062217966,0.1742424383908812,2.880977843256232,2.716211959219568,1.1761542793736237,4.78928187037037,9.203814740740736,4.572705330359508,3.9595253176032017,0.02855,1.2971671370813533,0.003959525317603202,112.81835892193625,0.0011761542793736236,8.413018641656985,38.4702551871188
WSP,WSP-46,3,Wedge Shape Prism,4.263333333333333,1.6466666666666665,2.8366666666666664,1215.218187403986,3.5125,0.6815362548439127,4,9.957109740740735,47.569977777777765,2.587497471171353,0.2093105966258294,7.384309942935312,6.961994180043743,3.014631910458647,9.957109740740737,154.980788074074,37.035679467974724,10.148763289007004,0.035125,1.2176534943927715,0.010148763289007004,355.76235990531836,0.003014631910458647,10.434370975387074,386.44401889437444
WSP,WSP-47,3,Wedge Shape Prism,1.5,1.4633333333333332,2.85,1278.8429029414183,2.225,0.120208152801713,2,3.127875,21.281,1.0243569314819032,0.1469727939103467,2.598076211353316,2.449489742783178,1.0606601717798212,3.127875,6.749999999999999,5.1348779973474565,3.570714214271425,0.022250000000000002,1.2814057143701587,0.0035707142142714253,79.28949448500414,0.0010606601717798212,11.829003106078364,60.74048777995651
WSP,WSP-48,3,Wedge Shape Prism,1.653333333333333,4.09,2.83,1243.6746775573088,3.140000000000001,0.0,1,9.568418666666664,46.03153333333333,0.4041391672777641,0.2078620917380171,2.863657335180543,2.6998820276010136,1.1690832115617584,9.568418666666664,9.03881007407407,2.2477439470192477,3.9357205561747253,0.03140000000000001,1.2461670115804697,0.003935720556174725,123.33446221295864,0.0011690832115617584,5.726839137286581,12.872468006388843
WSP,WSP-49,3,Wedge Shape Prism,2.4966666666666666,2.4933333333333336,2.853333333333333,1216.072743369654,3.1025,0.1703672503740081,4,8.881031703703703,40.92631111111111,1.000935453695042,0.2169952401611022,4.324353516230296,4.077039594099112,1.7654099303624136,8.881031703703703,31.12516659259259,8.339192702826548,5.9432554366428825,0.031025,1.2185097628954449,0.005943255436642882,184.02072092200171,0.0017654099303624135,7.863064417959658,65.57160941610425
WSP,WSP-50,3,Wedge Shape Prism,4.06,1.6233333333333333,2.3466666666666662,1254.333782486841,3.255,0.2192031021678299,2,7.733127111111109,39.85524444444444,2.499486969012928,0.1940254838081973,7.032126278729641,6.629952237133135,2.8708535316173824,7.733127111111109,133.84683199999995,41.184015914747945,9.664733139961323,0.032549999999999996,1.2568474774417244,0.009664733139961322,313.95788957832946,0.0028708535316173825,13.654737566627348,562.3569292556873
WSP,WSP-6,3,Wedge Shape Prism,3.62,3.4599999999999995,2.85,1182.1845902798934,4.412,0.2872629457483162,5,17.848409999999998,65.40639999999999,1.045940479630165,0.2728805914927057,6.270023923399336,5.911435245916737,2.559726547895302,17.848409999999998,94.875856,12.648293044438093,8.617323637108372,0.04412,1.184553697675244,0.008617323637108373,379.43592623148294,0.002559726547895302,4.761505817213931,60.22492090891848
WSP,WSP-7,3,Wedge Shape Prism,3.4599999999999995,3.483333333333334,2.853333333333333,1238.7593853834242,3.1900000000000004,1.2445079348883237,2,17.19466222222222,63.72795555555555,0.9930163589400168,0.2698092581673148,5.992895794188314,5.650156340019864,2.446589462905454,17.19466222222222,82.84347199999996,11.464111166145566,8.236447454252753,0.031900000000000005,1.2412418691216676,0.008236447454252753,262.2171884430815,0.002446589462905454,11.379715972122899,130.45832894357918
WSP,WSP-9,3,Wedge Shape Prism,3.4333333333333336,3.51,2.3633333333333333,1242.9341184994198,4.1075,0.7162110955111866,4,14.240265,56.92082222222222,0.9778790468052788,0.2501723318766246,5.946707772653146,5.606609855703719,2.427733282073813,14.240264999999999,80.94274074074075,13.524947247107187,8.172968090443485,0.041075,1.2454249684362924,0.008172968090443485,335.0332549863362,0.002427733282073813,6.928888533401685,93.71285189534368
