category,code,shape_enc,shape_name,a,b,c,density,velocity_mean,velocity_std,measurement_count,volume,surface_area,aspect_ratio,vol_surf_ratio,d_eq,d_eq_m,V_ms,rho_p,Re,CD
ABS C,C-1,0,Cylinder,5.44,5.293333333333333,0.0,1175.7719647634667,4.62,1.3010764773832468,2,123.0316714408338,136.9499824713682,1.0275136938865457,0.898369384359401,5.390665048667901,0.005390665048667901,0.0462,1175.7719647634667,248.5506277979601,5.884355080098645
ABS C,C-10,0,Cylinder,3.3433333333333333,3.16,0.0,1193.9853891589855,2.8825000000000003,0.6323698812140462,4,27.7419075804191,50.74888630036156,1.0576821680902668,0.5466505691617798,3.281069877593774,0.0032810698775937743,0.028825000000000003,1193.9853891589855,94.38768554319728,10.143264398427613
ABS C,C-11,0,Cylinder,5.489999999999999,3.27,0.0,1100.001055228801,3.61,0.0,1,77.40737193369245,103.74277216427087,1.6783858147355548,0.7461471321695762,4.619172140414592,0.004619172140414592,0.0361,1100.001055228801,166.41861004042883,4.7383988120988
ABS C,C-12,0,Cylinder,3.3866666666666667,3.293333333333333,0.0,1093.4213870778954,3.06,0.5028584956691758,4,29.666784553974978,53.05577523918507,1.028027926742892,0.5591622103386809,3.355265300163656,0.0033552653001636557,0.030600000000000002,1093.4213870778954,102.46577594863786,4.481330149238399
ABS C,C-13,0,Cylinder,5.493333333333333,3.28,0.0,1113.5798390396526,2.96,0.0,1,77.73840582765787,104.00710227948544,1.6742862948288124,0.7474336283185841,4.625747431296171,0.004625747431296171,0.0296,1113.5798390396526,136.64827971843394,7.997565068960346
ABS C,C-14,0,Cylinder,5.396666666666667,3.2533333333333334,0.0,1131.052140242979,3.8,0.0,1,74.41656720445049,100.90532058613366,1.6583017515108065,0.7374890320171755,4.5588984358901765,0.004558898435890177,0.038,1131.052140242979,172.89166428269905,5.5054369251771496
ABS C,C-15,0,Cylinder,5.426666666666667,3.313333333333334,0.0,1123.476821663564,3.235,0.2973774257292125,4,76.63396613120723,102.74488016444316,1.6373327969425724,0.7458665191740413,4.603736663694511,0.0046037366636945114,0.03235,1123.476821663564,148.63301930837642,7.234401634067477
ABS C,C-16,0,Cylinder,5.460000000000001,3.266666666666666,0.0,1119.9705245307755,3.9033333333333338,1.1412741417672911,6,76.48565456726861,102.8613983453063,1.670917066204224,0.743579766536965,4.600764838167362,0.004600764838167362,0.03903333333333334,1119.9705245307755,179.2240211414331,4.827150606327468
ABS C,C-17,0,Cylinder,5.433333333333334,5.316666666666667,0.0,1131.5340601175835,3.856666666666667,0.3955165398985651,3,123.27131061583096,137.12353801218651,1.0217513947219956,0.8989799446749654,5.3941627299040436,0.0053941627299040435,0.038566666666666666,1131.5340601175835,207.618806198066,6.347008679716301
ABS C,C-2,0,Cylinder,5.489999999999999,5.286666666666666,0.0,1118.5102892141804,4.613333333333333,0.3008875759039133,3,125.14586328933356,138.52491522849027,1.0382651453066885,0.9034177215189872,5.421367805185487,0.005421367805185488,0.04613333333333333,1118.5102892141804,249.60555654306538,4.023282544607628
ABS C,C-3,0,Cylinder,5.446666666666666,5.233333333333334,0.0,1140.522851236535,4.516,0.3385705244110894,5,121.93541873483838,136.14817821300198,1.040565497038782,0.8956081552855747,5.374606390929957,0.0053746063909299565,0.04516,1140.522851236535,242.231790165168,4.922667499529837
ABS C,C-4,0,Cylinder,5.396666666666666,5.239999999999999,0.0,1165.029569507883,3.66,0.1555634918610404,2,119.8594709481517,134.58752224916114,1.0297017108694269,0.8905689691370982,5.343930791502606,0.005343930791502606,0.0366,1165.029569507883,195.1966912350574,8.733115796649422
ABS C,C-5,0,Cylinder,5.406666666666666,5.276666666666666,0.0,1146.3828340883151,4.425,0.7284000732198391,4,121.14590310702488,135.54464335766232,1.024442619844628,0.8937712336396547,5.362981310443718,0.005362981310443719,0.04425,1146.3828340883151,236.83729914116026,5.3264836455060705
ABS C,C-6,0,Cylinder,5.539999999999999,5.37,0.0,1122.6643940626736,4.098000000000001,0.5895506763629397,5,129.44452807918535,141.67200566922386,1.0314652764848258,0.913691646191646,5.482743622327684,0.005482743622327684,0.04098000000000001,1122.6643940626736,224.23346797570255,5.3342536544508565
ABS C,C-7,0,Cylinder,5.443333333333334,5.36,0.0,1164.0331017352394,3.4799999999999995,0.0,1,124.73390851359645,138.20244819589186,1.0153578312503886,0.902544854609198,5.415412585203298,0.005415412585203298,0.0348,1164.0331017352394,188.0794452491446,9.730719326883223
ABS C,C-8,0,Cylinder,5.296666666666667,5.336666666666666,0.0,1184.934350049543,4.45,0.4649014232429637,4,117.58860644866522,132.87015317178378,0.992318741022919,0.8849888680164196,5.309966576026996,0.005309966576026996,0.044500000000000005,1184.934350049543,235.82092560793492,6.569587183872198
ABS C,C-9,0,Cylinder,5.333333333333333,3.266666666666667,0.0,1182.952505698218,3.256,0.3214498405661447,5,72.97803379005624,99.413954193597,1.6321534224217074,0.7340823970037454,4.5293313393114945,0.004529331339311495,0.03256,1182.952505698218,147.18007835116632,10.356254678801818
ABS CUBE,CUBE-1,2,Cube,5.2,5.113333333333333,5.13,1035.8988434882212,3.778,0.571987762106848,5,136.40328,158.99346666666668,1.016750309587434,0.8579121202121498,5.147641236094145,0.005147641236094146,0.03778,1035.8988434882212,194.08893012783753,1.7913791869929458
ABS CUBE,CUBE-10,2,Cube,3.016666666666667,2.986666666666667,3.1966666666666668,1006.9005220348412,3.942,0.6856894340734728,5,28.8012562962963,56.40086666666668,1.0097065714604487,0.5106436718931814,3.065282298912351,0.0030652822989123514,0.039420000000000004,1006.9005220348412,120.59176136667865,0.23010704738200286
ABS CUBE,CUBE-11,2,Cube,3.056666666666666,3.0766666666666667,3.1833333333333336,1018.8006074278508,3.245,0.388908729652601,2,29.937163148148144,57.85757777777778,0.9931766489764972,0.5174196168998534,3.105061559424374,0.003105061559424374,0.03245,1018.8006074278508,100.5577291081143,0.8038851992770291
ABS CUBE,CUBE-2,2,Cube,5.063333333333333,5.043333333333333,5.180000000000001,1028.9023828473678,3.2350000000000003,0.3850973902793942,4,132.27688288888888,155.7772222222222,1.0037666027886076,0.8491359125936873,5.095200956399805,0.005095200956399805,0.032350000000000004,1028.9023828473678,164.50009143765465,1.971886522826333
ABS CUBE,CUBE-3,2,Cube,3.11,3.083333333333333,3.783333333333333,1047.4375107433168,4.072,0.3810118108405566,5,36.27901388888888,66.04122222222222,1.0083216254187832,0.5493306050001682,3.3104357086820597,0.0033104357086820597,0.04072,1047.4375107433168,134.53134017341839,1.2936101580885448
ABS CUBE,CUBE-4,2,Cube,5.05,5.04,5.193333333333334,1028.894380360464,3.5316666666666667,0.3178941123497991,6,132.18072,155.70546666666667,1.0017853600476094,0.8489096363799064,5.09396595092336,0.005093965950923361,0.03531666666666667,1028.894380360464,179.5420937051098,1.653687017384811
ABS CUBE,CUBE-5,2,Cube,3.0700000000000003,3.053333333333333,3.796666666666667,1039.6488087554087,3.975000000000001,0.3348133808556638,4,35.588940888888885,65.24397777777779,1.0051293244570558,0.5454663653975579,3.289311635219998,0.003289311635219998,0.03975000000000001,1039.6488087554087,130.48863722499496,1.1363458812200826
ABS CUBE,CUBE-6,2,Cube,5.06,5.05,5.186666666666667,1075.1885516035677,3.855,0.2192031021678293,2,132.53489333333334,155.9804,1.0017818253811126,0.8496839580445703,5.098511590947067,0.0050985115909470665,0.03855,1075.1885516035677,196.15452658734742,3.470761254669678
ABS CUBE,CUBE-7,2,Cube,2.983333333333334,2.9633333333333334,3.1466666666666665,1089.2049392415097,3.24,0.3218695387886216,3,27.818456296296297,55.10557777777778,1.00640953558979,0.504811901194023,3.03001195579943,0.00303001195579943,0.032400000000000005,1089.2049392415097,97.97604259316574,3.4502445838110956
ABS CUBE,CUBE-8,2,Cube,5.206666666666666,5.156666666666666,5.052333333333333,1093.989292299615,3.9683333333333337,0.5068892055140517,6,135.6503222148148,158.41611777777774,1.0095004200866025,0.8562857607667155,5.1381519472565405,0.00513815194725654,0.039683333333333334,1093.989292299615,203.49119844741642,4.104787183629342
ABS CUBE,CUBE-9,2,Cube,5.1066666666666665,5.063333333333333,5.16,1039.5675862536796,3.414,0.5390083487294052,5,133.42085866666665,156.6679111111111,1.0083591127492926,0.8516103017531238,5.1098471629190305,0.0051098471629190305,0.034140000000000004,1039.5675862536796,174.10128177777162,2.3884320276858966
ABS HC,HC-1,1,Half Cylinder,5.266666666666667,5.216666666666666,0.0,1098.045142942569,2.7920000000000003,0.2921814504721338,5,56.82306261185064,64.94195613745701,1.0093911710215295,0.8749823071479119,5.24994697743264,0.00524994697743264,0.027920000000000004,1098.045142942569,146.28536257069948,8.830744125400603
ABS HC,HC-2,1,Half Cylinder,2.8366666666666664,3.2133333333333334,0.0,1260.5331733890926,2.5383333333333336,1.066347348037527,6,10.153885823309148,20.63789881294849,0.8825054443637872,0.4920019191555715,2.957041797665529,0.0029570417976655288,0.025383333333333334,1260.5331733890926,74.90945847548186,15.791433226679363
ABS HC,HC-3,1,Half Cylinder,5.23,5.19,0.0,1117.5036553480402,3.083333333333333,0.065064070986477,3,55.74817071422661,64.1201416792167,1.007513003274899,0.8694330557335044,5.216632529567782,0.0052166325295677825,0.03083333333333333,1117.5036553480402,160.52447732234995,8.59424403594275
ABS HC,HC-4,1,Half Cylinder,5.21,5.266666666666667,0.0,1095.4839831311465,3.2099999999999995,0.0,1,56.139839222635246,64.42053029677744,0.9890527115104726,0.8714588185475333,5.228820817924561,0.005228820817924561,0.0321,1095.4839831311465,167.5094579588676,6.483420104217248
ABS HC,HC-5,1,Half Cylinder,5.16,5.25,0.0,1116.6912297209628,2.856666666666667,0.1274100990241091,3,54.89320551580714,63.46456983222885,0.9826699676252142,0.8649425287356323,5.189827252093754,0.005189827252093754,0.02856666666666667,1116.6912297209628,147.95955303780863,9.893036239564754
ABS HC,HC-6,1,Half Cylinder,5.25,5.22,0.0,1113.267611371968,2.932,0.2578177650977526,5,56.50007125325605,64.69521021445631,1.0055544914767285,0.8733269598470362,5.239980891680994,0.005239980891680994,0.02932,1113.267611371968,153.32896726459856,9.208444345663056
ABS HC,HC-7,1,Half Cylinder,5.183333333333334,5.256666666666667,0.0,1141.1547117334012,3.135,0.1484924240491756,2,55.46111565584175,63.90082360541109,0.9858619159322892,0.867924895590005,5.207663396142165,0.005207663396142165,0.031349999999999996,1141.1547117334012,162.93372697411874,9.941471331016457
ABS HC,HC-8,1,Half Cylinder,5.163333333333333,5.38,0.0,1104.2417224680005,2.528,0.8566037590391489,5,56.3251669219918,64.57345604583718,0.9595490305395526,0.8722650198869585,5.234568257213937,0.005234568257213937,0.02528,1104.2417224680005,132.0652257712836,11.405098329284055
ABS HC,HC-9,1,Half Cylinder,5.256666666666667,5.333333333333333,0.0,1100.6620331881986,2.96,0.3203123475609393,5,57.87346575110675,65.74069734298594,0.9854402299568832,0.8803293559416652,5.282098979551609,0.005282098979551609,0.0296,1100.6620331881986,156.03742953513816,8.111668176686614
BSP,BSP-10,4,Box Shape Prism,4.8133333333333335,3.826666666666666,2.833333333333333,1111.383003306045,5.3500000000000005,0.0200000000000001,3,52.18722962962962,85.79804444444444,1.2575111033701996,0.6082495436580446,3.736985513345783,0.003736985513345783,0.053500000000000006,1111.383003306045,199.5288675140714,1.94016653513207
BSP,BSP-11,4,Box Shape Prism,4.83,3.856666666666667,2.8800000000000003,1118.4061013079086,5.462,0.9701133954337507,5,53.64777600000001,87.29060000000001,1.252052190443273,0.6145811968161885,3.7715271717629784,0.003771527171762978,0.054619999999999995,1118.4061013079086,205.5888124934505,1.9949845945810563
BSP,BSP-12,4,Box Shape Prism,4.786666666666666,3.826666666666666,2.8466666666666662,1112.3400108434828,5.796666666666667,0.2079262689833428,3,52.14233007407405,85.6725333333333,1.250544282852913,0.6086165475538622,3.7359134941803753,0.0037359134941803754,0.057966666666666666,1112.3400108434828,216.12533530823043,1.6661557210966405
BSP,BSP-16,4,Box Shape Prism,3.84,2.856666666666667,2.7566666666666664,1124.356074662182,6.2,2.090334901397381,5,30.239530666666663,58.86015555555555,1.343753645165053,0.5137434082163977,3.115480343232534,0.0031154803432325343,0.062,1124.356074662182,192.77346171785626,1.3421929859988708
BSP,BSP-17,4,Box Shape Prism,4.833333333333333,4.816666666666666,2.8666666666666667,1123.8043969887592,5.783333333333334,0.3722006627255432,3,66.73759259259258,101.88777777777776,1.0032519200166057,0.6550043493322601,4.056238773436837,0.0040562387734368365,0.05783333333333334,1123.8043969887592,234.1166374456362,1.9995859954964266
BSP,BSP-18,4,Box Shape Prism,3.8233333333333337,2.81,2.33,1118.5454286106954,4.52,0.0,1,25.03251033333333,52.39846666666666,1.3601328115735802,0.4777245251860071,2.925284666412582,0.002925284666412582,0.0452,1118.5454286106954,131.95842118800502,2.2621386149259695
BSP,BSP-21,4,Box Shape Prism,3.83,3.79,2.853333333333333,1134.7687412127857,6.338333333333334,0.6465111496847266,6,41.41813066666666,72.5162,1.0102875230809814,0.5711490607285811,3.459899611359642,0.003459899611359642,0.06338333333333333,1134.7687412127857,218.86137042594527,1.5437515277820504
BSP,BSP-23,4,Box Shape Prism,4.826666666666667,4.816666666666666,1.0266666666666666,1256.8918015399502,3.93,0.0,1,23.86840296296296,66.29786666666666,1.0018681242648586,0.3600122319279911,2.8792173704091075,0.0028792173704091074,0.0393,1256.8918015399502,112.92693617176377,6.325354253637602
BSP,BSP-24,4,Box Shape Prism,3.773333333333333,3.76,0.9866666666666668,1328.7077582055404,3.7266666666666666,0.8140229316999206,3,13.998563555555554,43.24124444444444,1.0032792696977757,0.3237242593533792,2.410059831940046,0.0024100598319400464,0.03726666666666666,1328.7077582055404,89.63526661082511,7.52156672973926
BSP,BSP-25,4,Box Shape Prism,3.85,2.813333333333333,2.3266666666666667,1150.7524510145404,5.4433333333333325,0.4240597442185082,6,25.200902222222226,52.66937777777778,1.3679971574085044,0.4784644288777963,2.931829405831977,0.002931829405831977,0.05443333333333333,1150.7524510145404,159.27006882947234,1.9809532509192285
BSP,BSP-27,4,Box Shape Prism,2.8800000000000003,2.78,1.7966666666666669,1112.2827155715129,4.7125,0.2376797565352727,4,14.384832000000005,36.35106666666668,1.0355987055016185,0.3957087813439309,2.432026286650317,0.0024320262866503167,0.047125,1112.2827155715129,114.38002028087938,1.6403000286187213
BSP,BSP-28,4,Box Shape Prism,3.84,2.8666666666666667,2.7833333333333337,1142.337418186882,5.425,0.2706165799305975,4,30.63893333333333,59.349777777777774,1.339067767058003,0.5162347399734536,3.1291367792198543,0.0031291367792198542,0.05425,1142.337418186882,169.41615893213174,2.011320117665733
BSP,BSP-29,4,Box Shape Prism,2.8166666666666664,2.3200000000000003,1.7933333333333332,1109.325234437399,4.826666666666667,0.0665832811847943,3,11.718835555555556,31.492844444444444,1.2135573746948152,0.3720992391458507,2.271406268662699,0.002271406268662699,0.04826666666666667,1109.325234437399,109.41394281565138,1.4225614213163433
BSP,BSP-31,4,Box Shape Prism,2.3233333333333337,1.7966666666666666,1.7466666666666668,1056.0917720281186,4.460000000000001,1.216223663640862,2,7.291033037037038,22.741044444444448,1.292416094937883,0.3205970797765339,1.9390828056257923,0.0019390828056257922,0.04460000000000001,1056.0917720281186,86.31012694464853,0.742195753210759
BSP,BSP-46,4,Box Shape Prism,4.78,3.8166666666666655,1.0266666666666666,1217.2877642172923,4.140000000000001,0.3535533905932729,2,18.73016444444444,54.13915555555555,1.2520736924823197,0.3459569750446064,2.6557092736060497,0.0026557092736060497,0.041400000000000006,1217.2877642172923,109.72647119943589,4.453192307965493
BSP,BSP-47,4,Box Shape Prism,4.76,4.7,2.353333333333333,1179.5146604238705,5.3133333333333335,0.3017173069834298,3,52.64877333333333,89.26906666666665,1.012550521165709,0.5897696204252116,3.747969824558513,0.003747969824558513,0.05313333333333334,1179.5146604238705,198.74384575151925,3.1582817531712997
BSP,BSP-49,4,Box Shape Prism,2.853333333333333,2.303333333333333,1.78,1094.159573751902,3.8533333333333335,0.2571640202931454,3,11.69847644444444,31.50208888888888,1.2382467814262983,0.3713437906265276,2.270090136241442,0.002270090136241442,0.038533333333333336,1094.159573751902,87.29919163667056,1.9268134764068359
BSP,BSP-5,4,Box Shape Prism,3.843333333333333,2.7999999999999994,2.32,1081.4580938994018,3.75,0.0,1,24.96629333333332,52.34773333333332,1.3726190476190478,0.4769316977748796,2.922703028626287,0.002922703028626287,0.0375,1081.4580938994018,109.38216084633878,2.2733579281908276
BSP,BSP-50,4,Box Shape Prism,2.833333333333333,2.856666666666667,2.78,1115.505426669715,5.390000000000001,0.1652271164185829,3,22.50101111111111,47.82417777777778,0.99148489443602,0.4704846308290427,2.823150374542299,0.002823150374542299,0.0539,1115.505426669715,151.86346957745425,1.4965512963959005
BSP,BSP-6,4,Box Shape Prism,4.8566666666666665,3.8333333333333335,2.31,1116.1289547491092,5.595,1.5250934397603315,6,43.00578333333333,77.38224444444444,1.266626097539772,0.5557505845365319,3.503555117832415,0.003503555117832415,0.05595,1116.1289547491092,195.63186102503815,1.7327756499209277
BSP,BSP-8,4,Box Shape Prism,4.863333333333333,4.846666666666667,2.333333333333333,1127.2953490918535,4.826666666666667,0.6013595707505892,3,54.99889629629629,92.45524444444445,1.003231795365468,0.5948640530099002,3.8029270222111324,0.0038029270222111325,0.04826666666666667,1127.2953490918535,183.18750171684655,2.7661994007993216
BSP,BSP-9,4,Box Shape Prism,4.87,4.846666666666667,2.333333333333333,1125.752165862433,5.014,0.5186810195100644,5,55.07428888888888,92.55097777777776,1.0046070274358798,0.5950633385828359,3.804663915360685,0.003804663915360685,0.050140000000000004,1125.752165862433,190.38431701875237,2.5339212559072046
C,C-11,0,Cylinder,3.813333333333333,2.873333333333333,0.0,1411.3665063431592,6.06,0.0,1,32.81598405057665,57.26411313159378,1.326684448567784,0.573063691306369,3.4700189794462397,0.00347001897944624,0.060599999999999994,1411.3665063431592,209.86258385413322,5.119164540567528
C,C-13,0,Cylinder,2.8200000000000003,2.883333333333333,0.0,1396.3115951266675,6.23,0.0,1,18.00872435576872,38.035890575542346,0.9776955969028086,0.4734666149068323,2.840955011757119,0.0028409550117571188,0.0623,1396.3115951266675,176.63751423800358,3.8211001013650514
C,C-14,0,Cylinder,2.8266666666666667,2.9166666666666665,0.0,1389.9875477865692,5.585,1.0617124532251343,4,18.303151510381067,38.45141856385715,0.9688106934765224,0.4760071850141134,2.856353785625547,0.002856353785625547,0.05585,1389.9875477865692,159.2083042093324,4.704517806397889
C,C-15,0,Cylinder,2.813333333333333,2.9066666666666667,0.0,1429.482626045254,5.49,0.0424264068711928,2,18.06872447030679,38.12273815912158,0.9675570331308035,0.4739618753219988,2.844106607735276,0.002844106607735276,0.054900000000000004,1429.482626045254,155.82916985913732,5.336317955331051
C,C-16,0,Cylinder,2.806666666666666,2.89,0.0,1399.6415848421786,4.295,0.898025612106915,2,17.880077532867613,37.85605184941684,0.9708290095699296,0.4723175465838509,2.8341739727829607,0.0028341739727829607,0.04295,1399.6415848421786,121.4843165867661,8.087532593027419
C,C-18,0,Cylinder,3.77,1.0033333333333332,0.0,1572.996762477667,4.11,0.169705627484771,2,11.199994841740097,34.20885476481682,3.753733820112845,0.3274004616272359,2.4249864360786413,0.002424986436078641,0.041100000000000005,1572.996762477667,99.46760863778648,10.818530458037193
C,C-19,0,Cylinder,4.79,2.853333333333333,0.0,1404.1639357964625,6.13,0.2083266665599963,6,51.41779141563708,78.97812087479817,1.678150181011328,0.6510384248967924,4.030335305186743,0.004030335305186743,0.0613,1404.1639357964625,246.56543509953147,5.709509388059863
C,C-22,0,Cylinder,4.833333333333333,2.303333333333333,0.0,1408.665925060924,4.578,0.5321841786449499,5,42.26103889752984,71.67020040389512,2.0974974685375383,0.5896598399246704,3.7752880718352713,0.003775288071835271,0.04578,1408.665925060924,172.48702255276146,9.695370072302778
C,C-23,0,Cylinder,2.81,0.9966666666666668,0.0,1563.7521690626409,3.3300000000000005,0.0,1,6.180910496542584,21.20161398140388,2.8165720013364512,0.291530187369882,1.9890888876183384,0.001989088887618338,0.0333,1563.7521690626409,66.10418663777529,13.300536352471548
C,C-24,0,Cylinder,3.826666666666666,2.29,0.0,1416.140087392895,3.27,0.5091168824543141,2,26.33701980885783,50.531749888120935,1.670304088462098,0.5211974623314829,3.2247217711172227,0.003224721771117223,0.0327,1416.140087392895,105.2375051117021,16.52706566886344
C,C-25,0,Cylinder,4.77,2.8466666666666662,0.0,1426.340059770645,5.8740000000000006,0.6455850060216706,5,50.87017778219597,78.39860174996595,1.675055601076905,0.6488658808537751,4.015976147393025,0.004015976147393025,0.05874000000000001,1426.340059770645,235.42664202007057,6.534150540129143
C,C-27,0,Cylinder,4.813333333333333,2.856666666666667,0.0,1394.1934659589124,5.37,1.0925200226998129,5,51.98060448157976,79.58966679140445,1.68435786772425,0.653107451973823,4.044987166588214,0.0040449871665882145,0.0537,1394.1934659589124,216.78137922409553,7.283717415443213
C,C-29,0,Cylinder,2.83,1.0266666666666666,0.0,1476.0484037103697,3.01,0.0,1,6.4579133601893925,21.708143436917663,2.753811222834901,0.2974880546075086,2.0183699775954134,0.0020183699775954134,0.0301,1476.0484037103697,60.6314304529707,13.957796477486493
C,C-30,0,Cylinder,4.763333333333334,2.8766666666666665,0.0,1455.4758977433785,5.6625,0.7545141924885616,4,51.26268746658205,78.68808205970174,1.6552762654928763,0.6514669836238774,4.0262786642973944,0.004026278664297394,0.056624999999999995,1455.4758977433785,227.53205330710824,7.528922391592467
C,C-49,0,Cylinder,3.813333333333333,2.29,0.0,1430.647883703563,5.416666666666667,0.6117461347105784,3,26.15380631409068,50.27581480660849,1.6644842135894078,0.5202065131056394,3.2172267714941576,0.0032172267714941577,0.05416666666666667,1430.647883703563,173.91791722235502,6.2176924889765
HC,HC-11,1,Half Cylinder,4.663333333333333,2.31,0.0,1138.4927130648057,3.7466666666666666,0.5208006656421761,3,19.7271699085955,34.00089005779543,2.017885475263234,0.5801956912028726,3.689789860969546,0.0036897898609695463,0.03746666666666667,1138.4927130648057,137.96763853741035,4.839968354700858
HC,HC-12,1,Half Cylinder,3.6533333333333338,1.846666666666667,0.0,1153.6296910982069,3.714,0.1879627622695513,5,9.67892210175872,21.07994707924736,1.97726862709724,0.4591530550514217,2.910196872276336,0.002910196872276336,0.03714,1153.6296910982069,107.86854241267044,4.303365451923593
HC,HC-14,1,Half Cylinder,3.706666666666667,1.81,0.0,1130.6910809482663,3.37,0.1555634918610402,2,9.765748275965798,21.329459349112465,2.046751334437696,0.4578525932666061,2.9188730943399905,0.0029188730943399905,0.0337,1130.6910809482663,98.16929123269917,4.469658538508303
HC,HC-15,1,Half Cylinder,3.763333333333333,1.8733333333333333,0.0,1111.9996023887884,3.872,0.6690814599135143,5,10.41886284481094,22.197420312775503,2.0078250044460253,0.4693726882674951,2.982543673320379,0.0029825436733203793,0.03872,1111.9996023887884,115.25312284890315,2.972327460138989
HC,HC-16,1,Half Cylinder,3.773333333333333,1.8633333333333333,0.0,1121.506455629814,2.52,0.0,1,10.418394136640316,22.226768024147784,2.023958519578044,0.4687318518518518,2.9824989479163015,0.0029824989479163015,0.0252,1121.506455629814,75.00865554051582,7.60231882197317
HC,HC-21,1,Half Cylinder,3.693333333333334,1.8033333333333328,0.0,1128.311395460916,4.416,0.3986602563587197,5,9.659906157781815,21.1753816827464,2.046924071679292,0.4561856925418568,2.90828975832557,0.00290828975832557,0.044160000000000005,1128.311395460916,128.17321557620187,2.54705980716592
HC,HC-22,1,Half Cylinder,3.6633333333333336,1.87,0.0,1108.7013105227345,4.41,0.098994949366117,2,9.854948694276416,21.30068759639333,1.9579547479066453,0.4626587122917605,2.9277331757729845,0.0029277331757729843,0.0441,1108.7013105227345,128.85480698548542,2.184159148455103
HC,HC-24,1,Half Cylinder,3.713333333333333,1.8033333333333328,0.0,1138.1724235527815,4.66,0.5060961700441263,4,9.764809347005858,21.348378718204074,2.058008498060226,0.4574028536733454,2.918779546215186,0.002918779546215186,0.0466,1138.1724235527815,135.74309659992042,2.469273785254597
HC,HC-26,1,Half Cylinder,2.6733333333333333,1.3,0.0,1108.7353552697994,3.5000000000000004,0.0,1,3.648458957649223,11.072054615386667,2.054829618242378,0.329519595448799,2.1022443461432294,0.0021022443461432296,0.035,1108.7353552697994,73.43139501078302,2.4906380032767546
HC,HC-31,1,Half Cylinder,2.6666666666666665,1.3333333333333333,0.0,1099.4040757852938,3.74,0.0,1,3.723369070921236,11.170107212763709,1.9985011241568824,0.3333333333333333,2.116534735957599,0.002116534735957599,0.0374,1099.4040757852938,79.00008232656458,2.0110126841486777
HC,HC-4,1,Half Cylinder,4.766666666666667,2.273333333333333,0.0,1161.4483538349298,4.54,0.0,1,20.28395185840821,34.866617000015914,2.0967741935483875,0.581758530183727,3.7241819865675803,0.0037241819865675803,0.0454,1161.4483538349298,168.7397064657878,3.8705879754847747
HC,HC-41,1,Half Cylinder,3.713333333333333,1.8133333333333328,0.0,1152.6605978153025,3.2533333333333334,1.03016179958943,3,9.818958012516058,21.40670762180572,2.0466654418519203,0.45868604299122,2.9241647605399153,0.0029241647605399153,0.03253333333333333,1152.6605978153025,94.94256122247944,5.600175024775879
HC,HC-42,1,Half Cylinder,4.736666666666667,2.3833333333333333,0.0,1135.8782099378006,4.535,0.1343502884254437,2,20.9985989554191,35.3540089202816,1.9865790577380125,0.5939524143575354,3.7674151321964313,0.0037674151321964314,0.04535,1135.8782099378006,170.51057169261796,3.31025716379502
HC,HC-44,1,Half Cylinder,3.6366666666666654,1.7933333333333332,0.0,1136.002890262925,4.359999999999999,0.4808326112068524,2,9.31382124247889,20.631510907886177,2.026750882407579,0.4514367020458389,2.8731348118576294,0.0028731348118576296,0.04359999999999999,1136.002890262925,125.01814044139864,2.733684627176679
HC,HC-46,1,Half Cylinder,4.756666666666667,2.8666666666666667,0.0,1055.298996996876,3.62,0.4808326112068526,2,25.4707960877546,39.18935249824662,1.658723701034523,0.6499417434593794,4.017854552444778,0.004017854552444778,0.0362,1055.298996996876,145.15544212890396,2.3025087674373386
HC,HC-47,1,Half Cylinder,3.6833333333333336,1.8266666666666669,0.0,1165.1849226897173,4.135,0.2757716446627538,2,9.731980634618122,21.22412000210835,2.01532008024804,0.4585339996971074,2.915504952314196,0.002915504952314196,0.04135,1165.1849226897173,120.31501751863561,3.736259799159858
HC,HC-6,1,Half Cylinder,4.796666666666667,2.3166666666666664,0.0,1127.2059157926574,4.304,0.3214498405661445,5,20.931604201193085,35.52557478575264,2.069610240184093,0.5891981854601155,3.763404294023915,0.003763404294023915,0.04304,1127.2059157926574,161.65296697315975,3.440297121847328
HC,HC-7,1,Half Cylinder,4.756666666666667,2.313333333333333,0.0,1157.097783238867,3.35,0.4101219330881976,2,20.55434009872289,35.05498165953741,2.055307503960824,0.5863457667258732,3.740656972753858,0.0037406569727538577,0.0335,1157.097783238867,125.06138457007972,6.950236795681549
PA 6,BSP-1,4,Box Shape Prism,3.0,3.0,3.033333333333333,1146.52,5.216666666666667,0.2625769728416158,6,27.3,54.400000000000006,0.9996667777407532,0.5018290104961305,3.0110702110075778,0.003011070211007578,0.05216666666666667,1146.52,156.76334101554687,2.153757740422076
PA 6,BSP-2,4,Box Shape Prism,7.899999999999999,7.833333333333333,2.833333333333333,1211.9579854565045,4.78,0.0,1,175.33611111111105,212.92222222222216,1.0083819086925072,0.8234710581644191,5.597023408672111,0.005597023408672111,0.0478,1211.9579854565045,267.00264349665787,6.869213786103557
PA 6,BSP-3,4,Box Shape Prism,7.900000000000001,7.966666666666666,4.133333333333334,1196.6715130930395,6.432,0.2548921340488954,5,260.1382222222222,257.0377777777778,0.9915073421746228,1.0120582756860292,6.383635129167746,0.006383635129167745,0.06432,1196.6715130930395,409.77422068505325,4.017804368304975
PA 6,BSP-4,4,Box Shape Prism,7.883333333333333,7.966666666666666,8.066666666666668,1190.640592916557,8.096666666666666,0.6350065616458882,3,506.618037037037,381.3211111111111,0.989415554532904,1.3285829021580569,7.971870147759259,0.007971870147759259,0.08096666666666666,1190.640592916557,644.1648414576475,3.070242681001047
PA 6,C-1,0,Cylinder,2.9333333333333336,3.0,0.0,1457.2375479737134,5.416,0.2246775467197377,5,20.27374459116613,41.16184507903427,0.9774519604576254,0.4925373134328358,2.955389299341536,0.002955389299341536,0.05416000000000001,1457.2375479737134,159.74375668343293,6.064178513545605
PA 6,C-2,0,Cylinder,7.899999999999999,3.0,0.0,1397.6808852745028,5.11,0.117898261225516,3,147.0500981329042,172.48914464534752,2.632455848050649,0.8525179856115108,5.7208225788177405,0.005720822578817741,0.051100000000000007,1397.6808852745028,291.7493657100314,11.476441841302679
PA 6,C-3,0,Cylinder,7.899999999999999,4.033333333333333,0.0,1495.693612936131,6.8566666666666665,0.308782555638538,6,197.7006874897934,198.1350126741522,1.9581921837560927,0.9978079331941544,6.314022125290561,0.006314022125290561,0.06856666666666666,1495.693612936131,432.0655874899745,8.76030638360035
PA 6,HC-1,1,Half Cylinder,3.0,3.033333333333333,0.0,1156.642516829012,3.98,0.0282842712474619,2,10.72068493037517,21.3628300444106,0.9886850488849832,0.5018382352941176,3.0110702110075778,0.003011070211007578,0.0398,1156.642516829012,119.6009132093054,3.952314831824095
PA 6,HC-2,1,Half Cylinder,7.833333333333333,2.9,0.0,1109.0085027785335,4.73,0.170880074906351,3,69.87971075750546,83.87616052771749,2.700218315523383,0.8331295843520783,5.624670305321818,0.005624670305321817,0.0473,1109.0085027785335,265.51481163083855,3.657701306162516
PA 6,HC-3,1,Half Cylinder,7.8,4.133333333333334,0.0,1153.3847437912375,5.54,0.3819685850956853,3,98.75282347294156,98.4260978369682,1.8866403289526723,1.0033195020746888,6.31194508731851,0.00631194508731851,0.0554,1153.3847437912375,348.9823943217706,4.188217828886833
PA 6,HC-4,1,Half Cylinder,7.833333333333333,7.900000000000001,0.0,1165.6317870526975,6.075,0.5990242065225745,6,190.36197068423905,145.39901666051762,0.9914356832468462,1.309238363892807,7.8554928101795065,0.007855492810179507,0.06075,1165.6317870526975,476.2667458419682,4.676430113949005
PLA C,C-1,0,Cylinder,4.96,3.053333333333333,0.0,1375.9288609415146,6.84,0.6493586579592721,4,58.99666378093672,86.22205757532308,1.623922296191204,0.6842409638554215,4.219352965144599,0.004219352965144599,0.0684,1375.9288609415146,288.0265353302588,4.467051044300968
PLA C,C-10,0,Cylinder,3.01,3.1633333333333336,0.0,1376.7922808301637,6.011666666666667,0.4046438763489035,6,22.509602730957205,44.14466513057013,0.951227220056884,0.50990539093181,3.060266979900174,0.003060266979900174,0.060116666666666665,1376.7922808301637,183.6051038417821,4.203856233906211
PLA C,C-11,0,Cylinder,4.949999999999999,3.063333333333333,0.0,1327.1197019583308,6.35,0.7012845356914693,4,58.95145600085216,86.12597720000075,1.6153595126726856,0.6844793860969004,4.218274958856939,0.0042182749588569384,0.0635,1327.1197019583308,267.32473896764077,4.512513539911044
PLA C,C-12,0,Cylinder,2.966666666666667,3.16,0.0,1343.5231573638075,6.1883333333333335,0.4519033820040148,6,21.843109747974395,43.27613693490021,0.9385215649056208,0.5047379755922469,3.029759776149899,0.003029759776149899,0.06188333333333333,1343.5231573638075,187.11665087911476,3.582738907930439
PLA C,C-13,0,Cylinder,5.01,5.166666666666667,0.0,1322.6323882222914,6.364,1.0973057914729147,5,101.85345761231017,120.74727072035638,0.9694897761723535,0.8435259613295676,5.061687142772572,0.005061687142772572,0.06364,1322.6323882222914,321.48151822651437,5.317457235745687
PLA C,C-14,0,Cylinder,5.046666666666667,5.163333333333333,0.0,1304.8460557374003,6.756666666666667,0.5424327915358125,3,103.28310491552844,121.8688018443954,0.9772155166849544,0.8474942179820758,5.085259673750919,0.005085259673750919,0.06756666666666666,1304.8460557374003,342.9068571991909,4.479668681391267
PLA C,C-15,0,Cylinder,5.050000000000001,3.083333333333333,0.0,1381.2104898250575,5.91,0.0707106781186545,2,61.75798470796724,88.97644893435793,1.6373068194099216,0.6940936106983656,4.28418034830689,0.00428418034830689,0.0591,1381.2104898250575,252.68866846776731,6.160378187221893
PLA C,C-16,0,Cylinder,3.146666666666667,3.116666666666667,0.0,1283.3602098052745,6.2,0.3748066168039195,6,24.237159266089662,46.3632055026577,1.009301828290388,0.5227671167969675,3.1366347176037794,0.0031366347176037795,0.062,1283.3602098052745,194.08240978645145,3.051765678485177
PLA C,C-17,0,Cylinder,5.003333333333333,5.223333333333334,0.0,1327.7343009704643,6.9350000000000005,1.8230103309270267,4,102.69670229939284,121.42491225573568,0.9576979518917882,0.8457630348795397,5.075617338334155,0.005075617338334155,0.06935000000000001,1327.7343009704643,351.29007428864674,4.56076055186955
PLA C,C-18,0,Cylinder,5.053333333333334,5.1866666666666665,0.0,1341.8417370160662,6.801666666666667,1.0251910391076713,6,104.02413483130036,122.45313807796312,0.974105249630534,0.8495015845577643,5.097392516564954,0.005097392516564953,0.06801666666666667,1341.8417370160662,346.0142323730229,4.965387916981268
PLA C,C-19,0,Cylinder,3.063333333333333,1.09,0.0,1305.502394114361,3.114,1.2169552169246,5,8.033501750245025,25.230252774027264,2.8078215704246867,0.3184075015893197,2.170725978442771,0.002170725978442771,0.031139999999999998,1305.502394114361,67.46121415477046,9.02180615300736
PLA C,C-2,0,Cylinder,4.8933333333333335,3.81,0.0,1330.2245463661332,6.2275,0.3278592177546131,4,71.65136341434423,96.18286105596496,1.284002449050993,0.7449493873201918,4.501717029262767,0.004501717029262766,0.062275,1330.2245463661332,279.7837391413441,5.054283983497589
PLA C,C-20,0,Cylinder,5.053333333333334,5.203333333333333,0.0,1332.4164123038806,7.46,0.0,1,104.358402616748,122.71772999256548,0.9709857170306796,0.8503938479229552,5.10284661072822,0.00510284661072822,0.0746,1332.4164123038806,379.9110124460046,4.018830086940672
PLA C,C-21,0,Cylinder,4.946666666666666,3.863333333333333,0.0,1355.82365658398,6.045,0.2333452377915607,2,74.24673410186078,98.4744085506634,1.2800828085913916,0.7539698404348587,4.555427696149252,0.004555427696149252,0.06045,1355.82365658398,274.8248530237578,5.846322917601476
PLA C,C-22,0,Cylinder,3.08,3.126666666666667,0.0,1286.2697627139228,6.066,0.4507549223247599,5,23.295546222479445,45.1551584075973,0.984759671746776,0.5158999999999999,3.0954776468453162,0.003095477646845316,0.06066,1286.2697627139228,187.3961307095216,3.1783312177937204
PLA C,C-23,0,Cylinder,5.079999999999999,5.23,0.0,1328.3740942968943,7.386,0.5366842647218195,5,106.00320462719652,124.00368858543484,0.971133626457656,0.8548391248391249,5.12951579139647,0.0051295157913964695,0.07386,1328.3740942968943,378.1083042798381,4.0713735676085925
PLA C,C-24,0,Cylinder,5.079999999999999,5.11,0.0,1383.2933822923117,6.480000000000001,0.0,1,103.57100872752852,122.08857370380652,0.9939346507532768,0.848326797385621,5.089980379290922,0.005089980379290922,0.06480000000000001,1383.2933822923117,329.17106712089566,6.1211757482470865
PLA C,C-25,0,Cylinder,3.203333333333333,1.096666666666667,0.0,1156.75446320266,3.3120000000000003,0.3589846793388261,5,8.838301051785287,27.15486224678645,2.9183115699969626,0.3254776611076796,2.2409197439670177,0.002240919743967018,0.033120000000000004,1156.75446320266,74.07082339634727,4.250585861857543
PLA C,C-26,0,Cylinder,3.036666666666666,3.1533333333333338,0.0,1378.0519705812108,6.88,0.3332416540590328,5,22.83778644407648,44.56755840832835,0.9626968191905312,0.5124307289808538,3.0750678924729242,0.003075067892472924,0.0688,1378.0519705812108,211.1415416601329,3.235921843612421
PLA C,C-27,0,Cylinder,4.903333333333333,3.1466666666666665,0.0,1383.455477102581,6.674,0.8090302837347931,5,59.41874257171069,86.23827168407408,1.5577676585830775,0.6890066488042078,4.229391211742436,0.004229391211742436,0.06674000000000001,1383.455477102581,281.7050303327468,4.796858169658544
PLA C,C-28,0,Cylinder,3.02,3.1633333333333336,0.0,1379.6321948551729,6.793333333333334,0.0709459888459759,3,22.65941664522711,44.338763196684425,0.954387443379332,0.5110520684736092,3.067041232341156,0.0030670412323411562,0.06793333333333335,1379.6321948551729,207.93762571494184,3.324114482057265
PLA C,C-29,0,Cylinder,3.1,1.1266666666666667,0.0,1277.0251457480535,4.035,0.1484924240491748,2,8.503715354614414,26.067888641936907,2.74903931421815,0.326214196762142,2.2122775443896567,0.0022122775443896565,0.040350000000000004,1277.0251457480535,89.0868681182904,4.969046711171182
PLA C,C-3,0,Cylinder,3.043333333333333,3.2000000000000006,0.0,1400.6483648090384,6.658333333333334,0.5383090809810542,6,23.277637748090584,45.14344724831641,0.9507445589919814,0.5156371337804448,3.094684226320355,0.0030946842263203547,0.06658333333333334,1400.6483648090384,205.64228261969197,3.6837353119172516
PLA C,C-5,0,Cylinder,5.016666666666667,5.18,0.0,1357.3041290770643,5.779999999999999,1.400071426749364,2,102.38825267506,121.17061778372012,0.9682815415299492,0.8449924127465857,5.070530702165158,0.005070530702165158,0.05779999999999999,1357.3041290770643,292.4905212359758,7.147220004277296
PLA C,C-6,0,Cylinder,4.9366666666666665,3.773333333333333,0.0,1355.7608897293642,6.415000000000001,0.261629509039023,2,72.22418687438933,96.8019817015249,1.3079572551443963,0.7461023587004894,4.513681666106022,0.004513681666106022,0.06415000000000001,1355.7608897293642,288.97357352293994,5.1428951440183415
PLA C,C-7,0,Cylinder,3.06,3.18,0.0,1382.896326542447,6.488333333333333,0.5537297776593436,6,23.386210492066944,45.27851827912826,0.9619616472807292,0.5164968152866242,3.09948822630418,0.00309948822630418,0.06488333333333333,1382.896326542447,200.70291749453614,3.7140235501144283
PLA C,C-8,0,Cylinder,4.903333333333333,3.1133333333333333,0.0,1388.6968175275292,6.445,0.4665118790913405,4,58.78930673938324,85.72479581813735,1.5744407577865782,0.6857911550364382,4.214403874106737,0.004214403874106737,0.06445000000000001,1388.6968175275292,271.0750930268068,5.195261178236386
PLA C,C-9,0,Cylinder,5.036666666666666,5.2,0.0,1356.6784319577137,7.240000000000001,0.5940538696111665,3,103.60474454570615,122.12838466404452,0.9684035121451,0.848326495357374,5.09053296639705,0.00509053296639705,0.0724,1356.6784319577137,367.8174775936122,4.565292278222267
PLA CUBE,CUBE-1,2,Cube,5.2,5.113333333333333,5.13,1035.8988434882212,5.43,0.0,1,136.40328,158.99346666666668,1.016750309587434,0.8579121202121498,5.147641236094145,0.005147641236094146,0.054299999999999994,1035.8988434882212,278.95788528167225,0.8671850298844299
PLA CUBE,CUBE-10,2,Cube,3.016666666666667,2.986666666666667,3.1966666666666668,1006.9005220348412,6.048333333333333,0.4939804314612744,6,28.8012562962963,56.40086666666668,1.0097065714604487,0.5106436718931814,3.065282298912351,0.0030652822989123514,0.060483333333333326,1006.9005220348412,185.02769406379028,0.09774436376544422
PLA CUBE,CUBE-11,2,Cube,3.056666666666666,3.0766666666666667,3.1833333333333336,1018.8006074278508,5.829999999999999,0.4195235392680604,6,29.937163148148144,57.85757777777778,0.9931766489764972,0.5174196168998534,3.105061559424374,0.003105061559424374,0.05829999999999999,1018.8006074278508,180.6630387366121,0.24904987350332317
PLA CUBE,CUBE-13,2,Cube,3.0966666666666662,3.123333333333333,1.0833333333333333,1059.3709927290636,3.5725,0.3626177969524757,4,10.477915740740738,32.8205111111111,0.9911447775525444,0.3192392850307747,2.188223279093855,0.002188223279093855,0.035725,1059.3709927290636,78.0179280923367,1.3790738076098568
PLA CUBE,CUBE-14,2,Cube,5.01,3.9933333333333336,3.06,1140.1466274299416,5.868333333333333,0.4097031445652652,6,61.220196,95.1136,1.2542768922640406,0.6436466746430095,3.941228112261711,0.003941228112261711,0.05868333333333333,1140.1466274299416,230.82183424844894,2.13214033131159
PLA CUBE,CUBE-15,2,Cube,2.99,2.9766666666666666,3.12,1098.35783619617,6.0840000000000005,0.2590945773265044,5,27.768728000000003,55.03246666666667,1.004141945594985,0.5045789349995519,3.028205394912564,0.003028205394912564,0.060840000000000005,1098.35783619617,183.86754419402746,1.0760573288392241
PLA CUBE,CUBE-16,2,Cube,5.06,5.05,5.186666666666667,1075.1885516035677,6.0075,0.8807335957408842,4,132.53489333333334,155.9804,1.0017818253811126,0.8496839580445703,5.098511590947067,0.0050985115909470665,0.060075,1075.1885516035677,305.68049765849275,1.4291767631888204
PLA CUBE,CUBE-17,2,Cube,3.143333333333333,3.1733333333333333,1.1566666666666665,1022.745684250762,3.86,0.1385640646055098,3,11.53757007407407,34.56224444444444,0.9902341699044418,0.3338103890281219,2.259634085566998,0.002259634085566998,0.038599999999999995,1022.745684250762,87.04743195148033,0.4918584962996946
PLA CUBE,CUBE-18,2,Cube,5.07,5.066666666666666,5.113333333333333,1071.9345210421966,6.73,0.0360555127546393,3,131.35130666666666,155.0403111111111,1.0004604354403737,0.847201985879319,5.083288974500188,0.005083288974500188,0.0673,1071.9345210421966,341.42113728789496,1.0875247193175015
PLA CUBE,CUBE-19,2,Cube,5.1066666666666665,5.063333333333333,5.16,1039.5675862536796,5.755,0.4596194077712561,2,133.42085866666665,156.6679111111111,1.0083591127492926,0.8516103017531238,5.1098471629190305,0.0051098471629190305,0.05755,1039.5675862536796,293.4835608175382,0.8405223456734134
PLA CUBE,CUBE-2,2,Cube,5.063333333333333,5.043333333333333,5.180000000000001,1028.9023828473678,6.28,0.411873767069475,6,132.27688288888888,155.7772222222222,1.0037666027886076,0.8491359125936873,5.095200956399805,0.005095200956399805,0.06280000000000001,1028.9023828473678,319.33866282178394,0.5232523666235244
PLA CUBE,CUBE-20,2,Cube,5.063333333333333,5.043333333333333,5.180000000000001,1028.9023828473678,6.03,0.0,1,132.27688288888888,155.7772222222222,1.0037666027886076,0.8491359125936873,5.095200956399805,0.005095200956399805,0.0603,1028.9023828473678,306.6261364355664,0.5675392010606232
PLA CUBE,CUBE-21,2,Cube,3.1533333333333338,3.1300000000000003,1.0933333333333335,1047.156602238975,3.673333333333333,0.5967132197854063,6,10.791127111111114,33.47942222222223,1.0071329713616524,0.3223115598568716,2.209813399962042,0.0022098133999620424,0.036733333333333326,1047.156602238975,81.0114646008218,1.0551008724884483
PLA CUBE,CUBE-22,2,Cube,3.11,3.06,3.1533333333333338,1046.3523424230025,6.103333333333333,0.3563518860153074,6,30.00901200000001,57.94533333333335,1.0160078405749755,0.5178759426825972,3.1075436123520803,0.0031075436123520804,0.06103333333333333,1046.3523424230025,189.28441765027418,0.5286616099544628
PLA CUBE,CUBE-23,2,Cube,4.95,3.786666666666666,3.123333333333333,1052.2043681512769,5.454999999999999,0.3229705868960824,6,58.54375999999999,92.06304444444444,1.3068731848983546,0.6359025432054303,3.8829357453454456,0.0038829357453454456,0.054549999999999994,1052.2043681512769,211.39051661877684,0.9270052272585559
PLA CUBE,CUBE-24,2,Cube,3.126666666666667,3.11,1.13,1019.2896315735156,3.868,0.251137412585222,5,10.988044666666664,33.54273333333333,1.0050358941390765,0.3275736948381814,2.2231740887008598,0.0022231740887008597,0.03868,1019.2896315735156,85.82038900344735,0.4146158399069037
PLA CUBE,CUBE-26,2,Cube,5.01,5.01,5.193333333333334,1082.4438153740252,6.800000000000001,0.0,1,130.35318600000002,154.27460000000002,0.9998004390341249,0.844937151435483,5.070380482554419,0.0050703804825544185,0.068,1082.4438153740252,344.0963010680731,1.2135782237812809
PLA CUBE,CUBE-27,2,Cube,5.196666666666666,5.026666666666666,3.88,1047.8227991893011,5.9125,0.3727711541057508,4,101.35301511111108,131.57688888888887,1.0336140025193925,0.7702891113924071,4.662428923897665,0.0046624289238976655,0.059125,1047.8227991893011,275.11477790519854,0.8709139426283424
PLA CUBE,CUBE-28,2,Cube,5.056666666666666,5.069999999999999,5.013333333333334,1144.4947525343518,6.759999999999999,0.9395211546314424,3,128.52833066666665,152.81131111111108,0.9971734700585024,0.8410862301088597,5.046608586807429,0.005046608586807429,0.0676,1144.4947525343518,340.4684389872458,2.120339976829673
PLA CUBE,CUBE-3,2,Cube,3.11,3.083333333333333,3.783333333333333,1047.4375107433168,5.8660000000000005,1.2607656403947562,5,36.27901388888888,66.04122222222222,1.0083216254187832,0.5493306050001682,3.3104357086820597,0.0033104357086820597,0.058660000000000004,1047.4375107433168,193.80177835394704,0.6233541262167045
PLA CUBE,CUBE-4,2,Cube,5.05,5.04,5.193333333333334,1028.894380360464,6.1,0.6788225099390853,2,132.18072,155.70546666666667,1.0017853600476094,0.8489096363799064,5.09396595092336,0.005093965950923361,0.061,1028.894380360464,310.1104591603123,0.5543104416127387
PLA CUBE,CUBE-5,2,Cube,3.0700000000000003,3.053333333333333,3.796666666666667,1039.6488087554087,6.52,0.5529556944276819,6,35.588940888888885,65.24397777777779,1.0051293244570558,0.5454663653975579,3.289311635219998,0.003289311635219998,0.0652,1039.6488087554087,214.03419237911118,0.4223666476780523
PLA CUBE,CUBE-6,2,Cube,5.06,5.05,5.186666666666667,1075.1885516035677,7.09,0.5172362451852472,4,132.53489333333334,155.9804,1.0017818253811126,0.8496839580445703,5.098511590947067,0.0050985115909470665,0.0709,1075.1885516035677,360.7615028545507,1.026079556909401
PLA CUBE,CUBE-7,2,Cube,2.983333333333334,2.9633333333333334,3.1466666666666665,1089.2049392415097,5.942,0.553416660392511,5,27.818456296296297,55.10557777777778,1.00640953558979,0.504811901194023,3.03001195579943,0.00303001195579943,0.05942,1089.2049392415097,179.68322379277492,1.025828140073424
PLA CUBE,CUBE-8,2,Cube,5.206666666666666,5.156666666666666,5.052333333333333,1093.989292299615,7.505,0.0636396103067891,2,135.6503222148148,158.41611777777774,1.0095004200866025,0.8562857607667155,5.1381519472565405,0.00513815194725654,0.07505,1093.989292299615,384.84706703432016,1.1476396452125313
PLA CUBE,CUBE-9,2,Cube,5.1066666666666665,5.063333333333333,5.16,1039.5675862536796,6.673333333333333,0.4099593475781065,6,133.42085866666665,156.6679111111111,1.0083591127492926,0.8516103017531238,5.1098471629190305,0.0051098471629190305,0.06673333333333333,1039.5675862536796,340.3151397374523,0.6251068859109393
PLA HC,HC-1,1,Half Cylinder,4.77,5.109999999999999,0.0,1276.8754933311932,4.8260000000000005,0.3611509379746926,5,45.65806940287261,56.15777509869336,0.9332811582860496,0.813032021347565,4.880742392989026,0.004880742392989026,0.048260000000000004,1276.8754933311932,235.07353862987915,7.659471511282409
PLA HC,HC-11,1,Half Cylinder,4.83,3.856666666666667,0.0,1248.1373839778155,4.953333333333333,0.6269237061503837,3,35.33183970448954,47.58279795072002,1.252052190443273,0.7425338825405263,4.480936490422153,0.004480936490422153,0.04953333333333333,1248.1373839778155,221.51180938392613,5.9872788509079475
PLA HC,HC-12,1,Half Cylinder,4.89,5.126666666666666,0.0,1233.7973557756006,5.485,0.0070710678118653,2,48.14073145422878,58.15944085792809,0.9536501332639928,0.827737178076161,4.967649351873663,0.004967649351873663,0.05485,1233.7973557756006,271.9306158163699,5.102861752244774
PLA HC,HC-4,1,Half Cylinder,2.806666666666666,2.533333333333333,0.0,1186.2300390594169,4.33,0.2679552201394851,6,7.836712182802413,17.35558898841665,1.1074575825332105,0.4515382444256279,2.7124266560736094,0.0027124266560736095,0.0433,1186.2300390594169,117.21317805957132,3.569014776708979
PLA HC,HC-6,1,Half Cylinder,4.723333333333334,3.7433333333333336,0.0,1192.252481427715,4.824999999999999,0.1484924240491746,2,32.79559981209944,45.2954043396413,1.261461764444049,0.724038129038129,4.371044529800496,0.004371044529800496,0.048249999999999994,1192.252481427715,210.48109276574817,4.78007128743882
PLA HC,HC-9,1,Half Cylinder,4.86,4.933333333333334,0.0,1245.6634052149975,5.255000000000001,0.1484924240491746,2,45.75861646844984,56.21220319141681,0.9849354860501248,0.8140334993209597,4.884322516115549,0.004884322516115549,0.052550000000000006,1245.6634052149975,256.15780592542836,5.741137323064065
RESIN (a=6 r=3),C-1,0,Cylinder,6.1,6.3,0.0,1210.1106570899371,9.163333333333332,0.8451903138741393,6,184.11539365812,179.18073699749382,0.9681003015394382,1.0275401069518717,6.165951057290009,0.006165951057290009,0.09163333333333332,1210.1106570899371,563.876635252575,2.041422019730346
RESIN (a=6 r=3),C-2,0,Cylinder,6.1,6.3,0.0,1172.0910224416891,9.708333333333334,0.8456338845308095,6,184.11539365812,179.18073699749382,0.9681003015394382,1.0275401069518717,6.165951057290009,0.006165951057290009,0.09708333333333334,1172.0910224416891,597.4138596482812,1.4926716799507163
RESIN (a=6 r=3),C-3,0,Cylinder,6.1,6.3,0.0,1163.943957874208,9.0575,0.9320363011528394,4,184.11539365812,179.18073699749382,0.9681003015394382,1.0275401069518717,6.165951057290009,0.006165951057290009,0.09057499999999999,1163.943957874208,557.3640549800144,1.6346396708250965
RESIN (a=6 r=3),C-4,0,Cylinder,6.1,6.3,0.0,1203.0498677981195,9.239999999999998,0.4242640687119276,2,184.11539365812,179.18073699749382,0.9681003015394382,1.0275401069518717,6.165951057290009,0.006165951057290009,0.09239999999999998,1203.0498677981195,568.5944099382095,1.9408538215045674
RESIN (a=6 r=3),C-5,0,Cylinder,6.1,6.3,0.0,1191.6439774036455,7.3066666666666675,2.160098763174191,6,184.11539365812,179.18073699749382,0.9681003015394382,1.0275401069518717,6.165951057290009,0.006165951057290009,0.07306666666666667,1191.6439774036455,449.624439604818,2.931181291283642
RESIN (a=6 r=3),C-6,0,Cylinder,6.1,6.3,0.0,1202.5067301602876,7.796666666666667,3.801924951039057,3,184.11539365812,179.18073699749382,0.9682539682539684,1.0275401069518717,6.165951057290009,0.006165951057290009,0.07796666666666667,1202.5067301602876,479.7771734651776,2.718735428028623
RESIN (a=6 r=3),CUBE-1,2,Cube,6.24,6.24,6.24,1151.1343666829412,8.1,0.9733652962788436,6,242.970624,233.6256,0.9998397692677456,1.0399955484521026,6.239999999999999,0.006239999999999999,0.081,1151.1343666829412,504.42911999999995,1.9088175590883503
RESIN (a=6 r=3),CUBE-2,2,Cube,6.24,6.24,6.24,1154.8331204495057,8.738333333333333,0.7947179793276776,6,242.970624,233.6256,0.9998397692677456,1.0399955484521026,6.239999999999999,0.006239999999999999,0.08738333333333333,1154.8331204495057,544.1814559999999,1.6797411486303617
RESIN (a=6 r=3),CUBE-3,2,Cube,6.24,6.24,6.24,1158.5318742160696,9.75,0.3535533905932738,2,242.970624,233.6256,0.9998397692677456,1.0399955484521026,6.239999999999999,0.006239999999999999,0.0975,1158.5318742160696,607.1831999999999,1.3810641030137827
RESIN (a=6 r=3),CUBE-4,2,Cube,6.24,6.24,6.24,1149.4904761200237,8.45,1.412397488905537,4,242.970624,233.6256,0.9998397692677456,1.0399955484521026,6.239999999999999,0.006239999999999999,0.08449999999999999,1149.4904761200237,526.2254399999998,1.735136737328926
RESIN (a=6 r=3),CUBE-5,2,Cube,6.24,6.24,6.24,1130.5857346464732,8.015,1.70157769927402,4,242.970624,233.6256,0.9998397692677456,1.0399955484521026,6.239999999999999,0.006239999999999999,0.08015,1130.5857346464732,499.13572799999986,1.6879187532976625
RESIN (a=6 r=3),CUBE-6,2,Cube,6.24,6.24,6.24,1151.1343666829412,8.455,2.5903088618927272,4,242.970624,233.6256,0.9998397692677456,1.0399955484521026,6.239999999999999,0.006239999999999999,0.08455,1151.1343666829412,526.5368159999999,1.751891620217608
RESIN (a=6 r=3),D-1,6,Elliptic Cylinder,6.0,6.0,0.0,1061.4216849505126,3.5083333333333333,0.3740810963770646,6,141.3716694115407,108.0,0.9998333611064822,1.3089848187659436,5.999999999999999,0.005999999999999999,0.035083333333333334,1061.4216849505126,210.07899999999998,4.051954215232712
RESIN (a=6 r=3),D-2,6,Elliptic Cylinder,6.0,6.0,0.0,1112.3385923466628,3.125,0.4596194077712561,2,141.3716694115407,108.0,0.9998333611064822,1.3089848187659436,5.999999999999999,0.005999999999999999,0.03125,1112.3385923466628,187.12499999999997,9.207065884592067
RESIN (a=6 r=3),D-3,6,Elliptic Cylinder,6.0,6.0,0.0,1069.255055319151,2.982,0.5054404020257977,5,141.3716694115407,108.0,0.9998333611064822,1.3089848187659436,5.999999999999999,0.005999999999999999,0.029820000000000003,1069.255055319151,178.56216,6.301281136565945
RESIN (a=6 r=3),D-4,6,Elliptic Cylinder,6.0,6.0,0.0,1015.0031600490588,2.9800000000000004,0.3874704289792106,4,141.3716694115407,108.0,0.9998333611064822,1.3089848187659436,5.999999999999999,0.005999999999999999,0.029800000000000004,1015.0031600490588,178.4424,1.5056553364489154
RESIN (a=6 r=3),D-5,6,Elliptic Cylinder,6.0,6.0,0.0,1061.4216849505126,2.538,0.6684085576950674,5,141.3716694115407,108.0,0.9998333611064822,1.3089848187659436,5.999999999999999,0.005999999999999999,0.02538,1061.4216849505126,151.97543999999996,7.742531723973489
RESIN (a=6 r=3),D-6,6,Elliptic Cylinder,6.0,6.0,0.0,1077.0884256877896,2.6633333333333336,0.7833432623484209,6,141.3716694115407,108.0,0.9998333611064822,1.3089848187659436,5.999999999999999,0.005999999999999999,0.026633333333333335,1077.0884256877896,159.4804,8.767793941456848
RESIN (a=6 r=3),D-7,6,Elliptic Cylinder,6.0,6.0,0.0,1124.0886478996204,3.3200000000000003,0.3615936946352909,5,141.3716694115407,108.0,0.9998333611064822,1.3089848187659436,5.999999999999999,0.005999999999999999,0.0332,1124.0886478996204,198.80159999999998,8.995561422564068
RESIN (a=6 r=3),D-8,6,Elliptic Cylinder,6.0,6.0,0.0,1032.2794993862915,3.075,0.4030508652763318,2,141.3716694115407,108.0,0.9998333611064822,1.3089848187659436,5.999999999999999,0.005999999999999999,0.030750000000000003,1032.2794993862915,184.131,2.8508389499852695
RESIN (a=9 r=4.5),C-1,0,Cylinder,9.15,9.4,0.0,1156.767607382851,8.61,1.5726410906497383,3,618.101678709403,401.71937960534393,0.9733007126901394,1.5386404293381035,9.232585692206722,0.009232585692206722,0.0861,1156.767607382851,793.3357768428007,2.5915294415214922
RESIN (a=9 r=4.5),C-2,0,Cylinder,9.15,9.4,0.0,1158.7090355351022,9.3525,1.69979165389958,4,618.101678709403,401.71937960534393,0.9733007126901394,1.5386404293381035,9.232585692206722,0.009232585692206722,0.093525,1158.7090355351022,861.7506217099063,2.223235205399456
RESIN (a=9 r=4.5),C-3,0,Cylinder,9.15,9.4,0.0,1168.577961975711,10.47,1.725340546095175,2,618.101678709403,401.71937960534393,0.9733007126901394,1.5386404293381035,9.232585692206722,0.009232585692206722,0.1047,1168.577961975711,964.7184185300957,1.8829123667658396
RESIN (a=9 r=4.5),C-4,0,Cylinder,9.15,9.4,0.0,1171.3283185247333,9.51,1.053280589396767,4,618.101678709403,401.71937960534393,0.9733007126901394,1.5386404293381035,9.232585692206722,0.009232585692206722,0.0951,1171.3283185247333,876.2628615302016,2.319044273629693
RESIN (a=9 r=4.5),C-5,0,Cylinder,9.15,9.4,0.0,1181.1972449653422,9.164,1.8718386682617716,5,618.101678709403,401.71937960534393,0.9733007126901394,1.5386404293381035,9.232585692206722,0.009232585692206722,0.09164,1181.1972449653422,844.3820045281564,2.639668118432896
RESIN (a=9 r=4.5),C-6,0,Cylinder,9.15,9.4,0.0,1181.0354592859878,8.5375,2.5693368145625963,4,618.101678709403,401.71937960534393,0.9733007126901394,1.5386404293381035,9.232585692206722,0.009232585692206722,0.08537499999999999,1181.0354592859878,786.6555394652045,3.038605712072279
RESIN (a=9 r=4.5),CUBE-1,2,Cube,9.25,9.25,9.25,1159.3614761697004,7.883333333333333,4.544285789134893,3,791.453125,513.375,1.0,1.5416666666666667,9.249999999999998,0.009249999999999998,0.07883333333333332,1159.3614761697004,727.7499166666664,3.1477411601886636
RESIN (a=9 r=4.5),CUBE-2,2,Cube,9.25,9.25,9.25,1153.0427412875893,8.709999999999999,0.2594224354214569,3,791.453125,513.375,0.9998919035779916,1.5416636636695134,9.249999999999998,0.009249999999999998,0.0871,1153.0427412875893,804.0636499999998,2.4776163818956496
RESIN (a=9 r=4.5),CUBE-3,2,Cube,9.25,9.25,9.25,1150.2624979394604,9.445,1.3930003589374975,2,791.453125,513.375,0.9998919035779916,1.5416636636695134,9.249999999999998,0.009249999999999998,0.09445,1150.2624979394604,871.9151749999999,2.0692261645270666
RESIN (a=9 r=4.5),CUBE-4,2,Cube,9.25,9.25,9.25,1162.8999677036825,8.988,1.501622455878974,5,791.453125,513.375,0.9998919035779916,1.5416636636695134,9.249999999999998,0.009249999999999998,0.08988,1162.8999677036825,829.7272199999999,2.4746476921970824
RESIN (a=9 r=4.5),CUBE-5,2,Cube,9.25,9.25,9.25,1161.3834713319757,9.76,0.0,1,791.453125,513.375,0.9998919035779916,1.5416636636695134,9.249999999999998,0.009249999999999998,0.09759999999999999,1161.3834713319757,900.9943999999997,2.079349149923206
RESIN (a=9 r=4.5),D-1,6,Elliptic Cylinder,9.07,9.07,0.0,1148.0128131767472,3.955,0.2751545020529373,6,323.0535068603737,246.79470000000003,0.9998897585712712,1.3089916350259492,9.07,0.00907,0.03955,1148.0128131767472,358.001063,11.400394225945632
RESIN (a=9 r=4.5),D-2,6,Elliptic Cylinder,9.07,9.07,0.0,1157.4337858522888,3.926666666666667,0.2861934077973606,6,323.0535068603737,246.79470000000003,0.9998897585712712,1.3089916350259492,9.07,0.00907,0.03926666666666667,1157.4337858522888,355.4363693333334,12.291836563823228
RESIN (a=9 r=4.5),D-3,6,Elliptic Cylinder,9.07,9.07,0.0,1173.5840247246467,3.642,0.3569593814427628,5,323.0535068603737,246.79470000000003,0.9998897585712712,1.3089916350259492,9.07,0.00907,0.03642,1173.5840247246467,329.6687412,15.735828239844686
RESIN (a=9 r=4.5),D-4,6,Elliptic Cylinder,9.07,9.07,0.0,1104.9455095171272,3.694,0.4583448483401988,5,323.0535068603737,246.79470000000003,0.9998897585712712,1.3089916350259492,9.07,0.00907,0.03694,1104.9455095171272,334.3757084,9.31651015030033
RESIN (a=9 r=4.5),D-5,6,Elliptic Cylinder,9.07,9.07,0.0,1091.4869771234958,3.605,0.3402450097601232,4,323.0535068603737,246.79470000000003,0.9998897585712712,1.3089916350259492,9.07,0.00907,0.03605,1091.4869771234958,326.319553,8.551160714847834
RESIN (a=9 r=4.5),D-6,6,Elliptic Cylinder,9.07,9.07,0.0,1174.9298779640098,3.186,0.6930223661614392,5,323.0535068603737,246.79470000000003,0.9998897585712712,1.3089916350259492,9.07,0.00907,0.03186,1174.9298779640098,288.3922596,20.72020866916027
RESIN (a=9 r=4.5),D-7,6,Elliptic Cylinder,9.07,9.07,0.0,1146.666959937384,3.466,0.8606567259947483,5,323.0535068603737,246.79470000000003,0.9998897585712712,1.3089916350259492,9.07,0.00907,0.03466,1146.666959937384,313.73746760000006,14.710987745841715
RESIN (a=9 r=4.5),D-8,6,Elliptic Cylinder,9.07,9.07,0.0,1152.0503728948363,3.594,0.7512522878500939,5,323.0535068603737,246.79470000000003,0.9998897585712712,1.3089916350259492,9.07,0.00907,0.03594,1152.0503728948363,325.3238483999999,14.177220633112775
WSP,WSP-12,3,Wedge Shape Prism,3.4433333333333334,3.5066666666666664,2.856666666666667,1235.021809151558,3.6216666666666666,0.4456642981737109,6,17.246585407407405,63.85691111111111,0.9816592226551364,0.2700775065660822,3.255200221278131,0.003255200221278131,0.03621666666666667,1235.021809151558,117.65671634459505,7.709500943040566
WSP,WSP-15,3,Wedge Shape Prism,4.023333333333333,1.6733333333333331,2.8766666666666665,1228.898572288358,1.93,0.0,1,9.68340337037037,46.239577777777775,2.4029464463468053,0.2094135461911119,2.6854640295921928,0.0026854640295921927,0.019299999999999998,1228.898572288358,51.72579685958705,21.817408931446312
WSP,WSP-18,3,Wedge Shape Prism,3.61,3.4800000000000004,2.85,1200.9853665984556,4.293333333333334,0.3875994496040124,3,17.90199,65.5386,1.0370583165756966,0.2731476847585277,3.295923340622865,0.003295923340622865,0.04293333333333334,1200.9853665984556,141.22196547322685,4.756963492246108
WSP,WSP-2,3,Wedge Shape Prism,3.49,3.516666666666666,2.3466666666666662,1236.073628322845,2.87,0.0,1,14.40051555555555,57.43095555555554,0.9924170616113748,0.2507448364083945,3.0652743101640594,0.0030652743101640596,0.0287,1236.073628322845,87.79742595630509,11.61165290539117
WSP,WSP-20,3,Wedge Shape Prism,3.4166666666666665,3.456666666666667,2.3633333333333333,1253.962386789141,4.615,0.6940941338656214,4,13.955811574074076,56.10851111111111,0.9881422924901184,0.2487245263363285,3.0333907930990427,0.0030333907930990426,0.046150000000000004,1253.962386789141,139.7110031313178,4.7779137695051315
WSP,WSP-21,3,Wedge Shape Prism,4.343333333333333,1.6133333333333333,2.85,1241.8304580952322,4.0325,0.4740868415526136,4,9.985323333333332,47.96748888888888,2.690481106752013,0.2081642254035288,2.7130890129819183,0.002713089012981918,0.040325,1241.8304580952322,109.18650381959885,5.33188099750015
WSP,WSP-26,3,Wedge Shape Prism,2.4466666666666668,2.47,2.856666666666667,1285.9255449109496,3.2525,0.93203630115284,4,8.631799222222224,40.17708888888889,0.9901524349116416,0.2148384719366111,2.58450340428661,0.00258450340428661,0.032525,1285.9255449109496,83.89285127797315,9.219341413831433
WSP,WSP-27,3,Wedge Shape Prism,2.57,2.523333333333333,2.3466666666666667,1182.8159448145393,3.806666666666666,0.0611010092660776,3,7.609027555555554,36.87464444444444,1.0180905849729305,0.2063429038377634,2.4781050773320867,0.002478105077332087,0.038066666666666665,1182.8159448145393,94.14453354388722,4.1423487377992085
WSP,WSP-28,3,Wedge Shape Prism,3.27,1.663333333333333,2.353333333333333,1203.1293237460072,3.2433333333333336,0.1457166199626292,3,6.4000076666666645,34.09775555555555,1.964750650911276,0.1876903588531089,2.3392151246311412,0.0023392151246311413,0.032433333333333335,1203.1293237460072,75.71680678778561,5.978496002383317
WSP,WSP-30,3,Wedge Shape Prism,2.4633333333333334,2.4633333333333334,2.3666666666666667,1281.2562104368624,3.2125,0.5343142021944265,4,7.180479814814816,35.455577777777776,0.9995942107398892,0.2025147452136552,2.4306801840614765,0.0024306801840614763,0.032125,1281.2562104368624,77.92942971114897,8.74375924620358
WSP,WSP-4,3,Wedge Shape Prism,3.5500000000000003,3.48,2.83,1235.6500131173404,4.51,0.0,1,17.48091,64.49780000000001,1.0201149425287357,0.2710311049369125,3.2698764554133817,0.0032698764554133816,0.0451,1235.6500131173404,147.17648528286523,5.0071811743977195
WSP,WSP-41,3,Wedge Shape Prism,4.253333333333333,1.606666666666667,2.8233333333333337,1261.0,3.12,0.6363961030678924,2,9.646890814814816,46.75684444444445,2.6456562305618907,0.2063159867490644,2.6820844790203857,0.002682084479020386,0.031200000000000002,1261.0,83.51367367394518,9.497213826083799
WSP,WSP-42,3,Wedge Shape Prism,2.466666666666667,2.3866666666666663,2.856666666666667,1308.146725542255,4.516666666666667,2.19777918211392,3,8.408757037037036,39.50293333333333,1.0330866955186375,0.2128587289291961,2.562048027159358,0.002562048027159358,0.04516666666666667,1308.146725542255,115.48773088824426,5.10499814559634
WSP,WSP-44,3,Wedge Shape Prism,1.663333333333333,2.436666666666667,2.3633333333333333,1294.5728028071906,2.855,0.279583022851293,4,4.78928187037037,27.48531111111111,0.6823465062217966,0.1742424383908812,2.1237340549822408,0.002123734054982241,0.02855,1294.5728028071906,60.51134205520349,10.127364245674004
WSP,WSP-46,3,Wedge Shape Prism,4.263333333333333,1.6466666666666665,2.8366666666666664,1215.218187403986,3.5125,0.6815362548439127,4,9.957109740740735,47.569977777777765,2.587497471171353,0.2093105966258294,2.710531319300793,0.002710531319300793,0.035125,1215.218187403986,95.01699776525949,6.254536798311116
WSP,WSP-47,3,Wedge Shape Prism,1.5,1.4633333333333332,2.85,1278.8429029414183,2.225,0.120208152801713,2,3.127875,21.281,1.0243569314819032,0.1469727939103467,1.8425804610071232,0.0018425804610071232,0.022250000000000002,1278.8429029414183,40.915420426893675,13.69957477198901
WSP,WSP-48,3,Wedge Shape Prism,1.653333333333333,4.09,2.83,1243.6746775573088,3.140000000000001,0.0,1,9.568418666666664,46.03153333333333,0.4041391672777641,0.2078620917380171,2.6747922432566598,0.0026747922432566597,0.03140000000000001,1243.6746775573088,83.82049948538261,8.73510955781588
WSP,WSP-49,3,Wedge Shape Prism,2.4966666666666666,2.4933333333333336,2.853333333333333,1216.072743369654,3.1025,0.1703672503740081,4,8.881031703703703,40.92631111111111,1.000935453695042,0.2169952401611022,2.6091425380867057,0.002609142538086706,0.031025,1216.072743369654,80.78674994965176,7.747343548854182
WSP,WSP-50,3,Wedge Shape Prism,4.06,1.6233333333333333,2.3466666666666662,1254.333782486841,3.255,0.2192031021678299,2,7.733127111111109,39.85524444444444,2.499486969012928,0.1940254838081973,2.4915047233269796,0.0024915047233269798,0.032549999999999996,1254.333782486841,80.93628178680459,7.900285349139291
WSP,WSP-6,3,Wedge Shape Prism,3.62,3.4599999999999995,2.85,1182.1845902798934,4.412,0.2872629457483162,5,17.848409999999998,65.40639999999999,1.045940479630165,0.2728805914927057,3.292631862087384,0.003292631862087384,0.04412,1182.1845902798934,144.9803759197848,4.083218909500033
WSP,WSP-7,3,Wedge Shape Prism,3.4599999999999995,3.483333333333334,2.853333333333333,1238.7593853834242,3.1900000000000004,1.2445079348883237,2,17.19466222222222,63.72795555555555,0.9930163589400168,0.2698092581673148,3.251930196830614,0.003251930196830614,0.031900000000000005,1238.7593853834242,103.5291001323388,10.083708379134293
WSP,WSP-9,3,Wedge Shape Prism,3.4333333333333336,3.51,2.3633333333333333,1242.9341184994198,4.1075,0.7162110955111866,4,14.240265,56.92082222222222,0.9778790468052788,0.2501723318766246,3.053861632026055,0.003053861632026055,0.041075,1242.9341184994198,125.18649180239926,5.810596246571083
