category,code,shape_enc,shape_name,a,b,c,density,velocity_ms,velocity_cms,date,view,repeat
ABS C,C-13,0,Cylinder,5.493333333333333,3.28,0.0,1113.5798390396526,0.0296,2.96,06.11.2024,MAK,FIRST
ABS C,C-14,0,Cylinder,5.396666666666667,3.2533333333333334,0.0,1131.052140242979,0.038,3.8,06.11.2024,ANG,FIRST
ABS C,C-17,0,Cylinder,5.433333333333334,5.316666666666667,0.0,1131.5340601175835,0.0388,3.88,06.11.2024,ANG,FIRST
ABS C,C-17,0,Cylinder,5.433333333333334,5.316666666666667,0.0,1131.5340601175835,0.0345,3.45,06.11.2024,MAK,FIRST
ABS C,C-17,0,Cylinder,5.433333333333334,5.316666666666667,0.0,1131.5340601175835,0.0424,4.24,06.11.2024,MAK,SECOND
ABS C,C-7,0,Cylinder,5.443333333333334,5.36,0.0,1164.0331017352394,0.0348,3.4799999999999995,06.11.2024,MAK,FIRST
ABS C,C-8,0,Cylinder,5.296666666666667,5.336666666666666,0.0,1184.9343500495427,0.0482,4.82,06.11.2024,ANG,FIRST
ABS C,C-8,0,Cylinder,5.296666666666667,5.336666666666666,0.0,1184.9343500495427,0.048600000000000004,4.86,06.11.2024,ANG,SECOND
ABS C,C-8,0,Cylinder,5.296666666666667,5.336666666666666,0.0,1184.9343500495427,0.0392,3.92,06.11.2024,MAK,FIRST
ABS C,C-8,0,Cylinder,5.296666666666667,5.336666666666666,0.0,1184.9343500495427,0.042,4.2,06.11.2024,MAK,SECOND
ABS CUBE,CUBE-6,2,Cube,5.06,5.05,5.186666666666667,1075.1885516035675,0.0401,4.01,06.11.2024,ANG,FIRST
ABS CUBE,CUBE-6,2,Cube,5.06,5.05,5.186666666666667,1075.1885516035675,0.037000000000000005,3.7000000000000006,06.11.2024,MAK,FIRST
RESIN (a=6 r=3),C-2,0,Cylinder,6.1,6.3,0.0,1172.0910224416893,0.10339999999999999,10.34,09.01.2025,ANG,FIRST
RESIN (a=6 r=3),C-2,0,Cylinder,6.1,6.3,0.0,1172.0910224416893,0.10339999999999999,10.34,09.01.2025,ANG,SECOND
RESIN (a=6 r=3),C-2,0,Cylinder,6.1,6.3,0.0,1172.0910224416893,0.1061,10.61,09.01.2025,ANG,THIRD
RESIN (a=6 r=3),C-2,0,Cylinder,6.1,6.3,0.0,1172.0910224416893,0.094,9.4,09.01.2025,MAK,FIRST
RESIN (a=6 r=3),C-2,0,Cylinder,6.1,6.3,0.0,1172.0910224416893,0.09050000000000001,9.05,09.01.2025,MAK,SECOND
RESIN (a=6 r=3),C-2,0,Cylinder,6.1,6.3,0.0,1172.0910224416893,0.0851,8.51,09.01.2025,MAK,THIRD
RESIN (a=6 r=3),C-3,0,Cylinder,6.1,6.3,0.0,1163.9439578742079,0.0968,9.68,09.01.2025,ANG,FIRST
RESIN (a=6 r=3),C-3,0,Cylinder,6.1,6.3,0.0,1163.9439578742079,0.1003,10.03,09.01.2025,ANG,SECOND
RESIN (a=6 r=3),C-3,0,Cylinder,6.1,6.3,0.0,1163.9439578742079,0.0824,8.24,09.01.2025,MAK,FIRST
RESIN (a=6 r=3),C-3,0,Cylinder,6.1,6.3,0.0,1163.9439578742079,0.0828,8.28,09.01.2025,MAK,SECOND
RESIN (a=6 r=3),CUBE-2,2,Cube,6.24,6.24,6.24,1154.8331204495055,0.0931,9.31,09.01.2025,ANG,FIRST
RESIN (a=6 r=3),CUBE-2,2,Cube,6.24,6.24,6.24,1154.8331204495055,0.09609999999999999,9.61,09.01.2025,ANG,SECOND
RESIN (a=6 r=3),CUBE-2,2,Cube,6.24,6.24,6.24,1154.8331204495055,0.0944,9.44,09.01.2025,ANG,THIRD
RESIN (a=6 r=3),CUBE-2,2,Cube,6.24,6.24,6.24,1154.8331204495055,0.0785,7.85,09.01.2025,MAK,FIRST
RESIN (a=6 r=3),CUBE-2,2,Cube,6.24,6.24,6.24,1154.8331204495055,0.0812,8.12,09.01.2025,MAK,SECOND
RESIN (a=6 r=3),CUBE-2,2,Cube,6.24,6.24,6.24,1154.8331204495055,0.081,8.1,09.01.2025,MAK,THIRD
RESIN (a=6 r=3),CUBE-3,2,Cube,6.24,6.24,6.24,1158.5318742160696,0.1,10.0,09.01.2025,ANG,FIRST
RESIN (a=6 r=3),CUBE-3,2,Cube,6.24,6.24,6.24,1158.5318742160696,0.095,9.5,09.01.2025,ANG,SECOND
RESIN (a=6 r=3),D-3,6,Elliptic Cylinder,6.0,6.0,0.0,1069.2550553191513,0.0355,3.55,09.01.2025,ANG,FIRST
RESIN (a=6 r=3),D-3,6,Elliptic Cylinder,6.0,6.0,0.0,1069.2550553191513,0.0218,2.18,09.01.2025,ANG,THIRD
RESIN (a=6 r=3),D-3,6,Elliptic Cylinder,6.0,6.0,0.0,1069.2550553191513,0.0321,3.2099999999999995,09.01.2025,MAK,FIRST
RESIN (a=6 r=3),D-3,6,Elliptic Cylinder,6.0,6.0,0.0,1069.2550553191513,0.030299999999999997,3.03,09.01.2025,MAK,SECOND
RESIN (a=6 r=3),D-3,6,Elliptic Cylinder,6.0,6.0,0.0,1069.2550553191513,0.0294,2.94,09.01.2025,MAK,THIRD
RESIN (a=6 r=3),SP-2,5,Sphere,6.3,0.0,0.0,1103.691191341414,0.12560000000000002,12.560000000000002,09.01.2025,ANG,FIRST
RESIN (a=6 r=3),SP-2,5,Sphere,6.3,0.0,0.0,1103.691191341414,0.0924,9.24,09.01.2025,MAK,FIRST
RESIN (a=6 r=3),SP-3,5,Sphere,6.3,0.0,0.0,1113.6205930628248,0.11689999999999999,11.69,09.01.2025,ANG,FIRST
RESIN (a=6 r=3),SP-3,5,Sphere,6.3,0.0,0.0,1113.6205930628248,0.11130000000000001,11.13,09.01.2025,ANG,SECOND
RESIN (a=6 r=3),SP-3,5,Sphere,6.3,0.0,0.0,1113.6205930628248,0.10800000000000001,10.8,09.01.2025,ANG,THIRD
RESIN (a=6 r=3),SP-3,5,Sphere,6.3,0.0,0.0,1113.6205930628248,0.0993,9.93,09.01.2025,MAK,FIRST
RESIN (a=6 r=3),SP-3,5,Sphere,6.3,0.0,0.0,1113.6205930628248,0.1012,10.12,09.01.2025,MAK,SECOND
RESIN (a=6 r=3),SP-3,5,Sphere,6.3,0.0,0.0,1113.6205930628248,0.0943,9.43,09.01.2025,MAK,THIRD
RESIN (a=9 r=4.5),C-3,0,Cylinder,9.15,9.4,0.0,1168.577961975711,0.11689999999999999,11.69,09.01.2025,ANG,FIRST
RESIN (a=9 r=4.5),C-3,0,Cylinder,9.15,9.4,0.0,1168.577961975711,0.0925,9.25,09.01.2025,MAK,FIRST
RESIN (a=9 r=4.5),C-4,0,Cylinder,9.15,9.4,0.0,1171.3283185247333,0.10710000000000001,10.71,09.01.2025,ANG,THIRD
RESIN (a=9 r=4.5),C-4,0,Cylinder,9.15,9.4,0.0,1171.3283185247333,0.0816,8.16,09.01.2025,MAK,FIRST
RESIN (a=9 r=4.5),C-4,0,Cylinder,9.15,9.4,0.0,1171.3283185247333,0.0942,9.42,09.01.2025,MAK,SECOND
RESIN (a=9 r=4.5),C-4,0,Cylinder,9.15,9.4,0.0,1171.3283185247333,0.0975,9.75,09.01.2025,MAK,THIRD
RESIN (a=9 r=4.5),CUBE-3,2,Cube,9.25,9.25,9.25,1150.2624979394604,0.1043,10.43,09.01.2025,ANG,FIRST
RESIN (a=9 r=4.5),CUBE-3,2,Cube,9.25,9.25,9.25,1150.2624979394604,0.08460000000000001,8.46,09.01.2025,MAK,FIRST
RESIN (a=9 r=4.5),CUBE-4,2,Cube,9.25,9.25,9.25,1162.8999677036825,0.0721,7.21,09.01.2025,ANG,FIRST
RESIN (a=9 r=4.5),CUBE-4,2,Cube,9.25,9.25,9.25,1162.8999677036825,0.1121,11.21,09.01.2025,ANG,SECOND
RESIN (a=9 r=4.5),CUBE-4,2,Cube,9.25,9.25,9.25,1162.8999677036825,0.081,8.1,09.01.2025,ANG,THIRD
RESIN (a=9 r=4.5),CUBE-4,2,Cube,9.25,9.25,9.25,1162.8999677036825,0.0934,9.34,09.01.2025,MAK,SECOND
RESIN (a=9 r=4.5),CUBE-4,2,Cube,9.25,9.25,9.25,1162.8999677036825,0.0908,9.08,09.01.2025,MAK,THIRD
RESIN (a=9 r=4.5),D-3,6,Elliptic Cylinder,9.07,9.07,0.0,1173.5840247246467,0.0421,4.21,09.01.2025,ANG,FIRST
RESIN (a=9 r=4.5),D-3,6,Elliptic Cylinder,9.07,9.07,0.0,1173.5840247246467,0.0358,3.58,09.01.2025,ANG,THIRD
RESIN (a=9 r=4.5),D-3,6,Elliptic Cylinder,9.07,9.07,0.0,1173.5840247246467,0.0368,3.6799999999999997,09.01.2025,MAK,FIRST
RESIN (a=9 r=4.5),D-3,6,Elliptic Cylinder,9.07,9.07,0.0,1173.5840247246467,0.035,3.5000000000000004,09.01.2025,MAK,SECOND
RESIN (a=9 r=4.5),D-3,6,Elliptic Cylinder,9.07,9.07,0.0,1173.5840247246467,0.032400000000000005,3.2400000000000007,09.01.2025,MAK,THIRD
RESIN (a=9 r=4.5),D-4,6,Elliptic Cylinder,9.07,9.07,0.0,1104.9455095171272,0.044199999999999996,4.42,09.01.2025,ANG,SECOND
RESIN (a=9 r=4.5),D-4,6,Elliptic Cylinder,9.07,9.07,0.0,1104.9455095171272,0.0348,3.4799999999999995,09.01.2025,ANG,THIRD
RESIN (a=9 r=4.5),D-4,6,Elliptic Cylinder,9.07,9.07,0.0,1104.9455095171272,0.0353,3.53,09.01.2025,MAK,FIRST
RESIN (a=9 r=4.5),D-4,6,Elliptic Cylinder,9.07,9.07,0.0,1104.9455095171272,0.0382,3.82,09.01.2025,MAK,SECOND
RESIN (a=9 r=4.5),D-4,6,Elliptic Cylinder,9.07,9.07,0.0,1104.9455095171272,0.0322,3.2199999999999998,09.01.2025,MAK,THIRD
RESIN (a=9 r=4.5),SP-3,5,Sphere,9.1,0.0,0.0,1205.1128629981183,0.1566,15.659999999999998,09.01.2025,MAK,FIRST
RESIN (a=9 r=4.5),SP-4,5,Sphere,9.1,0.0,0.0,1230.4569820937675,0.1446,14.46,09.01.2025,ANG,FIRST
RESIN (a=9 r=4.5),SP-4,5,Sphere,9.1,0.0,0.0,1230.4569820937675,0.1322,13.22,09.01.2025,ANG,SECOND
RESIN (a=9 r=4.5),SP-4,5,Sphere,9.1,0.0,0.0,1230.4569820937675,0.1217,12.17,09.01.2025,ANG,THIRD
RESIN (a=9 r=4.5),SP-4,5,Sphere,9.1,0.0,0.0,1230.4569820937675,0.129,12.9,09.01.2025,MAK,FIRST
RESIN (a=9 r=4.5),SP-4,5,Sphere,9.1,0.0,0.0,1230.4569820937675,0.12890000000000001,12.89,09.01.2025,MAK,SECOND
RESIN (a=9 r=4.5),SP-4,5,Sphere,9.1,0.0,0.0,1230.4569820937675,0.1232,12.32,09.01.2025,MAK,THIRD
BSP,BSP-46,4,Box Shape Prism,4.78,3.8166666666666664,1.0266666666666666,1217.2877642172923,0.043899999999999995,4.39,10.02.2024,MAK,SECOND
BSP,BSP-46,4,Box Shape Prism,4.78,3.8166666666666664,1.0266666666666666,1217.2877642172923,0.038900000000000004,3.8900000000000006,10.02.2024,MAK,THIRD
BSP,BSP-47,4,Box Shape Prism,4.76,4.7,2.3533333333333335,1179.5146604238705,0.051100000000000007,5.11,10.02.2024,MAK,SECOND
BSP,BSP-47,4,Box Shape Prism,4.76,4.7,2.3533333333333335,1179.5146604238705,0.051699999999999996,5.17,10.02.2024,MAK,THIRD
BSP,BSP-49,4,Box Shape Prism,2.8533333333333335,2.3033333333333332,1.78,1094.1595737519021,0.0404,4.04,10.02.2024,MAK,SECOND
BSP,BSP-49,4,Box Shape Prism,2.8533333333333335,2.3033333333333332,1.78,1094.1595737519021,0.0356,3.56,10.02.2024,MAK,THIRD
BSP,BSP-50,4,Box Shape Prism,2.8333333333333335,2.856666666666667,2.78,1115.505426669715,0.0547,5.47,10.02.2024,MAK,SECOND
BSP,BSP-50,4,Box Shape Prism,2.8333333333333335,2.856666666666667,2.78,1115.505426669715,0.052000000000000005,5.2,10.02.2024,MAK,THIRD
C,C-49,0,Cylinder,3.813333333333333,2.29,0.0,1430.647883703563,0.061,6.1,10.02.2024,MAK,SECOND
C,C-49,0,Cylinder,3.813333333333333,2.29,0.0,1430.647883703563,0.0492,4.92,10.02.2024,MAK,THIRD
HC,HC-41,1,Half Cylinder,3.7133333333333334,1.8133333333333332,0.0,1152.6605978153023,0.0209,2.09,10.02.2024,MAK,SECOND
HC,HC-41,1,Half Cylinder,3.7133333333333334,1.8133333333333332,0.0,1152.6605978153023,0.0405,4.05,10.02.2024,MAK,THIRD
HC,HC-42,1,Half Cylinder,4.736666666666667,2.3833333333333333,0.0,1135.8782099378006,0.0463,4.63,10.02.2024,MAK,SECOND
HC,HC-42,1,Half Cylinder,4.736666666666667,2.3833333333333333,0.0,1135.8782099378006,0.0444,4.44,10.02.2024,MAK,THIRD
HC,HC-44,1,Half Cylinder,3.6366666666666667,1.7933333333333332,0.0,1136.002890262925,0.047,4.7,10.02.2024,MAK,SECOND
HC,HC-44,1,Half Cylinder,3.6366666666666667,1.7933333333333332,0.0,1136.002890262925,0.04019999999999999,4.02,10.02.2024,MAK,THIRD
HC,HC-46,1,Half Cylinder,4.756666666666667,2.8666666666666667,0.0,1055.298996996876,0.039599999999999996,3.9599999999999995,10.02.2024,MAK,THIRD
HC,HC-47,1,Half Cylinder,3.6833333333333336,1.8266666666666669,0.0,1165.1849226897173,0.0394,3.94,10.02.2024,MAK,SECOND
WSP,WSP-41,3,Wedge Shape Prism,4.253333333333333,1.6066666666666667,2.8233333333333337,1261.0,0.026699999999999998,2.67,10.02.2024,MAK,SECOND
BSP,BSP-16,4,Box Shape Prism,3.84,2.856666666666667,2.7566666666666664,1124.356074662182,0.055999999999999994,5.6,10.11.23,ANG,FIRST
BSP,BSP-16,4,Box Shape Prism,3.84,2.856666666666667,2.7566666666666664,1124.356074662182,0.049100000000000005,4.91,10.11.23,ANG,SECOND
BSP,BSP-16,4,Box Shape Prism,3.84,2.856666666666667,2.7566666666666664,1124.356074662182,0.056299999999999996,5.63,10.11.23,ANG,THIRD
BSP,BSP-16,4,Box Shape Prism,3.84,2.856666666666667,2.7566666666666664,1124.356074662182,0.0989,9.89,10.11.23,MAK,FIRST
BSP,BSP-16,4,Box Shape Prism,3.84,2.856666666666667,2.7566666666666664,1124.356074662182,0.049699999999999994,4.97,10.11.23,MAK,THIRD
BSP,BSP-6,4,Box Shape Prism,4.8566666666666665,3.8333333333333335,2.31,1116.1289547491092,0.048799999999999996,4.88,10.11.23,ANG,FIRST
BSP,BSP-6,4,Box Shape Prism,4.8566666666666665,3.8333333333333335,2.31,1116.1289547491092,0.049400000000000006,4.94,10.11.23,ANG,SECOND
BSP,BSP-6,4,Box Shape Prism,4.8566666666666665,3.8333333333333335,2.31,1116.1289547491092,0.0576,5.76,10.11.23,ANG,THIRD
BSP,BSP-6,4,Box Shape Prism,4.8566666666666665,3.8333333333333335,2.31,1116.1289547491092,0.0857,8.57,10.11.23,MAK,FIRST
BSP,BSP-6,4,Box Shape Prism,4.8566666666666665,3.8333333333333335,2.31,1116.1289547491092,0.0436,4.36,10.11.23,MAK,SECOND
BSP,BSP-6,4,Box Shape Prism,4.8566666666666665,3.8333333333333335,2.31,1116.1289547491092,0.0506,5.06,10.11.23,MAK,THIRD
C,C-11,0,Cylinder,3.813333333333333,2.8733333333333335,0.0,1411.3665063431592,0.060599999999999994,6.06,10.11.23,MAK,THIRD
HC,HC-12,1,Half Cylinder,3.6533333333333338,1.8466666666666667,0.0,1153.6296910982069,0.0384,3.84,10.11.23,ANG,FIRST
HC,HC-12,1,Half Cylinder,3.6533333333333338,1.8466666666666667,0.0,1153.6296910982069,0.0377,3.7699999999999996,10.11.23,ANG,SECOND
HC,HC-12,1,Half Cylinder,3.6533333333333338,1.8466666666666667,0.0,1153.6296910982069,0.039,3.9,10.11.23,ANG,THIRD
HC,HC-12,1,Half Cylinder,3.6533333333333338,1.8466666666666667,0.0,1153.6296910982069,0.0363,3.63,10.11.23,MAK,FIRST
HC,HC-12,1,Half Cylinder,3.6533333333333338,1.8466666666666667,0.0,1153.6296910982069,0.034300000000000004,3.4300000000000006,10.11.23,MAK,SECOND
HC,HC-6,1,Half Cylinder,4.796666666666667,2.3166666666666664,0.0,1127.2059157926574,0.046900000000000004,4.69,10.11.23,ANG,FIRST
HC,HC-6,1,Half Cylinder,4.796666666666667,2.3166666666666664,0.0,1127.2059157926574,0.0458,4.58,10.11.23,ANG,SECOND
HC,HC-6,1,Half Cylinder,4.796666666666667,2.3166666666666664,0.0,1127.2059157926574,0.042300000000000004,4.23,10.11.23,ANG,THIRD
HC,HC-6,1,Half Cylinder,4.796666666666667,2.3166666666666664,0.0,1127.2059157926574,0.0408,4.08,10.11.23,MAK,SECOND
HC,HC-6,1,Half Cylinder,4.796666666666667,2.3166666666666664,0.0,1127.2059157926574,0.0394,3.94,10.11.23,MAK,THIRD
RESIN (a=6 r=3),C-4,0,Cylinder,6.1,6.3,0.0,1203.0498677981197,0.09539999999999998,9.54,11.01.2025,ANG,FIRST
RESIN (a=6 r=3),C-4,0,Cylinder,6.1,6.3,0.0,1203.0498677981197,0.0894,8.94,11.01.2025,MAK,FIRST
RESIN (a=6 r=3),C-5,0,Cylinder,6.1,6.3,0.0,1191.6439774036455,0.09630000000000001,9.63,11.01.2025,ANG,FIRST
RESIN (a=6 r=3),C-5,0,Cylinder,6.1,6.3,0.0,1191.6439774036455,0.08810000000000001,8.81,11.01.2025,ANG,SECOND
RESIN (a=6 r=3),C-5,0,Cylinder,6.1,6.3,0.0,1191.6439774036455,0.0935,9.35,11.01.2025,ANG,THIRD
RESIN (a=6 r=3),C-5,0,Cylinder,6.1,6.3,0.0,1191.6439774036455,0.053399999999999996,5.34,11.01.2025,MAK,FIRST
RESIN (a=6 r=3),C-5,0,Cylinder,6.1,6.3,0.0,1191.6439774036455,0.054299999999999994,5.43,11.01.2025,MAK,SECOND
RESIN (a=6 r=3),C-5,0,Cylinder,6.1,6.3,0.0,1191.6439774036455,0.0528,5.28,11.01.2025,MAK,THIRD
RESIN (a=6 r=3),C-6,0,Cylinder,6.1,6.3,0.0,1202.5067301602876,0.1014,10.14,11.01.2025,ANG,FIRST
RESIN (a=6 r=3),C-6,0,Cylinder,6.1,6.3,0.0,1202.5067301602876,0.0984,9.84,11.01.2025,ANG,SECOND
RESIN (a=6 r=3),C-6,0,Cylinder,6.1,6.3,0.0,1202.5067301602876,0.0341,3.4099999999999997,11.01.2025,MAK,FIRST
RESIN (a=6 r=3),CUBE-4,2,Cube,6.24,6.24,6.24,1149.4904761200237,0.09759999999999999,9.76,11.01.2025,ANG,FIRST
RESIN (a=6 r=3),CUBE-4,2,Cube,6.24,6.24,6.24,1149.4904761200237,0.092,9.2,11.01.2025,ANG,SECOND
RESIN (a=6 r=3),CUBE-4,2,Cube,6.24,6.24,6.24,1149.4904761200237,0.08310000000000001,8.31,11.01.2025,MAK,SECOND
RESIN (a=6 r=3),CUBE-4,2,Cube,6.24,6.24,6.24,1149.4904761200237,0.0653,6.529999999999999,11.01.2025,MAK,THIRD
RESIN (a=6 r=3),CUBE-5,2,Cube,6.24,6.24,6.24,1130.5857346464732,0.08929999999999999,8.93,11.01.2025,ANG,FIRST
RESIN (a=6 r=3),CUBE-5,2,Cube,6.24,6.24,6.24,1130.5857346464732,0.0906,9.06,11.01.2025,ANG,SECOND
RESIN (a=6 r=3),CUBE-5,2,Cube,6.24,6.24,6.24,1130.5857346464732,0.0859,8.59,11.01.2025,ANG,THIRD
RESIN (a=6 r=3),CUBE-5,2,Cube,6.24,6.24,6.24,1130.5857346464732,0.0548,5.48,11.01.2025,MAK,THIRD
RESIN (a=6 r=3),CUBE-6,2,Cube,6.24,6.24,6.24,1151.1343666829412,0.0999,9.99,11.01.2025,ANG,FIRST
RESIN (a=6 r=3),CUBE-6,2,Cube,6.24,6.24,6.24,1151.1343666829412,0.0909,9.09,11.01.2025,ANG,SECOND
RESIN (a=6 r=3),CUBE-6,2,Cube,6.24,6.24,6.24,1151.1343666829412,0.1011,10.11,11.01.2025,ANG,THIRD
RESIN (a=6 r=3),CUBE-6,2,Cube,6.24,6.24,6.24,1151.1343666829412,0.0463,4.63,11.01.2025,MAK,SECOND
RESIN (a=6 r=3),D-2,6,Elliptic Cylinder,6.0,6.0,0.0,1112.3385923466628,0.0345,3.45,11.01.2025,ANG,FIRST
RESIN (a=6 r=3),D-2,6,Elliptic Cylinder,6.0,6.0,0.0,1112.3385923466628,0.027999999999999997,2.8,11.01.2025,MAK,FIRST
RESIN (a=6 r=3),D-4,6,Elliptic Cylinder,6.0,6.0,0.0,1015.0031600490588,0.032400000000000005,3.2400000000000007,11.01.2025,ANG,FIRST
RESIN (a=6 r=3),D-4,6,Elliptic Cylinder,6.0,6.0,0.0,1015.0031600490588,0.0338,3.38,11.01.2025,ANG,SECOND
RESIN (a=6 r=3),D-4,6,Elliptic Cylinder,6.0,6.0,0.0,1015.0031600490588,0.026000000000000002,2.6,11.01.2025,MAK,FIRST
RESIN (a=6 r=3),D-4,6,Elliptic Cylinder,6.0,6.0,0.0,1015.0031600490588,0.027000000000000003,2.7,11.01.2025,MAK,SECOND
RESIN (a=6 r=3),D-5,6,Elliptic Cylinder,6.0,6.0,0.0,1061.4216849505126,0.0336,3.36,11.01.2025,ANG,FIRST
RESIN (a=6 r=3),D-5,6,Elliptic Cylinder,6.0,6.0,0.0,1061.4216849505126,0.031,3.1,11.01.2025,ANG,SECOND
RESIN (a=6 r=3),D-5,6,Elliptic Cylinder,6.0,6.0,0.0,1061.4216849505126,0.0209,2.09,11.01.2025,MAK,FIRST
RESIN (a=6 r=3),D-5,6,Elliptic Cylinder,6.0,6.0,0.0,1061.4216849505126,0.0235,2.35,11.01.2025,MAK,SECOND
RESIN (a=6 r=3),D-5,6,Elliptic Cylinder,6.0,6.0,0.0,1061.4216849505126,0.0179,1.79,11.01.2025,MAK,THIRD
RESIN (a=6 r=3),D-6,6,Elliptic Cylinder,6.0,6.0,0.0,1077.0884256877896,0.033,3.3000000000000003,11.01.2025,ANG,FIRST
RESIN (a=6 r=3),D-6,6,Elliptic Cylinder,6.0,6.0,0.0,1077.0884256877896,0.0308,3.08,11.01.2025,ANG,SECOND
RESIN (a=6 r=3),D-6,6,Elliptic Cylinder,6.0,6.0,0.0,1077.0884256877896,0.0364,3.64,11.01.2025,ANG,THIRD
RESIN (a=6 r=3),D-6,6,Elliptic Cylinder,6.0,6.0,0.0,1077.0884256877896,0.0167,1.67,11.01.2025,MAK,FIRST
RESIN (a=6 r=3),D-6,6,Elliptic Cylinder,6.0,6.0,0.0,1077.0884256877896,0.0207,2.07,11.01.2025,MAK,SECOND
RESIN (a=6 r=3),D-6,6,Elliptic Cylinder,6.0,6.0,0.0,1077.0884256877896,0.0222,2.22,11.01.2025,MAK,THIRD
RESIN (a=6 r=3),D-7,6,Elliptic Cylinder,6.0,6.0,0.0,1124.0886478996204,0.0382,3.82,11.01.2025,ANG,FIRST
RESIN (a=6 r=3),D-7,6,Elliptic Cylinder,6.0,6.0,0.0,1124.0886478996204,0.0349,3.49,11.01.2025,ANG,SECOND
RESIN (a=6 r=3),D-7,6,Elliptic Cylinder,6.0,6.0,0.0,1124.0886478996204,0.0333,3.3300000000000005,11.01.2025,ANG,THIRD
RESIN (a=6 r=3),D-7,6,Elliptic Cylinder,6.0,6.0,0.0,1124.0886478996204,0.030600000000000002,3.06,11.01.2025,MAK,SECOND
RESIN (a=6 r=3),D-7,6,Elliptic Cylinder,6.0,6.0,0.0,1124.0886478996204,0.028999999999999998,2.9,11.01.2025,MAK,THIRD
RESIN (a=6 r=3),D-8,6,Elliptic Cylinder,6.0,6.0,0.0,1032.2794993862915,0.0279,2.79,11.01.2025,ANG,SECOND
RESIN (a=6 r=3),D-8,6,Elliptic Cylinder,6.0,6.0,0.0,1032.2794993862915,0.0336,3.36,11.01.2025,ANG,THIRD
RESIN (a=6 r=3),SP-4,5,Sphere,6.3,0.0,0.0,1091.4703892227546,0.12,12.0,11.01.2025,ANG,FIRST
RESIN (a=6 r=3),SP-4,5,Sphere,6.3,0.0,0.0,1091.4703892227546,0.11960000000000001,11.96,11.01.2025,ANG,SECOND
RESIN (a=6 r=3),SP-4,5,Sphere,6.3,0.0,0.0,1091.4703892227546,0.1084,10.84,11.01.2025,MAK,FIRST
RESIN (a=6 r=3),SP-4,5,Sphere,6.3,0.0,0.0,1091.4703892227546,0.11599999999999999,11.6,11.01.2025,MAK,SECOND
RESIN (a=6 r=3),SP-4,5,Sphere,6.3,0.0,0.0,1091.4703892227546,0.1177,11.77,11.01.2025,MAK,THIRD
RESIN (a=6 r=3),SP-5,5,Sphere,6.3,0.0,0.0,1080.0133872365116,0.13119999999999998,13.119999999999997,11.01.2025,ANG,FIRST
RESIN (a=6 r=3),SP-5,5,Sphere,6.3,0.0,0.0,1080.0133872365116,0.1268,12.68,11.01.2025,ANG,SECOND
RESIN (a=6 r=3),SP-5,5,Sphere,6.3,0.0,0.0,1080.0133872365116,0.1305,13.05,11.01.2025,ANG,THIRD
RESIN (a=6 r=3),SP-5,5,Sphere,6.3,0.0,0.0,1080.0133872365116,0.0625,6.25,11.01.2025,MAK,SECOND
RESIN (a=6 r=3),SP-6,5,Sphere,6.3,0.0,0.0,1128.8965957111486,0.11800000000000001,11.8,11.01.2025,ANG,SECOND
RESIN (a=6 r=3),SP-6,5,Sphere,6.3,0.0,0.0,1128.8965957111486,0.1166,11.66,11.01.2025,ANG,THIRD
RESIN (a=6 r=3),SP-6,5,Sphere,6.3,0.0,0.0,1128.8965957111486,0.0529,5.29,11.01.2025,MAK,FIRST
RESIN (a=6 r=3),SP-6,5,Sphere,6.3,0.0,0.0,1128.8965957111486,0.0553,5.53,11.01.2025,MAK,SECOND
RESIN (a=6 r=3),SP-7,5,Sphere,6.3,0.0,0.0,1112.0929927979923,0.1257,12.57,11.01.2025,ANG,FIRST
RESIN (a=6 r=3),SP-7,5,Sphere,6.3,0.0,0.0,1112.0929927979923,0.1285,12.85,11.01.2025,ANG,SECOND
RESIN (a=6 r=3),SP-7,5,Sphere,6.3,0.0,0.0,1112.0929927979923,0.121,12.1,11.01.2025,ANG,THIRD
RESIN (a=6 r=3),SP-7,5,Sphere,6.3,0.0,0.0,1112.0929927979923,0.06309999999999999,6.309999999999999,11.01.2025,MAK,FIRST
RESIN (a=6 r=3),SP-7,5,Sphere,6.3,0.0,0.0,1112.0929927979923,0.0652,6.52,11.01.2025,MAK,SECOND
RESIN (a=6 r=3),SP-8,5,Sphere,6.3,0.0,0.0,1088.41518869309,0.1263,12.629999999999999,11.01.2025,ANG,FIRST
RESIN (a=6 r=3),SP-8,5,Sphere,6.3,0.0,0.0,1088.41518869309,0.11599999999999999,11.6,11.01.2025,ANG,SECOND
RESIN (a=6 r=3),SP-8,5,Sphere,6.3,0.0,0.0,1088.41518869309,0.1297,12.97,11.01.2025,ANG,THIRD
RESIN (a=9 r=4.5),C-5,0,Cylinder,9.15,9.4,0.0,1181.1972449653422,0.0774,7.739999999999999,11.01.2025,ANG,FIRST
RESIN (a=9 r=4.5),C-5,0,Cylinder,9.15,9.4,0.0,1181.1972449653422,0.11470000000000001,11.47,11.01.2025,ANG,SECOND
RESIN (a=9 r=4.5),C-5,0,Cylinder,9.15,9.4,0.0,1181.1972449653422,0.0681,6.81,11.01.2025,MAK,FIRST
RESIN (a=9 r=4.5),C-5,0,Cylinder,9.15,9.4,0.0,1181.1972449653422,0.1005,10.05,11.01.2025,MAK,SECOND
RESIN (a=9 r=4.5),C-5,0,Cylinder,9.15,9.4,0.0,1181.1972449653422,0.0975,9.75,11.01.2025,MAK,THIRD
RESIN (a=9 r=4.5),C-6,0,Cylinder,9.15,9.4,0.0,1181.0354592859878,0.1114,11.14,11.01.2025,ANG,FIRST
RESIN (a=9 r=4.5),C-6,0,Cylinder,9.15,9.4,0.0,1181.0354592859878,0.07200000000000001,7.200000000000001,11.01.2025,ANG,SECOND
RESIN (a=9 r=4.5),C-6,0,Cylinder,9.15,9.4,0.0,1181.0354592859878,0.10189999999999999,10.19,11.01.2025,ANG,THIRD
RESIN (a=9 r=4.5),C-6,0,Cylinder,9.15,9.4,0.0,1181.0354592859878,0.0562,5.62,11.01.2025,MAK,THIRD
RESIN (a=9 r=4.5),CUBE-5,2,Cube,9.25,9.25,9.25,1161.3834713319757,0.09759999999999999,9.76,11.01.2025,ANG,FIRST
RESIN (a=9 r=4.5),D-5,6,Elliptic Cylinder,9.07,9.07,0.0,1091.4869771234958,0.040999999999999995,4.1,11.01.2025,ANG,FIRST
RESIN (a=9 r=4.5),D-5,6,Elliptic Cylinder,9.07,9.07,0.0,1091.4869771234958,0.0333,3.3300000000000005,11.01.2025,ANG,SECOND
RESIN (a=9 r=4.5),D-5,6,Elliptic Cylinder,9.07,9.07,0.0,1091.4869771234958,0.0346,3.46,11.01.2025,MAK,FIRST
RESIN (a=9 r=4.5),D-5,6,Elliptic Cylinder,9.07,9.07,0.0,1091.4869771234958,0.0353,3.53,11.01.2025,MAK,THIRD
RESIN (a=9 r=4.5),D-6,6,Elliptic Cylinder,9.07,9.07,0.0,1174.9298779640098,0.0361,3.61,11.01.2025,ANG,FIRST
RESIN (a=9 r=4.5),D-6,6,Elliptic Cylinder,9.07,9.07,0.0,1174.9298779640098,0.0407,4.07,11.01.2025,ANG,THIRD
RESIN (a=9 r=4.5),D-6,6,Elliptic Cylinder,9.07,9.07,0.0,1174.9298779640098,0.0233,2.33,11.01.2025,MAK,FIRST
RESIN (a=9 r=4.5),D-6,6,Elliptic Cylinder,9.07,9.07,0.0,1174.9298779640098,0.0271,2.71,11.01.2025,MAK,SECOND
RESIN (a=9 r=4.5),D-6,6,Elliptic Cylinder,9.07,9.07,0.0,1174.9298779640098,0.0321,3.2099999999999995,11.01.2025,MAK,THIRD
RESIN (a=9 r=4.5),D-7,6,Elliptic Cylinder,9.07,9.07,0.0,1146.666959937384,0.041100000000000005,4.11,11.01.2025,ANG,FIRST
RESIN (a=9 r=4.5),D-7,6,Elliptic Cylinder,9.07,9.07,0.0,1146.666959937384,0.04019999999999999,4.02,11.01.2025,ANG,SECOND
RESIN (a=9 r=4.5),D-7,6,Elliptic Cylinder,9.07,9.07,0.0,1146.666959937384,0.0415,4.15,11.01.2025,ANG,THIRD
RESIN (a=9 r=4.5),D-7,6,Elliptic Cylinder,9.07,9.07,0.0,1146.666959937384,0.0256,2.56,11.01.2025,MAK,FIRST
RESIN (a=9 r=4.5),D-7,6,Elliptic Cylinder,9.07,9.07,0.0,1146.666959937384,0.024900000000000002,2.49,11.01.2025,MAK,SECOND
RESIN (a=9 r=4.5),D-8,6,Elliptic Cylinder,9.07,9.07,0.0,1152.0503728948365,0.0408,4.08,11.01.2025,ANG,FIRST
RESIN (a=9 r=4.5),D-8,6,Elliptic Cylinder,9.07,9.07,0.0,1152.0503728948365,0.042,4.2,11.01.2025,ANG,SECOND
RESIN (a=9 r=4.5),D-8,6,Elliptic Cylinder,9.07,9.07,0.0,1152.0503728948365,0.0412,4.12,11.01.2025,ANG,THIRD
RESIN (a=9 r=4.5),D-8,6,Elliptic Cylinder,9.07,9.07,0.0,1152.0503728948365,0.026000000000000002,2.6,11.01.2025,MAK,FIRST
RESIN (a=9 r=4.5),D-8,6,Elliptic Cylinder,9.07,9.07,0.0,1152.0503728948365,0.0297,2.97,11.01.2025,MAK,THIRD
RESIN (a=9 r=4.5),SP-5,5,Sphere,9.1,0.0,0.0,1216.2642754002038,0.1449,14.49,11.01.2025,ANG,FIRST
RESIN (a=9 r=4.5),SP-5,5,Sphere,9.1,0.0,0.0,1216.2642754002038,0.1355,13.55,11.01.2025,MAK,FIRST
RESIN (a=9 r=4.5),SP-5,5,Sphere,9.1,0.0,0.0,1216.2642754002038,0.1496,14.96,11.01.2025,MAK,THIRD
RESIN (a=9 r=4.5),SP-6,5,Sphere,9.1,0.0,0.0,1195.9889801236845,0.1663,16.63,11.01.2025,ANG,FIRST
RESIN (a=9 r=4.5),SP-6,5,Sphere,9.1,0.0,0.0,1195.9889801236845,0.1549,15.49,11.01.2025,ANG,SECOND
RESIN (a=9 r=4.5),SP-6,5,Sphere,9.1,0.0,0.0,1195.9889801236845,0.1437,14.37,11.01.2025,ANG,THIRD
RESIN (a=9 r=4.5),SP-6,5,Sphere,9.1,0.0,0.0,1195.9889801236845,0.042199999999999994,4.22,11.01.2025,MAK,SECOND
RESIN (a=9 r=4.5),SP-7,5,Sphere,9.1,0.0,0.0,1195.7355389327279,0.1353,13.530000000000001,11.01.2025,ANG,SECOND
RESIN (a=9 r=4.5),SP-8,5,Sphere,9.1,0.0,0.0,1215.5039518273345,0.1354,13.54,11.01.2025,ANG,FIRST
RESIN (a=9 r=4.5),SP-8,5,Sphere,9.1,0.0,0.0,1215.5039518273345,0.1219,12.19,11.01.2025,ANG,SECOND
RESIN (a=9 r=4.5),SP-8,5,Sphere,9.1,0.0,0.0,1215.5039518273345,0.13570000000000002,13.570000000000002,11.01.2025,ANG,THIRD
RESIN (a=9 r=4.5),SP-8,5,Sphere,9.1,0.0,0.0,1215.5039518273345,0.0731,7.31,11.01.2025,MAK,FIRST
RESIN (a=9 r=4.5),SP-8,5,Sphere,9.1,0.0,0.0,1215.5039518273345,0.077,7.7,11.01.2025,MAK,SECOND
RESIN (a=9 r=4.5),C-1,0,Cylinder,9.15,9.4,0.0,1156.767607382851,0.0687,6.87,14.12.2024,ANG,THIRD
RESIN (a=9 r=4.5),C-1,0,Cylinder,9.15,9.4,0.0,1156.767607382851,0.0993,9.93,14.12.2024,MAK,FIRST
RESIN (a=9 r=4.5),C-1,0,Cylinder,9.15,9.4,0.0,1156.767607382851,0.09029999999999999,9.03,14.12.2024,MAK,THIRD
RESIN (a=9 r=4.5),CUBE-1,2,Cube,9.25,9.25,9.25,1159.3614761697004,0.0269,2.69,14.12.2024,ANG,SECOND
RESIN (a=9 r=4.5),CUBE-1,2,Cube,9.25,9.25,9.25,1159.3614761697004,0.11130000000000001,11.13,14.12.2024,ANG,THIRD
RESIN (a=9 r=4.5),CUBE-1,2,Cube,9.25,9.25,9.25,1159.3614761697004,0.0983,9.83,14.12.2024,MAK,SECOND
RESIN (a=9 r=4.5),D-1,6,Elliptic Cylinder,9.07,9.07,0.0,1148.0128131767472,0.0421,4.21,14.12.2024,ANG,FIRST
RESIN (a=9 r=4.5),D-1,6,Elliptic Cylinder,9.07,9.07,0.0,1148.0128131767472,0.0414,4.14,14.12.2024,ANG,SECOND
RESIN (a=9 r=4.5),D-1,6,Elliptic Cylinder,9.07,9.07,0.0,1148.0128131767472,0.0426,4.26,14.12.2024,ANG,THIRD
RESIN (a=9 r=4.5),D-1,6,Elliptic Cylinder,9.07,9.07,0.0,1148.0128131767472,0.0373,3.73,14.12.2024,MAK,FIRST
RESIN (a=9 r=4.5),D-1,6,Elliptic Cylinder,9.07,9.07,0.0,1148.0128131767472,0.0368,3.6799999999999997,14.12.2024,MAK,SECOND
RESIN (a=9 r=4.5),D-1,6,Elliptic Cylinder,9.07,9.07,0.0,1148.0128131767472,0.0371,3.71,14.12.2024,MAK,THIRD
RESIN (a=9 r=4.5),SP-1,5,Sphere,9.1,0.0,0.0,1203.5922158523792,0.1097,10.97,14.12.2024,ANG,FIRST
RESIN (a=9 r=4.5),SP-1,5,Sphere,9.1,0.0,0.0,1203.5922158523792,0.049800000000000004,4.98,14.12.2024,MAK,FIRST
RESIN (a=9 r=4.5),SP-1,5,Sphere,9.1,0.0,0.0,1203.5922158523792,0.1414,14.14,14.12.2024,MAK,SECOND
RESIN (a=9 r=4.5),SP-1,5,Sphere,9.1,0.0,0.0,1203.5922158523792,0.1344,13.44,14.12.2024,MAK,THIRD
PLA C,C-1,0,Cylinder,4.96,3.0533333333333332,0.0,1375.9288609415146,0.0746,7.46,16.11.2024,ANG,FIRST
PLA C,C-1,0,Cylinder,4.96,3.0533333333333332,0.0,1375.9288609415146,0.059699999999999996,5.97,16.11.2024,ANG,SECOND
PLA C,C-1,0,Cylinder,4.96,3.0533333333333332,0.0,1375.9288609415146,0.0718,7.180000000000001,16.11.2024,ANG,THIRD
PLA C,C-1,0,Cylinder,4.96,3.0533333333333332,0.0,1375.9288609415146,0.0675,6.75,16.11.2024,MAK,THIRD
PLA C,C-16,0,Cylinder,3.146666666666667,3.116666666666667,0.0,1283.3602098052743,0.0646,6.460000000000001,16.11.2024,ANG,FIRST
PLA C,C-16,0,Cylinder,3.146666666666667,3.116666666666667,0.0,1283.3602098052743,0.0669,6.69,16.11.2024,ANG,SECOND
PLA C,C-16,0,Cylinder,3.146666666666667,3.116666666666667,0.0,1283.3602098052743,0.0643,6.43,16.11.2024,ANG,THIRD
PLA C,C-16,0,Cylinder,3.146666666666667,3.116666666666667,0.0,1283.3602098052743,0.0579,5.79,16.11.2024,MAK,FIRST
PLA C,C-16,0,Cylinder,3.146666666666667,3.116666666666667,0.0,1283.3602098052743,0.0599,5.99,16.11.2024,MAK,SECOND
PLA C,C-16,0,Cylinder,3.146666666666667,3.116666666666667,0.0,1283.3602098052743,0.0584,5.84,16.11.2024,MAK,THIRD
PLA C,C-19,0,Cylinder,3.063333333333333,1.09,0.0,1305.502394114361,0.0384,3.84,16.11.2024,ANG,FIRST
PLA C,C-19,0,Cylinder,3.063333333333333,1.09,0.0,1305.502394114361,0.0342,3.42,16.11.2024,ANG,SECOND
PLA C,C-19,0,Cylinder,3.063333333333333,1.09,0.0,1305.502394114361,0.0388,3.88,16.11.2024,ANG,THIRD
PLA C,C-19,0,Cylinder,3.063333333333333,1.09,0.0,1305.502394114361,0.0097,0.97,16.11.2024,MAK,FIRST
PLA C,C-19,0,Cylinder,3.063333333333333,1.09,0.0,1305.502394114361,0.0346,3.46,16.11.2024,MAK,SECOND
PLA C,C-21,0,Cylinder,4.946666666666666,3.8633333333333333,0.0,1355.82365658398,0.0588,5.88,16.11.2024,MAK,FIRST
PLA C,C-21,0,Cylinder,4.946666666666666,3.8633333333333333,0.0,1355.82365658398,0.0621,6.21,16.11.2024,MAK,SECOND
PLA C,C-25,0,Cylinder,3.203333333333333,1.0966666666666667,0.0,1156.75446320266,0.0351,3.51,16.11.2024,ANG,FIRST
PLA C,C-25,0,Cylinder,3.203333333333333,1.0966666666666667,0.0,1156.75446320266,0.0384,3.84,16.11.2024,ANG,SECOND
PLA C,C-25,0,Cylinder,3.203333333333333,1.0966666666666667,0.0,1156.75446320266,0.029500000000000002,2.95,16.11.2024,ANG,THIRD
PLA C,C-25,0,Cylinder,3.203333333333333,1.0966666666666667,0.0,1156.75446320266,0.031200000000000002,3.12,16.11.2024,MAK,SECOND
PLA C,C-25,0,Cylinder,3.203333333333333,1.0966666666666667,0.0,1156.75446320266,0.031400000000000004,3.1400000000000006,16.11.2024,MAK,THIRD
PLA C,C-27,0,Cylinder,4.903333333333333,3.1466666666666665,0.0,1383.455477102581,0.0739,7.39,16.11.2024,ANG,FIRST
PLA C,C-27,0,Cylinder,4.903333333333333,3.1466666666666665,0.0,1383.455477102581,0.0745,7.449999999999999,16.11.2024,ANG,SECOND
PLA C,C-27,0,Cylinder,4.903333333333333,3.1466666666666665,0.0,1383.455477102581,0.060700000000000004,6.07,16.11.2024,ANG,THIRD
PLA C,C-27,0,Cylinder,4.903333333333333,3.1466666666666665,0.0,1383.455477102581,0.0684,6.84,16.11.2024,MAK,FIRST
PLA C,C-27,0,Cylinder,4.903333333333333,3.1466666666666665,0.0,1383.455477102581,0.0562,5.62,16.11.2024,MAK,THIRD
PLA C,C-3,0,Cylinder,3.043333333333333,3.2000000000000006,0.0,1400.6483648090384,0.0718,7.180000000000001,16.11.2024,ANG,FIRST
PLA C,C-3,0,Cylinder,3.043333333333333,3.2000000000000006,0.0,1400.6483648090384,0.0682,6.819999999999999,16.11.2024,ANG,SECOND
PLA C,C-3,0,Cylinder,3.043333333333333,3.2000000000000006,0.0,1400.6483648090384,0.0728,7.28,16.11.2024,ANG,THIRD
PLA C,C-3,0,Cylinder,3.043333333333333,3.2000000000000006,0.0,1400.6483648090384,0.0617,6.17,16.11.2024,MAK,FIRST
PLA C,C-3,0,Cylinder,3.043333333333333,3.2000000000000006,0.0,1400.6483648090384,0.0594,5.94,16.11.2024,MAK,SECOND
PLA C,C-3,0,Cylinder,3.043333333333333,3.2000000000000006,0.0,1400.6483648090384,0.06559999999999999,6.559999999999999,16.11.2024,MAK,THIRD
PLA C,C-5,0,Cylinder,5.016666666666667,5.18,0.0,1357.3041290770643,0.0479,4.79,16.11.2024,ANG,FIRST
PLA C,C-5,0,Cylinder,5.016666666666667,5.18,0.0,1357.3041290770643,0.0677,6.77,16.11.2024,MAK,FIRST
PLA C,C-9,0,Cylinder,5.036666666666666,5.2,0.0,1356.6784319577137,0.0787,7.870000000000001,16.11.2024,ANG,SECOND
PLA C,C-9,0,Cylinder,5.036666666666666,5.2,0.0,1356.6784319577137,0.0669,6.69,16.11.2024,MAK,FIRST
PLA C,C-9,0,Cylinder,5.036666666666666,5.2,0.0,1356.6784319577137,0.0716,7.16,16.11.2024,MAK,THIRD
PLA CUBE,CUBE-1,2,Cube,5.2,5.113333333333333,5.13,1035.8988434882212,0.054299999999999994,5.43,16.11.2024,MAK,SECOND
PLA CUBE,CUBE-11,2,Cube,3.0566666666666666,3.0766666666666667,3.1833333333333336,1018.8006074278507,0.0584,5.84,16.11.2024,ANG,FIRST
PLA CUBE,CUBE-11,2,Cube,3.0566666666666666,3.0766666666666667,3.1833333333333336,1018.8006074278507,0.060899999999999996,6.09,16.11.2024,ANG,SECOND
PLA CUBE,CUBE-11,2,Cube,3.0566666666666666,3.0766666666666667,3.1833333333333336,1018.8006074278507,0.0634,6.34,16.11.2024,ANG,THIRD
PLA CUBE,CUBE-11,2,Cube,3.0566666666666666,3.0766666666666667,3.1833333333333336,1018.8006074278507,0.0524,5.24,16.11.2024,MAK,FIRST
PLA CUBE,CUBE-11,2,Cube,3.0566666666666666,3.0766666666666667,3.1833333333333336,1018.8006074278507,0.054299999999999994,5.43,16.11.2024,MAK,SECOND
PLA CUBE,CUBE-11,2,Cube,3.0566666666666666,3.0766666666666667,3.1833333333333336,1018.8006074278507,0.0604,6.04,16.11.2024,MAK,THIRD
PLA CUBE,CUBE-14,2,Cube,5.01,3.9933333333333336,3.06,1140.1466274299416,0.0638,6.38,16.11.2024,ANG,FIRST
PLA CUBE,CUBE-14,2,Cube,5.01,3.9933333333333336,3.06,1140.1466274299416,0.0613,6.13,16.11.2024,ANG,SECOND
PLA CUBE,CUBE-14,2,Cube,5.01,3.9933333333333336,3.06,1140.1466274299416,0.060899999999999996,6.09,16.11.2024,MAK,FIRST
PLA CUBE,CUBE-14,2,Cube,5.01,3.9933333333333336,3.06,1140.1466274299416,0.0583,5.83,16.11.2024,MAK,SECOND
PLA CUBE,CUBE-2,2,Cube,5.063333333333333,5.043333333333333,5.180000000000001,1028.9023828473678,0.0666,6.660000000000001,16.11.2024,ANG,FIRST
PLA CUBE,CUBE-2,2,Cube,5.063333333333333,5.043333333333333,5.180000000000001,1028.9023828473678,0.0661,6.61,16.11.2024,ANG,SECOND
PLA CUBE,CUBE-2,2,Cube,5.063333333333333,5.043333333333333,5.180000000000001,1028.9023828473678,0.0666,6.660000000000001,16.11.2024,ANG,THIRD
PLA CUBE,CUBE-2,2,Cube,5.063333333333333,5.043333333333333,5.180000000000001,1028.9023828473678,0.061,6.1,16.11.2024,MAK,FIRST
PLA CUBE,CUBE-2,2,Cube,5.063333333333333,5.043333333333333,5.180000000000001,1028.9023828473678,0.057800000000000004,5.78,16.11.2024,MAK,SECOND
PLA CUBE,CUBE-2,2,Cube,5.063333333333333,5.043333333333333,5.180000000000001,1028.9023828473678,0.0587,5.87,16.11.2024,MAK,THIRD
PLA CUBE,CUBE-23,2,Cube,4.95,3.7866666666666666,3.1233333333333335,1052.2043681512769,0.058899999999999994,5.89,16.11.2024,ANG,FIRST
PLA CUBE,CUBE-23,2,Cube,4.95,3.7866666666666666,3.1233333333333335,1052.2043681512769,0.0553,5.53,16.11.2024,ANG,SECOND
PLA CUBE,CUBE-23,2,Cube,4.95,3.7866666666666666,3.1233333333333335,1052.2043681512769,0.057699999999999994,5.77,16.11.2024,ANG,THIRD
PLA CUBE,CUBE-23,2,Cube,4.95,3.7866666666666666,3.1233333333333335,1052.2043681512769,0.051699999999999996,5.17,16.11.2024,MAK,FIRST
PLA CUBE,CUBE-23,2,Cube,4.95,3.7866666666666666,3.1233333333333335,1052.2043681512769,0.051699999999999996,5.17,16.11.2024,MAK,SECOND
PLA CUBE,CUBE-23,2,Cube,4.95,3.7866666666666666,3.1233333333333335,1052.2043681512769,0.052000000000000005,5.2,16.11.2024,MAK,THIRD
PLA CUBE,CUBE-27,2,Cube,5.196666666666666,5.026666666666666,3.8800000000000003,1047.8227991893013,0.0647,6.47,16.11.2024,ANG,THIRD
PLA CUBE,CUBE-27,2,Cube,5.196666666666666,5.026666666666666,3.8800000000000003,1047.8227991893013,0.0576,5.76,16.11.2024,MAK,FIRST
PLA CUBE,CUBE-27,2,Cube,5.196666666666666,5.026666666666666,3.8800000000000003,1047.8227991893013,0.057300000000000004,5.73,16.11.2024,MAK,SECOND
PLA CUBE,CUBE-27,2,Cube,5.196666666666666,5.026666666666666,3.8800000000000003,1047.8227991893013,0.056900000000000006,5.69,16.11.2024,MAK,THIRD
PLA CUBE,CUBE-3,2,Cube,3.11,3.0833333333333335,3.783333333333333,1047.4375107433168,0.0665,6.65,16.11.2024,ANG,FIRST
PLA CUBE,CUBE-3,2,Cube,3.11,3.0833333333333335,3.783333333333333,1047.4375107433168,0.0644,6.4399999999999995,16.11.2024,ANG,SECOND
PLA CUBE,CUBE-3,2,Cube,3.11,3.0833333333333335,3.783333333333333,1047.4375107433168,0.0669,6.69,16.11.2024,ANG,THIRD
PLA CUBE,CUBE-3,2,Cube,3.11,3.0833333333333335,3.783333333333333,1047.4375107433168,0.058600000000000006,5.86,16.11.2024,MAK,FIRST
PLA CUBE,CUBE-3,2,Cube,3.11,3.0833333333333335,3.783333333333333,1047.4375107433168,0.0369,3.6900000000000004,16.11.2024,MAK,THIRD
PLA CUBE,CUBE-4,2,Cube,5.05,5.04,5.193333333333334,1028.894380360464,0.0658,6.58,16.11.2024,MAK,SECOND
PLA CUBE,CUBE-4,2,Cube,5.05,5.04,5.193333333333334,1028.894380360464,0.0562,5.62,16.11.2024,MAK,THIRD
PLA CUBE,CUBE-7,2,Cube,2.983333333333334,2.9633333333333334,3.1466666666666665,1089.2049392415097,0.0659,6.59,16.11.2024,ANG,FIRST
PLA CUBE,CUBE-7,2,Cube,2.983333333333334,2.9633333333333334,3.1466666666666665,1089.2049392415097,0.059500000000000004,5.95,16.11.2024,ANG,SECOND
PLA CUBE,CUBE-7,2,Cube,2.983333333333334,2.9633333333333334,3.1466666666666665,1089.2049392415097,0.0629,6.29,16.11.2024,ANG,THIRD
PLA CUBE,CUBE-7,2,Cube,2.983333333333334,2.9633333333333334,3.1466666666666665,1089.2049392415097,0.051399999999999994,5.14,16.11.2024,MAK,SECOND
PLA CUBE,CUBE-7,2,Cube,2.983333333333334,2.9633333333333334,3.1466666666666665,1089.2049392415097,0.0574,5.74,16.11.2024,MAK,THIRD
PLA HC,HC-1,1,Half Cylinder,4.77,5.109999999999999,0.0,1276.8754933311932,0.052300000000000006,5.23,16.11.2024,ANG,SECOND
PLA HC,HC-1,1,Half Cylinder,4.77,5.109999999999999,0.0,1276.8754933311932,0.0519,5.19,16.11.2024,ANG,THIRD
PLA HC,HC-1,1,Half Cylinder,4.77,5.109999999999999,0.0,1276.8754933311932,0.045899999999999996,4.59,16.11.2024,MAK,FIRST
PLA HC,HC-1,1,Half Cylinder,4.77,5.109999999999999,0.0,1276.8754933311932,0.046799999999999994,4.68,16.11.2024,MAK,SECOND
PLA HC,HC-1,1,Half Cylinder,4.77,5.109999999999999,0.0,1276.8754933311932,0.0444,4.44,16.11.2024,MAK,THIRD
BSP,BSP-10,4,Box Shape Prism,4.8133333333333335,3.8266666666666667,2.8333333333333335,1111.383003306045,0.0535,5.35,17.11.23,MAK,FIRST
BSP,BSP-10,4,Box Shape Prism,4.8133333333333335,3.8266666666666667,2.8333333333333335,1111.383003306045,0.0533,5.33,17.11.23,MAK,SECOND
BSP,BSP-10,4,Box Shape Prism,4.8133333333333335,3.8266666666666667,2.8333333333333335,1111.383003306045,0.0537,5.37,17.11.23,MAK,THIRD
BSP,BSP-18,4,Box Shape Prism,3.8233333333333337,2.81,2.33,1118.5454286106954,0.0452,4.52,17.11.23,MAK,FIRST
BSP,BSP-23,4,Box Shape Prism,4.826666666666667,4.816666666666666,1.0266666666666666,1256.8918015399502,0.0393,3.93,17.11.23,MAK,THIRD
BSP,BSP-24,4,Box Shape Prism,3.7733333333333334,3.76,0.9866666666666667,1328.7077582055404,0.0382,3.82,17.11.23,MAK,FIRST
BSP,BSP-24,4,Box Shape Prism,3.7733333333333334,3.76,0.9866666666666667,1328.7077582055404,0.0449,4.49,17.11.23,MAK,SECOND
BSP,BSP-24,4,Box Shape Prism,3.7733333333333334,3.76,0.9866666666666667,1328.7077582055404,0.0287,2.87,17.11.23,MAK,THIRD
BSP,BSP-8,4,Box Shape Prism,4.863333333333333,4.846666666666667,2.3333333333333335,1127.2953490918537,0.053,5.3,17.11.23,MAK,FIRST
BSP,BSP-8,4,Box Shape Prism,4.863333333333333,4.846666666666667,2.3333333333333335,1127.2953490918537,0.0415,4.15,17.11.23,MAK,SECOND
BSP,BSP-8,4,Box Shape Prism,4.863333333333333,4.846666666666667,2.3333333333333335,1127.2953490918537,0.050300000000000004,5.03,17.11.23,MAK,THIRD
C,C-13,0,Cylinder,2.8200000000000003,2.883333333333333,0.0,1396.3115951266677,0.0623,6.23,17.11.23,MAK,FIRST
C,C-18,0,Cylinder,3.77,1.0033333333333332,0.0,1572.996762477667,0.042300000000000004,4.23,17.11.23,MAK,FIRST
C,C-18,0,Cylinder,3.77,1.0033333333333332,0.0,1572.996762477667,0.039900000000000005,3.9900000000000007,17.11.23,MAK,SECOND
C,C-24,0,Cylinder,3.8266666666666667,2.29,0.0,1416.1400873928953,0.0291,2.91,17.11.23,MAK,FIRST
C,C-24,0,Cylinder,3.8266666666666667,2.29,0.0,1416.1400873928953,0.0363,3.63,17.11.23,MAK,SECOND
HC,HC-14,1,Half Cylinder,3.706666666666667,1.8099999999999998,0.0,1130.6910809482663,0.0326,3.26,17.11.23,MAK,FIRST
HC,HC-14,1,Half Cylinder,3.706666666666667,1.8099999999999998,0.0,1130.6910809482663,0.0348,3.4799999999999995,17.11.23,MAK,SECOND
HC,HC-7,1,Half Cylinder,4.756666666666667,2.313333333333333,0.0,1157.097783238867,0.0364,3.64,17.11.23,MAK,FIRST
HC,HC-7,1,Half Cylinder,4.756666666666667,2.313333333333333,0.0,1157.097783238867,0.030600000000000002,3.06,17.11.23,MAK,SECOND
WSP,WSP-7,3,Wedge Shape Prism,2.486666666666667,2.4966666666666666,1.0233333333333332,1261.0,0.0231,2.31,17.11.23,MAK,SECOND
WSP,WSP-7,3,Wedge Shape Prism,2.486666666666667,2.4966666666666666,1.0233333333333332,1261.0,0.0407,4.07,17.11.23,MAK,THIRD
RESIN (a=6 r=3),C-1,0,Cylinder,6.1,6.3,0.0,1210.1106570899371,0.0947,9.47,18.12.2024,ANG,FIRST
RESIN (a=6 r=3),C-1,0,Cylinder,6.1,6.3,0.0,1210.1106570899371,0.0949,9.49,18.12.2024,ANG,SECOND
RESIN (a=6 r=3),C-1,0,Cylinder,6.1,6.3,0.0,1210.1106570899371,0.10529999999999999,10.53,18.12.2024,ANG,THIRD
RESIN (a=6 r=3),C-1,0,Cylinder,6.1,6.3,0.0,1210.1106570899371,0.0877,8.77,18.12.2024,MAK,FIRST
RESIN (a=6 r=3),C-1,0,Cylinder,6.1,6.3,0.0,1210.1106570899371,0.0819,8.19,18.12.2024,MAK,SECOND
RESIN (a=6 r=3),C-1,0,Cylinder,6.1,6.3,0.0,1210.1106570899371,0.08529999999999999,8.53,18.12.2024,MAK,THIRD
RESIN (a=6 r=3),CUBE-1,2,Cube,6.24,6.24,6.24,1151.1343666829412,0.0664,6.64,18.12.2024,ANG,FIRST
RESIN (a=6 r=3),CUBE-1,2,Cube,6.24,6.24,6.24,1151.1343666829412,0.0931,9.31,18.12.2024,ANG,SECOND
RESIN (a=6 r=3),CUBE-1,2,Cube,6.24,6.24,6.24,1151.1343666829412,0.08990000000000001,8.99,18.12.2024,ANG,THIRD
RESIN (a=6 r=3),CUBE-1,2,Cube,6.24,6.24,6.24,1151.1343666829412,0.0753,7.53,18.12.2024,MAK,FIRST
RESIN (a=6 r=3),CUBE-1,2,Cube,6.24,6.24,6.24,1151.1343666829412,0.0796,7.960000000000001,18.12.2024,MAK,SECOND
RESIN (a=6 r=3),CUBE-1,2,Cube,6.24,6.24,6.24,1151.1343666829412,0.0817,8.17,18.12.2024,MAK,THIRD
RESIN (a=6 r=3),D-1,6,Elliptic Cylinder,6.0,6.0,0.0,1061.4216849505126,0.0379,3.7900000000000005,18.12.2024,ANG,FIRST
RESIN (a=6 r=3),D-1,6,Elliptic Cylinder,6.0,6.0,0.0,1061.4216849505126,0.0405,4.05,18.12.2024,ANG,SECOND
RESIN (a=6 r=3),D-1,6,Elliptic Cylinder,6.0,6.0,0.0,1061.4216849505126,0.0361,3.61,18.12.2024,ANG,THIRD
RESIN (a=6 r=3),D-1,6,Elliptic Cylinder,6.0,6.0,0.0,1061.4216849505126,0.0308,3.08,18.12.2024,MAK,FIRST
RESIN (a=6 r=3),D-1,6,Elliptic Cylinder,6.0,6.0,0.0,1061.4216849505126,0.0319,3.19,18.12.2024,MAK,SECOND
RESIN (a=6 r=3),D-1,6,Elliptic Cylinder,6.0,6.0,0.0,1061.4216849505126,0.0333,3.3300000000000005,18.12.2024,MAK,THIRD
RESIN (a=6 r=3),SP-1,5,Sphere,6.3,0.0,0.0,1109.0377922683276,0.1297,12.97,18.12.2024,ANG,FIRST
RESIN (a=6 r=3),SP-1,5,Sphere,6.3,0.0,0.0,1109.0377922683276,0.12539999999999998,12.54,18.12.2024,ANG,SECOND
RESIN (a=6 r=3),SP-1,5,Sphere,6.3,0.0,0.0,1109.0377922683276,0.13,13.0,18.12.2024,ANG,THIRD
RESIN (a=6 r=3),SP-1,5,Sphere,6.3,0.0,0.0,1109.0377922683276,0.1116,11.16,18.12.2024,MAK,FIRST
RESIN (a=6 r=3),SP-1,5,Sphere,6.3,0.0,0.0,1109.0377922683276,0.1121,11.21,18.12.2024,MAK,SECOND
RESIN (a=6 r=3),SP-1,5,Sphere,6.3,0.0,0.0,1109.0377922683276,0.1084,10.84,18.12.2024,MAK,THIRD
RESIN (a=9 r=4.5),C-2,0,Cylinder,9.15,9.4,0.0,1158.7090355351022,0.0696,6.959999999999999,18.12.2024,ANG,SECOND
RESIN (a=9 r=4.5),C-2,0,Cylinder,9.15,9.4,0.0,1158.7090355351022,0.10980000000000001,10.98,18.12.2024,ANG,THIRD
RESIN (a=9 r=4.5),C-2,0,Cylinder,9.15,9.4,0.0,1158.7090355351022,0.09699999999999999,9.7,18.12.2024,MAK,SECOND
RESIN (a=9 r=4.5),C-2,0,Cylinder,9.15,9.4,0.0,1158.7090355351022,0.0977,9.77,18.12.2024,MAK,THIRD
RESIN (a=9 r=4.5),CUBE-2,2,Cube,9.25,9.25,9.25,1153.0427412875893,0.0842,8.42,18.12.2024,ANG,SECOND
RESIN (a=9 r=4.5),CUBE-2,2,Cube,9.25,9.25,9.25,1153.0427412875893,0.0892,8.92,18.12.2024,MAK,FIRST
RESIN (a=9 r=4.5),CUBE-2,2,Cube,9.25,9.25,9.25,1153.0427412875893,0.08789999999999999,8.79,18.12.2024,MAK,THIRD
RESIN (a=9 r=4.5),D-2,6,Elliptic Cylinder,9.07,9.07,0.0,1157.4337858522888,0.0415,4.15,18.12.2024,ANG,FIRST
RESIN (a=9 r=4.5),D-2,6,Elliptic Cylinder,9.07,9.07,0.0,1157.4337858522888,0.0409,4.09,18.12.2024,ANG,SECOND
RESIN (a=9 r=4.5),D-2,6,Elliptic Cylinder,9.07,9.07,0.0,1157.4337858522888,0.043,4.3,18.12.2024,ANG,THIRD
RESIN (a=9 r=4.5),D-2,6,Elliptic Cylinder,9.07,9.07,0.0,1157.4337858522888,0.037000000000000005,3.7000000000000006,18.12.2024,MAK,FIRST
RESIN (a=9 r=4.5),D-2,6,Elliptic Cylinder,9.07,9.07,0.0,1157.4337858522888,0.0366,3.66,18.12.2024,MAK,SECOND
RESIN (a=9 r=4.5),D-2,6,Elliptic Cylinder,9.07,9.07,0.0,1157.4337858522888,0.0366,3.66,18.12.2024,MAK,THIRD
RESIN (a=9 r=4.5),SP-2,5,Sphere,9.1,0.0,0.0,1229.9500997118546,0.1536,15.36,18.12.2024,ANG,FIRST
BSP,BSP-11,4,Box Shape Prism,4.83,3.856666666666667,2.8800000000000003,1118.4061013079086,0.0592,5.92,2.12.23,ANG,FIRST
BSP,BSP-11,4,Box Shape Prism,4.83,3.856666666666667,2.8800000000000003,1118.4061013079086,0.060899999999999996,6.09,2.12.23,ANG,SECOND
BSP,BSP-11,4,Box Shape Prism,4.83,3.856666666666667,2.8800000000000003,1118.4061013079086,0.062,6.2,2.12.23,ANG,THIRD
BSP,BSP-11,4,Box Shape Prism,4.83,3.856666666666667,2.8800000000000003,1118.4061013079086,0.0524,5.24,2.12.23,MAK,SECOND
BSP,BSP-11,4,Box Shape Prism,4.83,3.856666666666667,2.8800000000000003,1118.4061013079086,0.038599999999999995,3.8599999999999994,2.12.23,MAK,THIRD
BSP,BSP-21,4,Box Shape Prism,3.83,3.7899999999999996,2.8533333333333335,1134.7687412127855,0.069,6.9,2.12.23,ANG,FIRST
BSP,BSP-21,4,Box Shape Prism,3.83,3.7899999999999996,2.8533333333333335,1134.7687412127855,0.068,6.800000000000001,2.12.23,ANG,SECOND
BSP,BSP-21,4,Box Shape Prism,3.83,3.7899999999999996,2.8533333333333335,1134.7687412127855,0.0697,6.97,2.12.23,ANG,THIRD
BSP,BSP-21,4,Box Shape Prism,3.83,3.7899999999999996,2.8533333333333335,1134.7687412127855,0.0541,5.41,2.12.23,MAK,FIRST
BSP,BSP-21,4,Box Shape Prism,3.83,3.7899999999999996,2.8533333333333335,1134.7687412127855,0.0584,5.84,2.12.23,MAK,SECOND
BSP,BSP-21,4,Box Shape Prism,3.83,3.7899999999999996,2.8533333333333335,1134.7687412127855,0.0611,6.11,2.12.23,MAK,THIRD
BSP,BSP-25,4,Box Shape Prism,3.85,2.813333333333333,2.3266666666666667,1150.7524510145404,0.0587,5.87,2.12.23,ANG,FIRST
BSP,BSP-25,4,Box Shape Prism,3.85,2.813333333333333,2.3266666666666667,1150.7524510145404,0.0575,5.75,2.12.23,ANG,SECOND
BSP,BSP-25,4,Box Shape Prism,3.85,2.813333333333333,2.3266666666666667,1150.7524510145404,0.058499999999999996,5.85,2.12.23,ANG,THIRD
BSP,BSP-25,4,Box Shape Prism,3.85,2.813333333333333,2.3266666666666667,1150.7524510145404,0.0496,4.96,2.12.23,MAK,FIRST
BSP,BSP-25,4,Box Shape Prism,3.85,2.813333333333333,2.3266666666666667,1150.7524510145404,0.050499999999999996,5.05,2.12.23,MAK,SECOND
BSP,BSP-25,4,Box Shape Prism,3.85,2.813333333333333,2.3266666666666667,1150.7524510145404,0.0518,5.18,2.12.23,MAK,THIRD
BSP,BSP-27,4,Box Shape Prism,2.8800000000000003,2.78,1.7966666666666669,1112.2827155715129,0.046900000000000004,4.69,2.12.23,ANG,FIRST
BSP,BSP-27,4,Box Shape Prism,2.8800000000000003,2.78,1.7966666666666669,1112.2827155715129,0.047,4.7,2.12.23,ANG,SECOND
BSP,BSP-27,4,Box Shape Prism,2.8800000000000003,2.78,1.7966666666666669,1112.2827155715129,0.050199999999999995,5.02,2.12.23,ANG,THIRD
BSP,BSP-27,4,Box Shape Prism,2.8800000000000003,2.78,1.7966666666666669,1112.2827155715129,0.0444,4.44,2.12.23,MAK,THIRD
BSP,BSP-9,4,Box Shape Prism,4.87,4.846666666666667,2.3333333333333335,1125.752165862433,0.0501,5.01,2.12.23,ANG,FIRST
BSP,BSP-9,4,Box Shape Prism,4.87,4.846666666666667,2.3333333333333335,1125.752165862433,0.058499999999999996,5.85,2.12.23,ANG,SECOND
BSP,BSP-9,4,Box Shape Prism,4.87,4.846666666666667,2.3333333333333335,1125.752165862433,0.0444,4.44,2.12.23,MAK,FIRST
BSP,BSP-9,4,Box Shape Prism,4.87,4.846666666666667,2.3333333333333335,1125.752165862433,0.049699999999999994,4.97,2.12.23,MAK,SECOND
BSP,BSP-9,4,Box Shape Prism,4.87,4.846666666666667,2.3333333333333335,1125.752165862433,0.048,4.8,2.12.23,MAK,THIRD
C,C-14,0,Cylinder,2.8266666666666667,2.9166666666666665,0.0,1389.9875477865692,0.0661,6.61,2.12.23,ANG,FIRST
C,C-14,0,Cylinder,2.8266666666666667,2.9166666666666665,0.0,1389.9875477865692,0.0625,6.25,2.12.23,ANG,SECOND
C,C-14,0,Cylinder,2.8266666666666667,2.9166666666666665,0.0,1389.9875477865692,0.052199999999999996,5.22,2.12.23,ANG,THIRD
C,C-14,0,Cylinder,2.8266666666666667,2.9166666666666665,0.0,1389.9875477865692,0.0426,4.26,2.12.23,MAK,THIRD
C,C-19,0,Cylinder,4.79,2.8533333333333335,0.0,1404.1639357964623,0.0635,6.35,2.12.23,ANG,FIRST
C,C-19,0,Cylinder,4.79,2.8533333333333335,0.0,1404.1639357964623,0.06269999999999999,6.27,2.12.23,ANG,SECOND
C,C-19,0,Cylinder,4.79,2.8533333333333335,0.0,1404.1639357964623,0.0605,6.05,2.12.23,ANG,THIRD
C,C-19,0,Cylinder,4.79,2.8533333333333335,0.0,1404.1639357964623,0.061,6.1,2.12.23,MAK,FIRST
C,C-19,0,Cylinder,4.79,2.8533333333333335,0.0,1404.1639357964623,0.062400000000000004,6.24,2.12.23,MAK,SECOND
C,C-19,0,Cylinder,4.79,2.8533333333333335,0.0,1404.1639357964623,0.057699999999999994,5.77,2.12.23,MAK,THIRD
C,C-22,0,Cylinder,4.833333333333333,2.3033333333333332,0.0,1408.665925060924,0.0458,4.58,2.12.23,ANG,FIRST
C,C-22,0,Cylinder,4.833333333333333,2.3033333333333332,0.0,1408.665925060924,0.0526,5.26,2.12.23,ANG,SECOND
C,C-22,0,Cylinder,4.833333333333333,2.3033333333333332,0.0,1408.665925060924,0.0377,3.7699999999999996,2.12.23,ANG,THIRD
C,C-22,0,Cylinder,4.833333333333333,2.3033333333333332,0.0,1408.665925060924,0.0458,4.58,2.12.23,MAK,FIRST
C,C-22,0,Cylinder,4.833333333333333,2.3033333333333332,0.0,1408.665925060924,0.047,4.7,2.12.23,MAK,SECOND
C,C-23,0,Cylinder,2.81,0.9966666666666667,0.0,1563.7521690626409,0.0333,3.3300000000000005,2.12.23,MAK,FIRST
C,C-30,0,Cylinder,4.763333333333334,2.8766666666666665,0.0,1455.4758977433785,0.0572,5.72,2.12.23,ANG,FIRST
C,C-30,0,Cylinder,4.763333333333334,2.8766666666666665,0.0,1455.4758977433785,0.0603,6.03,2.12.23,ANG,SECOND
C,C-30,0,Cylinder,4.763333333333334,2.8766666666666665,0.0,1455.4758977433785,0.045899999999999996,4.59,2.12.23,ANG,THIRD
C,C-30,0,Cylinder,4.763333333333334,2.8766666666666665,0.0,1455.4758977433785,0.06309999999999999,6.309999999999999,2.12.23,MAK,THIRD
HC,HC-11,1,Half Cylinder,4.663333333333333,2.31,0.0,1138.4927130648057,0.0315,3.15,2.12.23,ANG,FIRST
HC,HC-11,1,Half Cylinder,4.663333333333333,2.31,0.0,1138.4927130648057,0.041100000000000005,4.11,2.12.23,MAK,SECOND
HC,HC-11,1,Half Cylinder,4.663333333333333,2.31,0.0,1138.4927130648057,0.0398,3.9800000000000004,2.12.23,MAK,THIRD
HC,HC-15,1,Half Cylinder,3.763333333333333,1.8733333333333333,0.0,1111.9996023887884,0.045599999999999995,4.56,2.12.23,ANG,FIRST
HC,HC-15,1,Half Cylinder,3.763333333333333,1.8733333333333333,0.0,1111.9996023887884,0.0287,2.87,2.12.23,ANG,SECOND
HC,HC-15,1,Half Cylinder,3.763333333333333,1.8733333333333333,0.0,1111.9996023887884,0.043899999999999995,4.39,2.12.23,ANG,THIRD
HC,HC-15,1,Half Cylinder,3.763333333333333,1.8733333333333333,0.0,1111.9996023887884,0.0388,3.88,2.12.23,MAK,SECOND
HC,HC-15,1,Half Cylinder,3.763333333333333,1.8733333333333333,0.0,1111.9996023887884,0.0366,3.66,2.12.23,MAK,THIRD
HC,HC-21,1,Half Cylinder,3.693333333333334,1.8033333333333335,0.0,1128.311395460916,0.0458,4.58,2.12.23,ANG,FIRST
HC,HC-21,1,Half Cylinder,3.693333333333334,1.8033333333333335,0.0,1128.311395460916,0.048600000000000004,4.86,2.12.23,ANG,SECOND
HC,HC-21,1,Half Cylinder,3.693333333333334,1.8033333333333335,0.0,1128.311395460916,0.04650000000000001,4.65,2.12.23,ANG,THIRD
HC,HC-21,1,Half Cylinder,3.693333333333334,1.8033333333333335,0.0,1128.311395460916,0.039599999999999996,3.9599999999999995,2.12.23,MAK,FIRST
HC,HC-21,1,Half Cylinder,3.693333333333334,1.8033333333333335,0.0,1128.311395460916,0.0403,4.03,2.12.23,MAK,SECOND
HC,HC-26,1,Half Cylinder,2.6733333333333333,1.3,0.0,1108.7353552697994,0.035,3.5000000000000004,2.12.23,ANG,FIRST
PLA C,C-12,0,Cylinder,2.966666666666667,3.16,0.0,1343.5231573638075,0.0641,6.41,20.11.2024,ANG,FIRST
PLA C,C-12,0,Cylinder,2.966666666666667,3.16,0.0,1343.5231573638075,0.0623,6.23,20.11.2024,ANG,SECOND
PLA C,C-12,0,Cylinder,2.966666666666667,3.16,0.0,1343.5231573638075,0.0688,6.88,20.11.2024,ANG,THIRD
PLA C,C-12,0,Cylinder,2.966666666666667,3.16,0.0,1343.5231573638075,0.0574,5.74,20.11.2024,MAK,FIRST
PLA C,C-12,0,Cylinder,2.966666666666667,3.16,0.0,1343.5231573638075,0.0565,5.65,20.11.2024,MAK,SECOND
PLA C,C-12,0,Cylinder,2.966666666666667,3.16,0.0,1343.5231573638075,0.0622,6.22,20.11.2024,MAK,THIRD
PLA C,C-13,0,Cylinder,5.01,5.166666666666667,0.0,1322.6323882222914,0.0681,6.81,20.11.2024,ANG,FIRST
PLA C,C-13,0,Cylinder,5.01,5.166666666666667,0.0,1322.6323882222914,0.0709,7.090000000000001,20.11.2024,ANG,SECOND
PLA C,C-13,0,Cylinder,5.01,5.166666666666667,0.0,1322.6323882222914,0.0697,6.97,20.11.2024,ANG,THIRD
PLA C,C-13,0,Cylinder,5.01,5.166666666666667,0.0,1322.6323882222914,0.06509999999999999,6.509999999999999,20.11.2024,MAK,FIRST
PLA C,C-13,0,Cylinder,5.01,5.166666666666667,0.0,1322.6323882222914,0.0444,4.44,20.11.2024,MAK,SECOND
PLA C,C-2,0,Cylinder,4.8933333333333335,3.81,0.0,1330.2245463661332,0.061900000000000004,6.19,20.11.2024,ANG,SECOND
PLA C,C-2,0,Cylinder,4.8933333333333335,3.81,0.0,1330.2245463661332,0.067,6.7,20.11.2024,MAK,FIRST
PLA C,C-2,0,Cylinder,4.8933333333333335,3.81,0.0,1330.2245463661332,0.059699999999999996,5.97,20.11.2024,MAK,SECOND
PLA C,C-2,0,Cylinder,4.8933333333333335,3.81,0.0,1330.2245463661332,0.0605,6.05,20.11.2024,MAK,THIRD
PLA C,C-29,0,Cylinder,3.1,1.1266666666666667,0.0,1277.0251457480535,0.0414,4.14,20.11.2024,ANG,THIRD
PLA C,C-29,0,Cylinder,3.1,1.1266666666666667,0.0,1277.0251457480535,0.0393,3.93,20.11.2024,MAK,SECOND
PLA C,C-7,0,Cylinder,3.06,3.1799999999999997,0.0,1382.896326542447,0.0637,6.370000000000001,20.11.2024,ANG,FIRST
PLA C,C-7,0,Cylinder,3.06,3.1799999999999997,0.0,1382.896326542447,0.07429999999999999,7.429999999999999,20.11.2024,ANG,SECOND
PLA C,C-7,0,Cylinder,3.06,3.1799999999999997,0.0,1382.896326542447,0.0616,6.16,20.11.2024,ANG,THIRD
PLA C,C-7,0,Cylinder,3.06,3.1799999999999997,0.0,1382.896326542447,0.0668,6.68,20.11.2024,MAK,FIRST
PLA C,C-7,0,Cylinder,3.06,3.1799999999999997,0.0,1382.896326542447,0.065,6.5,20.11.2024,MAK,SECOND
PLA C,C-7,0,Cylinder,3.06,3.1799999999999997,0.0,1382.896326542447,0.0579,5.79,20.11.2024,MAK,THIRD
PLA HC,HC-4,1,Half Cylinder,2.8066666666666666,2.533333333333333,0.0,1186.2300390594169,0.0451,4.51,20.11.2024,ANG,FIRST
PLA HC,HC-4,1,Half Cylinder,2.8066666666666666,2.533333333333333,0.0,1186.2300390594169,0.046900000000000004,4.69,20.11.2024,ANG,SECOND
PLA HC,HC-4,1,Half Cylinder,2.8066666666666666,2.533333333333333,0.0,1186.2300390594169,0.045,4.5,20.11.2024,ANG,THIRD
PLA HC,HC-4,1,Half Cylinder,2.8066666666666666,2.533333333333333,0.0,1186.2300390594169,0.0409,4.09,20.11.2024,MAK,FIRST
PLA HC,HC-4,1,Half Cylinder,2.8066666666666666,2.533333333333333,0.0,1186.2300390594169,0.0409,4.09,20.11.2024,MAK,SECOND
PLA HC,HC-4,1,Half Cylinder,2.8066666666666666,2.533333333333333,0.0,1186.2300390594169,0.040999999999999995,4.1,20.11.2024,MAK,THIRD
PLA HC,HC-6,1,Half Cylinder,4.723333333333334,3.7433333333333336,0.0,1192.252481427715,0.0493,4.93,20.11.2024,ANG,FIRST
PLA HC,HC-6,1,Half Cylinder,4.723333333333334,3.7433333333333336,0.0,1192.252481427715,0.0472,4.72,20.11.2024,MAK,FIRST
ABS C,C-1,0,Cylinder,5.44,5.293333333333333,0.0,1175.7719647634667,0.0554,5.54,23.10.2024,ANG,FIRST
ABS C,C-1,0,Cylinder,5.44,5.293333333333333,0.0,1175.7719647634667,0.037000000000000005,3.7000000000000006,23.10.2024,MAK,SECOND
ABS C,C-10,0,Cylinder,3.3433333333333333,3.16,0.0,1193.9853891589855,0.031400000000000004,3.1400000000000006,23.10.2024,ANG,FIRST
ABS C,C-10,0,Cylinder,3.3433333333333333,3.16,0.0,1193.9853891589855,0.0346,3.46,23.10.2024,ANG,THIRD
ABS C,C-10,0,Cylinder,3.3433333333333333,3.16,0.0,1193.9853891589855,0.0199,1.9900000000000002,23.10.2024,MAK,SECOND
ABS C,C-10,0,Cylinder,3.3433333333333333,3.16,0.0,1193.9853891589855,0.0294,2.94,23.10.2024,MAK,THIRD
ABS C,C-11,0,Cylinder,5.489999999999999,3.27,0.0,1100.001055228801,0.0361,3.61,23.10.2024,ANG,FIRST
ABS C,C-16,0,Cylinder,5.460000000000001,3.266666666666666,0.0,1119.9705245307757,0.0346,3.46,23.10.2024,ANG,FIRST
ABS C,C-16,0,Cylinder,5.460000000000001,3.266666666666666,0.0,1119.9705245307757,0.0378,3.7800000000000002,23.10.2024,ANG,SECOND
ABS C,C-16,0,Cylinder,5.460000000000001,3.266666666666666,0.0,1119.9705245307757,0.0373,3.73,23.10.2024,ANG,THIRD
ABS C,C-16,0,Cylinder,5.460000000000001,3.266666666666666,0.0,1119.9705245307757,0.0294,2.94,23.10.2024,MAK,FIRST
ABS C,C-16,0,Cylinder,5.460000000000001,3.266666666666666,0.0,1119.9705245307757,0.061500000000000006,6.15,23.10.2024,MAK,SECOND
ABS C,C-16,0,Cylinder,5.460000000000001,3.266666666666666,0.0,1119.9705245307757,0.0336,3.36,23.10.2024,MAK,THIRD
ABS C,C-4,0,Cylinder,5.396666666666666,5.239999999999999,0.0,1165.029569507883,0.0355,3.55,23.10.2024,ANG,FIRST
ABS C,C-4,0,Cylinder,5.396666666666666,5.239999999999999,0.0,1165.029569507883,0.0377,3.7699999999999996,23.10.2024,MAK,FIRST
ABS CUBE,CUBE-1,2,Cube,5.2,5.113333333333333,5.13,1035.8988434882212,0.042699999999999995,4.27,23.10.2024,ANG,FIRST
ABS CUBE,CUBE-1,2,Cube,5.2,5.113333333333333,5.13,1035.8988434882212,0.0391,3.91,23.10.2024,ANG,SECOND
ABS CUBE,CUBE-1,2,Cube,5.2,5.113333333333333,5.13,1035.8988434882212,0.0418,4.18,23.10.2024,ANG,THIRD
ABS CUBE,CUBE-1,2,Cube,5.2,5.113333333333333,5.13,1035.8988434882212,0.0369,3.6900000000000004,23.10.2024,MAK,FIRST
ABS CUBE,CUBE-1,2,Cube,5.2,5.113333333333333,5.13,1035.8988434882212,0.028399999999999998,2.84,23.10.2024,MAK,SECOND
ABS CUBE,CUBE-2,2,Cube,5.063333333333333,5.043333333333333,5.180000000000001,1028.9023828473678,0.0338,3.38,23.10.2024,ANG,FIRST
ABS CUBE,CUBE-2,2,Cube,5.063333333333333,5.043333333333333,5.180000000000001,1028.9023828473678,0.0323,3.2300000000000004,23.10.2024,ANG,SECOND
ABS CUBE,CUBE-2,2,Cube,5.063333333333333,5.043333333333333,5.180000000000001,1028.9023828473678,0.0362,3.62,23.10.2024,ANG,THIRD
ABS CUBE,CUBE-2,2,Cube,5.063333333333333,5.043333333333333,5.180000000000001,1028.9023828473678,0.0271,2.71,23.10.2024,MAK,SECOND
ABS CUBE,CUBE-4,2,Cube,5.05,5.04,5.193333333333334,1028.894380360464,0.0392,3.92,23.10.2024,ANG,FIRST
ABS CUBE,CUBE-4,2,Cube,5.05,5.04,5.193333333333334,1028.894380360464,0.038900000000000004,3.8900000000000006,23.10.2024,ANG,SECOND
ABS CUBE,CUBE-4,2,Cube,5.05,5.04,5.193333333333334,1028.894380360464,0.0351,3.51,23.10.2024,ANG,THIRD
ABS CUBE,CUBE-4,2,Cube,5.05,5.04,5.193333333333334,1028.894380360464,0.0335,3.35,23.10.2024,MAK,FIRST
ABS CUBE,CUBE-4,2,Cube,5.05,5.04,5.193333333333334,1028.894380360464,0.0341,3.4099999999999997,23.10.2024,MAK,SECOND
ABS CUBE,CUBE-4,2,Cube,5.05,5.04,5.193333333333334,1028.894380360464,0.0311,3.11,23.10.2024,MAK,THIRD
ABS CUBE,CUBE-7,2,Cube,2.983333333333334,2.9633333333333334,3.1466666666666665,1089.2049392415097,0.035,3.5000000000000004,23.10.2024,ANG,FIRST
ABS CUBE,CUBE-7,2,Cube,2.983333333333334,2.9633333333333334,3.1466666666666665,1089.2049392415097,0.0334,3.34,23.10.2024,ANG,SECOND
ABS CUBE,CUBE-7,2,Cube,2.983333333333334,2.9633333333333334,3.1466666666666665,1089.2049392415097,0.0288,2.88,23.10.2024,MAK,SECOND
ABS CUBE,CUBE-8,2,Cube,5.206666666666666,5.156666666666666,5.052333333333333,1093.989292299615,0.0449,4.49,23.10.2024,ANG,FIRST
ABS CUBE,CUBE-8,2,Cube,5.206666666666666,5.156666666666666,5.052333333333333,1093.989292299615,0.0466,4.66,23.10.2024,ANG,SECOND
ABS CUBE,CUBE-8,2,Cube,5.206666666666666,5.156666666666666,5.052333333333333,1093.989292299615,0.038599999999999995,3.8599999999999994,23.10.2024,ANG,THIRD
ABS CUBE,CUBE-8,2,Cube,5.206666666666666,5.156666666666666,5.052333333333333,1093.989292299615,0.0379,3.7900000000000005,23.10.2024,MAK,FIRST
ABS CUBE,CUBE-8,2,Cube,5.206666666666666,5.156666666666666,5.052333333333333,1093.989292299615,0.0368,3.6799999999999997,23.10.2024,MAK,SECOND
ABS CUBE,CUBE-8,2,Cube,5.206666666666666,5.156666666666666,5.052333333333333,1093.989292299615,0.0333,3.3300000000000005,23.10.2024,MAK,THIRD
ABS HC,HC-1,1,Half Cylinder,5.266666666666667,5.216666666666666,0.0,1098.045142942569,0.0252,2.52,23.10.2024,ANG,FIRST
ABS HC,HC-1,1,Half Cylinder,5.266666666666667,5.216666666666666,0.0,1098.045142942569,0.0317,3.17,23.10.2024,ANG,SECOND
ABS HC,HC-1,1,Half Cylinder,5.266666666666667,5.216666666666666,0.0,1098.045142942569,0.0304,3.04,23.10.2024,ANG,THIRD
ABS HC,HC-1,1,Half Cylinder,5.266666666666667,5.216666666666666,0.0,1098.045142942569,0.0263,2.63,23.10.2024,MAK,FIRST
ABS HC,HC-1,1,Half Cylinder,5.266666666666667,5.216666666666666,0.0,1098.045142942569,0.026000000000000002,2.6,23.10.2024,MAK,THIRD
ABS HC,HC-2,1,Half Cylinder,2.8366666666666664,3.2133333333333334,0.0,1260.5331733890926,0.0207,2.07,23.10.2024,ANG,FIRST
ABS HC,HC-2,1,Half Cylinder,2.8366666666666664,3.2133333333333334,0.0,1260.5331733890926,0.0215,2.15,23.10.2024,ANG,SECOND
ABS HC,HC-2,1,Half Cylinder,2.8366666666666664,3.2133333333333334,0.0,1260.5331733890926,0.021400000000000002,2.14,23.10.2024,ANG,THIRD
ABS HC,HC-2,1,Half Cylinder,2.8366666666666664,3.2133333333333334,0.0,1260.5331733890926,0.0184,1.8399999999999999,23.10.2024,MAK,FIRST
ABS HC,HC-2,1,Half Cylinder,2.8366666666666664,3.2133333333333334,0.0,1260.5331733890926,0.046900000000000004,4.69,23.10.2024,MAK,SECOND
ABS HC,HC-2,1,Half Cylinder,2.8366666666666664,3.2133333333333334,0.0,1260.5331733890926,0.023399999999999997,2.34,23.10.2024,MAK,THIRD
ABS HC,HC-4,1,Half Cylinder,5.21,5.266666666666667,0.0,1095.4839831311463,0.0321,3.2099999999999995,23.10.2024,ANG,FIRST
ABS HC,HC-6,1,Half Cylinder,5.25,5.22,0.0,1113.2676113719679,0.0335,3.35,23.10.2024,ANG,FIRST
ABS HC,HC-6,1,Half Cylinder,5.25,5.22,0.0,1113.2676113719679,0.03,3.0,23.10.2024,ANG,THIRD
ABS HC,HC-6,1,Half Cylinder,5.25,5.22,0.0,1113.2676113719679,0.027200000000000002,2.72,23.10.2024,MAK,FIRST
ABS HC,HC-6,1,Half Cylinder,5.25,5.22,0.0,1113.2676113719679,0.028399999999999998,2.84,23.10.2024,MAK,SECOND
ABS HC,HC-6,1,Half Cylinder,5.25,5.22,0.0,1113.2676113719679,0.0275,2.75,23.10.2024,MAK,THIRD
ABS HC,HC-8,1,Half Cylinder,5.163333333333333,5.38,0.0,1104.2417224680005,0.022400000000000003,2.24,23.10.2024,ANG,FIRST
ABS HC,HC-8,1,Half Cylinder,5.163333333333333,5.38,0.0,1104.2417224680005,0.0322,3.2199999999999998,23.10.2024,ANG,SECOND
ABS HC,HC-8,1,Half Cylinder,5.163333333333333,5.38,0.0,1104.2417224680005,0.0301,3.01,23.10.2024,ANG,THIRD
ABS HC,HC-8,1,Half Cylinder,5.163333333333333,5.38,0.0,1104.2417224680005,0.0302,3.02,23.10.2024,MAK,FIRST
ABS HC,HC-8,1,Half Cylinder,5.163333333333333,5.38,0.0,1104.2417224680005,0.0115,1.15,23.10.2024,MAK,SECOND
PLA C,C-11,0,Cylinder,4.949999999999999,3.063333333333333,0.0,1327.1197019583308,0.071,7.1,23.11.2024,ANG,FIRST
PLA C,C-11,0,Cylinder,4.949999999999999,3.063333333333333,0.0,1327.1197019583308,0.0652,6.52,23.11.2024,ANG,THIRD
PLA C,C-11,0,Cylinder,4.949999999999999,3.063333333333333,0.0,1327.1197019583308,0.0541,5.41,23.11.2024,MAK,SECOND
PLA C,C-11,0,Cylinder,4.949999999999999,3.063333333333333,0.0,1327.1197019583308,0.0637,6.370000000000001,23.11.2024,MAK,THIRD
PLA C,C-15,0,Cylinder,5.050000000000001,3.0833333333333335,0.0,1381.2104898250577,0.058600000000000006,5.86,23.11.2024,MAK,SECOND
PLA C,C-15,0,Cylinder,5.050000000000001,3.0833333333333335,0.0,1381.2104898250577,0.0596,5.96,23.11.2024,MAK,THIRD
PLA C,C-20,0,Cylinder,5.053333333333334,5.203333333333333,0.0,1332.4164123038806,0.0746,7.46,23.11.2024,ANG,THIRD
PLA C,C-28,0,Cylinder,3.0199999999999996,3.1633333333333336,0.0,1379.6321948551727,0.0687,6.87,23.11.2024,ANG,FIRST
PLA C,C-28,0,Cylinder,3.0199999999999996,3.1633333333333336,0.0,1379.6321948551727,0.0673,6.7299999999999995,23.11.2024,ANG,THIRD
PLA C,C-28,0,Cylinder,3.0199999999999996,3.1633333333333336,0.0,1379.6321948551727,0.0678,6.78,23.11.2024,MAK,SECOND
PLA C,C-6,0,Cylinder,4.9366666666666665,3.7733333333333334,0.0,1355.7608897293642,0.066,6.6000000000000005,23.11.2024,MAK,SECOND
PLA C,C-6,0,Cylinder,4.9366666666666665,3.7733333333333334,0.0,1355.7608897293642,0.0623,6.23,23.11.2024,MAK,THIRD
PLA C,C-8,0,Cylinder,4.903333333333333,3.1133333333333333,0.0,1388.6968175275292,0.0632,6.32,23.11.2024,ANG,FIRST
PLA C,C-8,0,Cylinder,4.903333333333333,3.1133333333333333,0.0,1388.6968175275292,0.0699,6.99,23.11.2024,ANG,SECOND
PLA C,C-8,0,Cylinder,4.903333333333333,3.1133333333333333,0.0,1388.6968175275292,0.0659,6.59,23.11.2024,MAK,SECOND
PLA C,C-8,0,Cylinder,4.903333333333333,3.1133333333333333,0.0,1388.6968175275292,0.0588,5.88,23.11.2024,MAK,THIRD
PLA CUBE,CUBE-14,2,Cube,5.01,3.9933333333333336,3.06,1140.1466274299416,0.0537,5.37,23.11.2024,MAK,FIRST
PLA CUBE,CUBE-14,2,Cube,5.01,3.9933333333333336,3.06,1140.1466274299416,0.0541,5.41,23.11.2024,MAK,SECOND
PLA CUBE,CUBE-15,2,Cube,2.99,2.9766666666666666,3.1199999999999997,1098.35783619617,0.0602,6.02,23.11.2024,ANG,FIRST
PLA CUBE,CUBE-15,2,Cube,2.99,2.9766666666666666,3.1199999999999997,1098.35783619617,0.06280000000000001,6.280000000000001,23.11.2024,ANG,SECOND
PLA CUBE,CUBE-15,2,Cube,2.99,2.9766666666666666,3.1199999999999997,1098.35783619617,0.0635,6.35,23.11.2024,ANG,THIRD
PLA CUBE,CUBE-15,2,Cube,2.99,2.9766666666666666,3.1199999999999997,1098.35783619617,0.056900000000000006,5.69,23.11.2024,MAK,SECOND
PLA CUBE,CUBE-15,2,Cube,2.99,2.9766666666666666,3.1199999999999997,1098.35783619617,0.0608,6.08,23.11.2024,MAK,THIRD
PLA CUBE,CUBE-17,2,Cube,3.143333333333333,3.1733333333333333,1.1566666666666665,1022.745684250762,0.04019999999999999,4.02,23.11.2024,ANG,FIRST
PLA CUBE,CUBE-17,2,Cube,3.143333333333333,3.1733333333333333,1.1566666666666665,1022.745684250762,0.0378,3.7800000000000002,23.11.2024,MAK,SECOND
PLA CUBE,CUBE-17,2,Cube,3.143333333333333,3.1733333333333333,1.1566666666666665,1022.745684250762,0.0378,3.7800000000000002,23.11.2024,MAK,THIRD
PLA CUBE,CUBE-19,2,Cube,5.1066666666666665,5.063333333333333,5.16,1039.5675862536796,0.0608,6.08,23.11.2024,MAK,FIRST
PLA CUBE,CUBE-19,2,Cube,5.1066666666666665,5.063333333333333,5.16,1039.5675862536796,0.054299999999999994,5.43,23.11.2024,MAK,THIRD
PLA CUBE,CUBE-28,2,Cube,5.056666666666666,5.069999999999999,5.013333333333334,1144.4947525343518,0.0745,7.449999999999999,23.11.2024,ANG,FIRST
PLA CUBE,CUBE-28,2,Cube,5.056666666666666,5.069999999999999,5.013333333333334,1144.4947525343518,0.07139999999999999,7.139999999999999,23.11.2024,MAK,FIRST
PLA CUBE,CUBE-28,2,Cube,5.056666666666666,5.069999999999999,5.013333333333334,1144.4947525343518,0.056900000000000006,5.69,23.11.2024,MAK,SECOND
PLA CUBE,CUBE-5,2,Cube,3.0700000000000003,3.0533333333333332,3.796666666666667,1039.6488087554087,0.0639,6.39,23.11.2024,ANG,FIRST
PLA CUBE,CUBE-5,2,Cube,3.0700000000000003,3.0533333333333332,3.796666666666667,1039.6488087554087,0.0742,7.42,23.11.2024,ANG,SECOND
PLA CUBE,CUBE-5,2,Cube,3.0700000000000003,3.0533333333333332,3.796666666666667,1039.6488087554087,0.0639,6.39,23.11.2024,ANG,THIRD
PLA CUBE,CUBE-5,2,Cube,3.0700000000000003,3.0533333333333332,3.796666666666667,1039.6488087554087,0.059699999999999996,5.97,23.11.2024,MAK,FIRST
PLA CUBE,CUBE-5,2,Cube,3.0700000000000003,3.0533333333333332,3.796666666666667,1039.6488087554087,0.0691,6.909999999999999,23.11.2024,MAK,SECOND
PLA CUBE,CUBE-5,2,Cube,3.0700000000000003,3.0533333333333332,3.796666666666667,1039.6488087554087,0.0604,6.04,23.11.2024,MAK,THIRD
PLA CUBE,CUBE-6,2,Cube,5.06,5.05,5.186666666666667,1075.1885516035675,0.0717,7.17,23.11.2024,ANG,FIRST
PLA CUBE,CUBE-6,2,Cube,5.06,5.05,5.186666666666667,1075.1885516035675,0.0644,6.4399999999999995,23.11.2024,ANG,SECOND
PLA CUBE,CUBE-6,2,Cube,5.06,5.05,5.186666666666667,1075.1885516035675,0.077,7.7,23.11.2024,ANG,THIRD
PLA CUBE,CUBE-6,2,Cube,5.06,5.05,5.186666666666667,1075.1885516035675,0.0705,7.049999999999999,23.11.2024,MAK,FIRST
PLA HC,HC-11,1,Half Cylinder,4.83,3.856666666666667,0.0,1248.1373839778155,0.053399999999999996,5.34,23.11.2024,ANG,FIRST
PLA HC,HC-11,1,Half Cylinder,4.83,3.856666666666667,0.0,1248.1373839778155,0.0529,5.29,23.11.2024,MAK,FIRST
PLA HC,HC-11,1,Half Cylinder,4.83,3.856666666666667,0.0,1248.1373839778155,0.042300000000000004,4.23,23.11.2024,MAK,THIRD
PLA HC,HC-12,1,Half Cylinder,4.89,5.126666666666666,0.0,1233.7973557756006,0.054900000000000004,5.49,23.11.2024,ANG,FIRST
PLA HC,HC-12,1,Half Cylinder,4.89,5.126666666666666,0.0,1233.7973557756006,0.0548,5.48,23.11.2024,MAK,FIRST
PLA HC,HC-9,1,Half Cylinder,4.86,4.933333333333334,0.0,1245.6634052149975,0.051500000000000004,5.15,23.11.2024,MAK,FIRST
PLA HC,HC-9,1,Half Cylinder,4.86,4.933333333333334,0.0,1245.6634052149975,0.0536,5.36,23.11.2024,MAK,SECOND
PA 6,BSP-1,4,Box Shape Prism,3.0,3.0,3.033333333333333,11465.201465201468,0.049,4.9,25.01.2025,ANG,FIRST
PA 6,BSP-1,4,Box Shape Prism,3.0,3.0,3.033333333333333,11465.201465201468,0.0555,5.55,25.01.2025,ANG,SECOND
PA 6,BSP-1,4,Box Shape Prism,3.0,3.0,3.033333333333333,11465.201465201468,0.0547,5.47,25.01.2025,ANG,THIRD
PA 6,BSP-1,4,Box Shape Prism,3.0,3.0,3.033333333333333,11465.201465201468,0.051699999999999996,5.17,25.01.2025,MAK,FIRST
PA 6,BSP-1,4,Box Shape Prism,3.0,3.0,3.033333333333333,11465.201465201468,0.0525,5.25,25.01.2025,MAK,SECOND
PA 6,BSP-1,4,Box Shape Prism,3.0,3.0,3.033333333333333,11465.201465201468,0.0496,4.96,25.01.2025,MAK,THIRD
PA 6,BSP-2,4,Box Shape Prism,7.8999999999999995,7.833333333333333,2.8333333333333335,1211.9579854565043,0.0478,4.78,25.01.2025,MAK,THIRD
PA 6,BSP-3,4,Box Shape Prism,7.900000000000001,7.966666666666666,4.133333333333334,1196.6715130930395,0.0622,6.22,25.01.2025,ANG,SECOND
PA 6,BSP-3,4,Box Shape Prism,7.900000000000001,7.966666666666666,4.133333333333334,1196.6715130930395,0.0687,6.87,25.01.2025,ANG,THIRD
PA 6,BSP-3,4,Box Shape Prism,7.900000000000001,7.966666666666666,4.133333333333334,1196.6715130930395,0.0642,6.419999999999999,25.01.2025,MAK,FIRST
PA 6,BSP-3,4,Box Shape Prism,7.900000000000001,7.966666666666666,4.133333333333334,1196.6715130930395,0.0632,6.32,25.01.2025,MAK,SECOND
PA 6,BSP-3,4,Box Shape Prism,7.900000000000001,7.966666666666666,4.133333333333334,1196.6715130930395,0.0633,6.329999999999999,25.01.2025,MAK,THIRD
PA 6,BSP-4,4,Box Shape Prism,7.883333333333333,7.966666666666666,8.066666666666668,1190.640592916557,0.081,8.1,25.01.2025,ANG,FIRST
PA 6,BSP-4,4,Box Shape Prism,7.883333333333333,7.966666666666666,8.066666666666668,1190.640592916557,0.0873,8.73,25.01.2025,ANG,THIRD
PA 6,BSP-4,4,Box Shape Prism,7.883333333333333,7.966666666666666,8.066666666666668,1190.640592916557,0.0746,7.46,25.01.2025,MAK,FIRST
PA 6,C-1,0,Cylinder,2.9333333333333336,3.0,0.0,1457.2375479737134,0.0537,5.37,25.01.2025,ANG,FIRST
PA 6,C-1,0,Cylinder,2.9333333333333336,3.0,0.0,1457.2375479737134,0.0581,5.81,25.01.2025,ANG,THIRD
PA 6,C-1,0,Cylinder,2.9333333333333336,3.0,0.0,1457.2375479737134,0.0525,5.25,25.01.2025,MAK,FIRST
PA 6,C-1,0,Cylinder,2.9333333333333336,3.0,0.0,1457.2375479737134,0.053099999999999994,5.31,25.01.2025,MAK,SECOND
PA 6,C-1,0,Cylinder,2.9333333333333336,3.0,0.0,1457.2375479737134,0.053399999999999996,5.34,25.01.2025,MAK,THIRD
PA 6,C-2,0,Cylinder,7.8999999999999995,3.0,0.0,1397.6808852745028,0.0501,5.01,25.01.2025,MAK,FIRST
PA 6,C-2,0,Cylinder,7.8999999999999995,3.0,0.0,1397.6808852745028,0.0508,5.08,25.01.2025,MAK,SECOND
PA 6,C-2,0,Cylinder,7.8999999999999995,3.0,0.0,1397.6808852745028,0.0524,5.24,25.01.2025,MAK,THIRD
PA 6,C-3,0,Cylinder,7.8999999999999995,4.033333333333333,0.0,1495.6936129361313,0.0668,6.68,25.01.2025,ANG,FIRST
PA 6,C-3,0,Cylinder,7.8999999999999995,4.033333333333333,0.0,1495.6936129361313,0.0729,7.290000000000001,25.01.2025,ANG,SECOND
PA 6,C-3,0,Cylinder,7.8999999999999995,4.033333333333333,0.0,1495.6936129361313,0.0717,7.17,25.01.2025,ANG,THIRD
PA 6,C-3,0,Cylinder,7.8999999999999995,4.033333333333333,0.0,1495.6936129361313,0.06509999999999999,6.509999999999999,25.01.2025,MAK,FIRST
PA 6,C-3,0,Cylinder,7.8999999999999995,4.033333333333333,0.0,1495.6936129361313,0.0683,6.83,25.01.2025,MAK,SECOND
PA 6,C-3,0,Cylinder,7.8999999999999995,4.033333333333333,0.0,1495.6936129361313,0.0666,6.660000000000001,25.01.2025,MAK,THIRD
PA 6,HC-1,1,Half Cylinder,3.0,3.033333333333333,0.0,1156.642516829012,0.04,4.0,25.01.2025,ANG,FIRST
PA 6,HC-1,1,Half Cylinder,3.0,3.033333333333333,0.0,1156.642516829012,0.039599999999999996,3.9599999999999995,25.01.2025,MAK,FIRST
PA 6,HC-2,1,Half Cylinder,7.833333333333333,2.9,0.0,1109.0085027785337,0.0489,4.89,25.01.2025,ANG,THIRD
PA 6,HC-2,1,Half Cylinder,7.833333333333333,2.9,0.0,1109.0085027785337,0.0475,4.75,25.01.2025,MAK,SECOND
PA 6,HC-2,1,Half Cylinder,7.833333333333333,2.9,0.0,1109.0085027785337,0.0455,4.55,25.01.2025,MAK,THIRD
PA 6,HC-3,1,Half Cylinder,7.8,4.133333333333334,0.0,1153.3847437912375,0.0584,5.84,25.01.2025,ANG,FIRST
PA 6,HC-3,1,Half Cylinder,7.8,4.133333333333334,0.0,1153.3847437912375,0.0567,5.67,25.01.2025,ANG,SECOND
PA 6,HC-3,1,Half Cylinder,7.8,4.133333333333334,0.0,1153.3847437912375,0.051100000000000007,5.11,25.01.2025,MAK,SECOND
PA 6,HC-4,1,Half Cylinder,7.833333333333333,7.900000000000001,0.0,1165.6317870526975,0.0639,6.39,25.01.2025,ANG,FIRST
PA 6,HC-4,1,Half Cylinder,7.833333333333333,7.900000000000001,0.0,1165.6317870526975,0.0524,5.24,25.01.2025,ANG,SECOND
PA 6,HC-4,1,Half Cylinder,7.833333333333333,7.900000000000001,0.0,1165.6317870526975,0.069,6.9,25.01.2025,ANG,THIRD
PA 6,HC-4,1,Half Cylinder,7.833333333333333,7.900000000000001,0.0,1165.6317870526975,0.0603,6.03,25.01.2025,MAK,FIRST
PA 6,HC-4,1,Half Cylinder,7.833333333333333,7.900000000000001,0.0,1165.6317870526975,0.0557,5.57,25.01.2025,MAK,SECOND
PA 6,HC-4,1,Half Cylinder,7.833333333333333,7.900000000000001,0.0,1165.6317870526975,0.0632,6.32,25.01.2025,MAK,THIRD
ABS C,C-12,0,Cylinder,3.3866666666666667,3.2933333333333334,0.0,1093.4213870778954,0.03,3.0,30.10.2024,ANG,FIRST
ABS C,C-12,0,Cylinder,3.3866666666666667,3.2933333333333334,0.0,1093.4213870778954,0.0316,3.16,30.10.2024,ANG,SECOND
ABS C,C-12,0,Cylinder,3.3866666666666667,3.2933333333333334,0.0,1093.4213870778954,0.024300000000000002,2.43,30.10.2024,ANG,THIRD
ABS C,C-12,0,Cylinder,3.3866666666666667,3.2933333333333334,0.0,1093.4213870778954,0.0365,3.65,30.10.2024,MAK,SECOND
ABS C,C-15,0,Cylinder,5.426666666666667,3.313333333333334,0.0,1123.4768216635641,0.030299999999999997,3.03,30.10.2024,ANG,FIRST
ABS C,C-15,0,Cylinder,5.426666666666667,3.313333333333334,0.0,1123.4768216635641,0.035,3.5000000000000004,30.10.2024,ANG,SECOND
ABS C,C-15,0,Cylinder,5.426666666666667,3.313333333333334,0.0,1123.4768216635641,0.0348,3.4799999999999995,30.10.2024,ANG,THIRD
ABS C,C-15,0,Cylinder,5.426666666666667,3.313333333333334,0.0,1123.4768216635641,0.029300000000000003,2.93,30.10.2024,MAK,SECOND
ABS C,C-2,0,Cylinder,5.489999999999999,5.286666666666666,0.0,1118.5102892141804,0.0496,4.96,30.10.2024,ANG,FIRST
ABS C,C-2,0,Cylinder,5.489999999999999,5.286666666666666,0.0,1118.5102892141804,0.044199999999999996,4.42,30.10.2024,MAK,FIRST
ABS C,C-2,0,Cylinder,5.489999999999999,5.286666666666666,0.0,1118.5102892141804,0.0446,4.46,30.10.2024,MAK,SECOND
ABS C,C-3,0,Cylinder,5.446666666666666,5.233333333333334,0.0,1140.522851236535,0.0454,4.54,30.10.2024,ANG,FIRST
ABS C,C-3,0,Cylinder,5.446666666666666,5.233333333333334,0.0,1140.522851236535,0.049800000000000004,4.98,30.10.2024,ANG,SECOND
ABS C,C-3,0,Cylinder,5.446666666666666,5.233333333333334,0.0,1140.522851236535,0.04650000000000001,4.65,30.10.2024,ANG,THIRD
ABS C,C-3,0,Cylinder,5.446666666666666,5.233333333333334,0.0,1140.522851236535,0.0408,4.08,30.10.2024,MAK,FIRST
ABS C,C-3,0,Cylinder,5.446666666666666,5.233333333333334,0.0,1140.522851236535,0.0433,4.33,30.10.2024,MAK,SECOND
ABS C,C-5,0,Cylinder,5.406666666666666,5.276666666666666,0.0,1146.3828340883153,0.0501,5.01,30.10.2024,ANG,FIRST
ABS C,C-5,0,Cylinder,5.406666666666666,5.276666666666666,0.0,1146.3828340883153,0.0504,5.04,30.10.2024,ANG,THIRD
ABS C,C-5,0,Cylinder,5.406666666666666,5.276666666666666,0.0,1146.3828340883153,0.040999999999999995,4.1,30.10.2024,MAK,FIRST
ABS C,C-5,0,Cylinder,5.406666666666666,5.276666666666666,0.0,1146.3828340883153,0.0355,3.55,30.10.2024,MAK,SECOND
ABS C,C-6,0,Cylinder,5.539999999999999,5.37,0.0,1122.6643940626736,0.0482,4.82,30.10.2024,ANG,FIRST
ABS C,C-6,0,Cylinder,5.539999999999999,5.37,0.0,1122.6643940626736,0.0391,3.91,30.10.2024,ANG,SECOND
ABS C,C-6,0,Cylinder,5.539999999999999,5.37,0.0,1122.6643940626736,0.0441,4.41,30.10.2024,ANG,THIRD
ABS C,C-6,0,Cylinder,5.539999999999999,5.37,0.0,1122.6643940626736,0.041100000000000005,4.11,30.10.2024,MAK,FIRST
ABS C,C-6,0,Cylinder,5.539999999999999,5.37,0.0,1122.6643940626736,0.032400000000000005,3.2400000000000007,30.10.2024,MAK,SECOND
ABS C,C-9,0,Cylinder,5.333333333333333,3.266666666666667,0.0,1182.952505698218,0.0366,3.66,30.10.2024,ANG,FIRST
ABS C,C-9,0,Cylinder,5.333333333333333,3.266666666666667,0.0,1182.952505698218,0.0335,3.35,30.10.2024,ANG,SECOND
ABS C,C-9,0,Cylinder,5.333333333333333,3.266666666666667,0.0,1182.952505698218,0.0341,3.4099999999999997,30.10.2024,ANG,THIRD
ABS C,C-9,0,Cylinder,5.333333333333333,3.266666666666667,0.0,1182.952505698218,0.0298,2.98,30.10.2024,MAK,FIRST
ABS C,C-9,0,Cylinder,5.333333333333333,3.266666666666667,0.0,1182.952505698218,0.0288,2.88,30.10.2024,MAK,SECOND
ABS CUBE,CUBE-10,2,Cube,3.016666666666667,2.986666666666667,3.1966666666666668,1006.9005220348412,0.037000000000000005,3.7000000000000006,30.10.2024,ANG,FIRST
ABS CUBE,CUBE-10,2,Cube,3.016666666666667,2.986666666666667,3.1966666666666668,1006.9005220348412,0.0455,4.55,30.10.2024,ANG,SECOND
ABS CUBE,CUBE-10,2,Cube,3.016666666666667,2.986666666666667,3.1966666666666668,1006.9005220348412,0.0475,4.75,30.10.2024,ANG,THIRD
ABS CUBE,CUBE-10,2,Cube,3.016666666666667,2.986666666666667,3.1966666666666668,1006.9005220348412,0.031200000000000002,3.12,30.10.2024,MAK,FIRST
ABS CUBE,CUBE-10,2,Cube,3.016666666666667,2.986666666666667,3.1966666666666668,1006.9005220348412,0.0359,3.5900000000000003,30.10.2024,MAK,SECOND
ABS CUBE,CUBE-11,2,Cube,3.0566666666666666,3.0766666666666667,3.1833333333333336,1018.8006074278507,0.0352,3.52,30.10.2024,ANG,FIRST
ABS CUBE,CUBE-11,2,Cube,3.0566666666666666,3.0766666666666667,3.1833333333333336,1018.8006074278507,0.0297,2.97,30.10.2024,MAK,FIRST
ABS CUBE,CUBE-3,2,Cube,3.11,3.0833333333333335,3.783333333333333,1047.4375107433168,0.042300000000000004,4.23,30.10.2024,ANG,FIRST
ABS CUBE,CUBE-3,2,Cube,3.11,3.0833333333333335,3.783333333333333,1047.4375107433168,0.043,4.3,30.10.2024,ANG,SECOND
ABS CUBE,CUBE-3,2,Cube,3.11,3.0833333333333335,3.783333333333333,1047.4375107433168,0.044800000000000006,4.48,30.10.2024,ANG,THIRD
ABS CUBE,CUBE-3,2,Cube,3.11,3.0833333333333335,3.783333333333333,1047.4375107433168,0.035699999999999996,3.5699999999999994,30.10.2024,MAK,FIRST
ABS CUBE,CUBE-3,2,Cube,3.11,3.0833333333333335,3.783333333333333,1047.4375107433168,0.0378,3.7800000000000002,30.10.2024,MAK,SECOND
ABS CUBE,CUBE-5,2,Cube,3.0700000000000003,3.0533333333333332,3.796666666666667,1039.6488087554087,0.037000000000000005,3.7000000000000006,30.10.2024,ANG,FIRST
ABS CUBE,CUBE-5,2,Cube,3.0700000000000003,3.0533333333333332,3.796666666666667,1039.6488087554087,0.0412,4.12,30.10.2024,ANG,SECOND
ABS CUBE,CUBE-5,2,Cube,3.0700000000000003,3.0533333333333332,3.796666666666667,1039.6488087554087,0.0438,4.38,30.10.2024,ANG,THIRD
ABS CUBE,CUBE-5,2,Cube,3.0700000000000003,3.0533333333333332,3.796666666666667,1039.6488087554087,0.037000000000000005,3.7000000000000006,30.10.2024,MAK,SECOND
ABS CUBE,CUBE-9,2,Cube,5.1066666666666665,5.063333333333333,5.16,1039.5675862536796,0.0374,3.74,30.10.2024,ANG,FIRST
ABS CUBE,CUBE-9,2,Cube,5.1066666666666665,5.063333333333333,5.16,1039.5675862536796,0.0369,3.6900000000000004,30.10.2024,ANG,SECOND
ABS CUBE,CUBE-9,2,Cube,5.1066666666666665,5.063333333333333,5.16,1039.5675862536796,0.0388,3.88,30.10.2024,ANG,THIRD
ABS CUBE,CUBE-9,2,Cube,5.1066666666666665,5.063333333333333,5.16,1039.5675862536796,0.025699999999999997,2.57,30.10.2024,MAK,FIRST
ABS CUBE,CUBE-9,2,Cube,5.1066666666666665,5.063333333333333,5.16,1039.5675862536796,0.0319,3.19,30.10.2024,MAK,SECOND
ABS HC,HC-3,1,Half Cylinder,5.23,5.19,0.0,1117.5036553480402,0.0315,3.15,30.10.2024,ANG,FIRST
ABS HC,HC-3,1,Half Cylinder,5.23,5.19,0.0,1117.5036553480402,0.0302,3.02,30.10.2024,ANG,THIRD
ABS HC,HC-3,1,Half Cylinder,5.23,5.19,0.0,1117.5036553480402,0.0308,3.08,30.10.2024,MAK,FIRST
ABS HC,HC-5,1,Half Cylinder,5.16,5.25,0.0,1116.6912297209628,0.0294,2.94,30.10.2024,ANG,FIRST
ABS HC,HC-5,1,Half Cylinder,5.16,5.25,0.0,1116.6912297209628,0.0292,2.92,30.10.2024,ANG,THIRD
ABS HC,HC-5,1,Half Cylinder,5.16,5.25,0.0,1116.6912297209628,0.0271,2.71,30.10.2024,MAK,SECOND
ABS HC,HC-7,1,Half Cylinder,5.183333333333334,5.256666666666667,0.0,1141.1547117334012,0.030299999999999997,3.03,30.10.2024,ANG,SECOND
ABS HC,HC-7,1,Half Cylinder,5.183333333333334,5.256666666666667,0.0,1141.1547117334012,0.032400000000000005,3.2400000000000007,30.10.2024,ANG,THIRD
ABS HC,HC-9,1,Half Cylinder,5.256666666666667,5.333333333333333,0.0,1100.6620331881986,0.0305,3.05,30.10.2024,ANG,FIRST
ABS HC,HC-9,1,Half Cylinder,5.256666666666667,5.333333333333333,0.0,1100.6620331881986,0.0285,2.85,30.10.2024,ANG,SECOND
ABS HC,HC-9,1,Half Cylinder,5.256666666666667,5.333333333333333,0.0,1100.6620331881986,0.0317,3.17,30.10.2024,ANG,THIRD
ABS HC,HC-9,1,Half Cylinder,5.256666666666667,5.333333333333333,0.0,1100.6620331881986,0.0327,3.27,30.10.2024,MAK,FIRST
ABS HC,HC-9,1,Half Cylinder,5.256666666666667,5.333333333333333,0.0,1100.6620331881986,0.0246,2.46,30.10.2024,MAK,SECOND
PLA C,C-10,0,Cylinder,3.01,3.1633333333333336,0.0,1376.7922808301637,0.064,6.4,30.11.2024,ANG,FIRST
PLA C,C-10,0,Cylinder,3.01,3.1633333333333336,0.0,1376.7922808301637,0.060899999999999996,6.09,30.11.2024,ANG,SECOND
PLA C,C-10,0,Cylinder,3.01,3.1633333333333336,0.0,1376.7922808301637,0.065,6.5,30.11.2024,ANG,THIRD
PLA C,C-10,0,Cylinder,3.01,3.1633333333333336,0.0,1376.7922808301637,0.058899999999999994,5.89,30.11.2024,MAK,FIRST
PLA C,C-10,0,Cylinder,3.01,3.1633333333333336,0.0,1376.7922808301637,0.0542,5.42,30.11.2024,MAK,SECOND
PLA C,C-10,0,Cylinder,3.01,3.1633333333333336,0.0,1376.7922808301637,0.057699999999999994,5.77,30.11.2024,MAK,THIRD
PLA C,C-14,0,Cylinder,5.046666666666667,5.163333333333333,0.0,1304.8460557374005,0.0737,7.37,30.11.2024,ANG,FIRST
PLA C,C-14,0,Cylinder,5.046666666666667,5.163333333333333,0.0,1304.8460557374005,0.06559999999999999,6.559999999999999,30.11.2024,MAK,FIRST
PLA C,C-14,0,Cylinder,5.046666666666667,5.163333333333333,0.0,1304.8460557374005,0.0634,6.34,30.11.2024,MAK,SECOND
PLA C,C-17,0,Cylinder,5.003333333333333,5.223333333333334,0.0,1327.7343009704643,0.044199999999999996,4.42,30.11.2024,ANG,FIRST
PLA C,C-17,0,Cylinder,5.003333333333333,5.223333333333334,0.0,1327.7343009704643,0.0816,8.16,30.11.2024,ANG,SECOND
PLA C,C-17,0,Cylinder,5.003333333333333,5.223333333333334,0.0,1327.7343009704643,0.0839,8.39,30.11.2024,ANG,THIRD
PLA C,C-17,0,Cylinder,5.003333333333333,5.223333333333334,0.0,1327.7343009704643,0.0677,6.77,30.11.2024,MAK,THIRD
PLA C,C-18,0,Cylinder,5.053333333333334,5.1866666666666665,0.0,1341.8417370160662,0.0733,7.33,30.11.2024,ANG,FIRST
PLA C,C-18,0,Cylinder,5.053333333333334,5.1866666666666665,0.0,1341.8417370160662,0.048600000000000004,4.86,30.11.2024,ANG,SECOND
PLA C,C-18,0,Cylinder,5.053333333333334,5.1866666666666665,0.0,1341.8417370160662,0.0786,7.86,30.11.2024,ANG,THIRD
PLA C,C-18,0,Cylinder,5.053333333333334,5.1866666666666665,0.0,1341.8417370160662,0.06849999999999999,6.849999999999999,30.11.2024,MAK,FIRST
PLA C,C-18,0,Cylinder,5.053333333333334,5.1866666666666665,0.0,1341.8417370160662,0.0709,7.090000000000001,30.11.2024,MAK,SECOND
PLA C,C-18,0,Cylinder,5.053333333333334,5.1866666666666665,0.0,1341.8417370160662,0.0682,6.819999999999999,30.11.2024,MAK,THIRD
PLA C,C-22,0,Cylinder,3.0799999999999996,3.126666666666667,0.0,1286.2697627139228,0.0638,6.38,30.11.2024,ANG,FIRST
PLA C,C-22,0,Cylinder,3.0799999999999996,3.126666666666667,0.0,1286.2697627139228,0.067,6.7,30.11.2024,ANG,THIRD
PLA C,C-22,0,Cylinder,3.0799999999999996,3.126666666666667,0.0,1286.2697627139228,0.056600000000000004,5.66,30.11.2024,MAK,FIRST
PLA C,C-22,0,Cylinder,3.0799999999999996,3.126666666666667,0.0,1286.2697627139228,0.057800000000000004,5.78,30.11.2024,MAK,SECOND
PLA C,C-22,0,Cylinder,3.0799999999999996,3.126666666666667,0.0,1286.2697627139228,0.0581,5.81,30.11.2024,MAK,THIRD
PLA C,C-23,0,Cylinder,5.079999999999999,5.2299999999999995,0.0,1328.3740942968943,0.07690000000000001,7.690000000000001,30.11.2024,ANG,FIRST
PLA C,C-23,0,Cylinder,5.079999999999999,5.2299999999999995,0.0,1328.3740942968943,0.081,8.1,30.11.2024,ANG,SECOND
PLA C,C-23,0,Cylinder,5.079999999999999,5.2299999999999995,0.0,1328.3740942968943,0.0733,7.33,30.11.2024,ANG,THIRD
PLA C,C-23,0,Cylinder,5.079999999999999,5.2299999999999995,0.0,1328.3740942968943,0.0711,7.109999999999999,30.11.2024,MAK,FIRST
PLA C,C-23,0,Cylinder,5.079999999999999,5.2299999999999995,0.0,1328.3740942968943,0.067,6.7,30.11.2024,MAK,THIRD
PLA C,C-24,0,Cylinder,5.079999999999999,5.11,0.0,1383.2933822923117,0.06480000000000001,6.480000000000001,30.11.2024,MAK,FIRST
PLA C,C-26,0,Cylinder,3.0366666666666666,3.1533333333333338,0.0,1378.0519705812108,0.0721,7.21,30.11.2024,ANG,FIRST
PLA C,C-26,0,Cylinder,3.0366666666666666,3.1533333333333338,0.0,1378.0519705812108,0.0672,6.72,30.11.2024,ANG,SECOND
PLA C,C-26,0,Cylinder,3.0366666666666666,3.1533333333333338,0.0,1378.0519705812108,0.0727,7.2700000000000005,30.11.2024,ANG,THIRD
PLA C,C-26,0,Cylinder,3.0366666666666666,3.1533333333333338,0.0,1378.0519705812108,0.0662,6.619999999999999,30.11.2024,MAK,FIRST
PLA C,C-26,0,Cylinder,3.0366666666666666,3.1533333333333338,0.0,1378.0519705812108,0.0658,6.58,30.11.2024,MAK,SECOND
PLA CUBE,CUBE-10,2,Cube,3.016666666666667,2.986666666666667,3.1966666666666668,1006.9005220348412,0.0635,6.35,30.11.2024,ANG,FIRST
PLA CUBE,CUBE-10,2,Cube,3.016666666666667,2.986666666666667,3.1966666666666668,1006.9005220348412,0.0639,6.39,30.11.2024,ANG,SECOND
PLA CUBE,CUBE-10,2,Cube,3.016666666666667,2.986666666666667,3.1966666666666668,1006.9005220348412,0.0667,6.67,30.11.2024,ANG,THIRD
PLA CUBE,CUBE-10,2,Cube,3.016666666666667,2.986666666666667,3.1966666666666668,1006.9005220348412,0.0581,5.81,30.11.2024,MAK,FIRST
PLA CUBE,CUBE-10,2,Cube,3.016666666666667,2.986666666666667,3.1966666666666668,1006.9005220348412,0.053899999999999997,5.39,30.11.2024,MAK,SECOND
PLA CUBE,CUBE-10,2,Cube,3.016666666666667,2.986666666666667,3.1966666666666668,1006.9005220348412,0.056799999999999996,5.68,30.11.2024,MAK,THIRD
PLA CUBE,CUBE-13,2,Cube,3.0966666666666662,3.1233333333333335,1.0833333333333333,1059.3709927290636,0.0379,3.7900000000000005,30.11.2024,ANG,FIRST
PLA CUBE,CUBE-13,2,Cube,3.0966666666666662,3.1233333333333335,1.0833333333333333,1059.3709927290636,0.0374,3.74,30.11.2024,ANG,SECOND
PLA CUBE,CUBE-13,2,Cube,3.0966666666666662,3.1233333333333335,1.0833333333333333,1059.3709927290636,0.0373,3.73,30.11.2024,ANG,THIRD
PLA CUBE,CUBE-13,2,Cube,3.0966666666666662,3.1233333333333335,1.0833333333333333,1059.3709927290636,0.030299999999999997,3.03,30.11.2024,MAK,THIRD
PLA CUBE,CUBE-16,2,Cube,5.06,5.05,5.186666666666667,1075.1885516035675,0.0471,4.71,30.11.2024,ANG,SECOND
PLA CUBE,CUBE-16,2,Cube,5.06,5.05,5.186666666666667,1075.1885516035675,0.0662,6.619999999999999,30.11.2024,ANG,THIRD
PLA CUBE,CUBE-16,2,Cube,5.06,5.05,5.186666666666667,1075.1885516035675,0.06480000000000001,6.480000000000001,30.11.2024,MAK,SECOND
PLA CUBE,CUBE-16,2,Cube,5.06,5.05,5.186666666666667,1075.1885516035675,0.0622,6.22,30.11.2024,MAK,THIRD
PLA CUBE,CUBE-18,2,Cube,5.07,5.066666666666666,5.113333333333333,1071.9345210421966,0.0677,6.77,30.11.2024,ANG,FIRST
PLA CUBE,CUBE-18,2,Cube,5.07,5.066666666666666,5.113333333333333,1071.9345210421966,0.067,6.7,30.11.2024,ANG,THIRD
PLA CUBE,CUBE-18,2,Cube,5.07,5.066666666666666,5.113333333333333,1071.9345210421966,0.0672,6.72,30.11.2024,MAK,SECOND
PLA CUBE,CUBE-20,2,Cube,5.063333333333333,5.043333333333333,5.180000000000001,1028.9023828473678,0.0603,6.03,30.11.2024,MAK,SECOND
PLA CUBE,CUBE-21,2,Cube,3.1533333333333338,3.1300000000000003,1.0933333333333335,1047.156602238975,0.0431,4.31,30.11.2024,ANG,FIRST
PLA CUBE,CUBE-21,2,Cube,3.1533333333333338,3.1300000000000003,1.0933333333333335,1047.156602238975,0.039900000000000005,3.9900000000000007,30.11.2024,ANG,SECOND
PLA CUBE,CUBE-21,2,Cube,3.1533333333333338,3.1300000000000003,1.0933333333333335,1047.156602238975,0.0416,4.16,30.11.2024,ANG,THIRD
PLA CUBE,CUBE-21,2,Cube,3.1533333333333338,3.1300000000000003,1.0933333333333335,1047.156602238975,0.030600000000000002,3.06,30.11.2024,MAK,FIRST
PLA CUBE,CUBE-21,2,Cube,3.1533333333333338,3.1300000000000003,1.0933333333333335,1047.156602238975,0.0286,2.86,30.11.2024,MAK,SECOND
PLA CUBE,CUBE-21,2,Cube,3.1533333333333338,3.1300000000000003,1.0933333333333335,1047.156602238975,0.0366,3.66,30.11.2024,MAK,THIRD
PLA CUBE,CUBE-22,2,Cube,3.11,3.06,3.1533333333333338,1046.3523424230025,0.0642,6.419999999999999,30.11.2024,ANG,FIRST
PLA CUBE,CUBE-22,2,Cube,3.11,3.06,3.1533333333333338,1046.3523424230025,0.0641,6.41,30.11.2024,ANG,SECOND
PLA CUBE,CUBE-22,2,Cube,3.11,3.06,3.1533333333333338,1046.3523424230025,0.0639,6.39,30.11.2024,ANG,THIRD
PLA CUBE,CUBE-22,2,Cube,3.11,3.06,3.1533333333333338,1046.3523424230025,0.0562,5.62,30.11.2024,MAK,FIRST
PLA CUBE,CUBE-22,2,Cube,3.11,3.06,3.1533333333333338,1046.3523424230025,0.0602,6.02,30.11.2024,MAK,SECOND
PLA CUBE,CUBE-22,2,Cube,3.11,3.06,3.1533333333333338,1046.3523424230025,0.0576,5.76,30.11.2024,MAK,THIRD
PLA CUBE,CUBE-24,2,Cube,3.126666666666667,3.11,1.1300000000000001,1019.2896315735155,0.0395,3.95,30.11.2024,ANG,FIRST
PLA CUBE,CUBE-24,2,Cube,3.126666666666667,3.11,1.1300000000000001,1019.2896315735155,0.0415,4.15,30.11.2024,ANG,SECOND
PLA CUBE,CUBE-24,2,Cube,3.126666666666667,3.11,1.1300000000000001,1019.2896315735155,0.04019999999999999,4.02,30.11.2024,ANG,THIRD
PLA CUBE,CUBE-24,2,Cube,3.126666666666667,3.11,1.1300000000000001,1019.2896315735155,0.0368,3.6799999999999997,30.11.2024,MAK,FIRST
PLA CUBE,CUBE-24,2,Cube,3.126666666666667,3.11,1.1300000000000001,1019.2896315735155,0.0354,3.54,30.11.2024,MAK,SECOND
PLA CUBE,CUBE-26,2,Cube,5.01,5.01,5.193333333333334,1082.4438153740252,0.068,6.800000000000001,30.11.2024,ANG,FIRST
PLA CUBE,CUBE-8,2,Cube,5.206666666666666,5.156666666666666,5.052333333333333,1093.989292299615,0.0755,7.55,30.11.2024,ANG,SECOND
PLA CUBE,CUBE-8,2,Cube,5.206666666666666,5.156666666666666,5.052333333333333,1093.989292299615,0.0746,7.46,30.11.2024,MAK,SECOND
PLA CUBE,CUBE-9,2,Cube,5.1066666666666665,5.063333333333333,5.16,1039.5675862536796,0.069,6.9,30.11.2024,ANG,FIRST
PLA CUBE,CUBE-9,2,Cube,5.1066666666666665,5.063333333333333,5.16,1039.5675862536796,0.0716,7.16,30.11.2024,ANG,SECOND
PLA CUBE,CUBE-9,2,Cube,5.1066666666666665,5.063333333333333,5.16,1039.5675862536796,0.0704,7.04,30.11.2024,ANG,THIRD
PLA CUBE,CUBE-9,2,Cube,5.1066666666666665,5.063333333333333,5.16,1039.5675862536796,0.0632,6.32,30.11.2024,MAK,FIRST
PLA CUBE,CUBE-9,2,Cube,5.1066666666666665,5.063333333333333,5.16,1039.5675862536796,0.0643,6.43,30.11.2024,MAK,SECOND
PLA CUBE,CUBE-9,2,Cube,5.1066666666666665,5.063333333333333,5.16,1039.5675862536796,0.061900000000000004,6.19,30.11.2024,MAK,THIRD
BSP,BSP-12,4,Box Shape Prism,4.786666666666666,3.8266666666666667,2.8466666666666662,1112.3400108434828,0.0588,5.88,9.12.23,ANG,FIRST
BSP,BSP-12,4,Box Shape Prism,4.786666666666666,3.8266666666666667,2.8466666666666662,1112.3400108434828,0.0556,5.56,9.12.23,ANG,SECOND
BSP,BSP-12,4,Box Shape Prism,4.786666666666666,3.8266666666666667,2.8466666666666662,1112.3400108434828,0.059500000000000004,5.95,9.12.23,ANG,THIRD
BSP,BSP-17,4,Box Shape Prism,4.833333333333333,4.816666666666666,2.8666666666666667,1123.8043969887592,0.0613,6.13,9.12.23,ANG,FIRST
BSP,BSP-17,4,Box Shape Prism,4.833333333333333,4.816666666666666,2.8666666666666667,1123.8043969887592,0.0583,5.83,9.12.23,ANG,THIRD
BSP,BSP-17,4,Box Shape Prism,4.833333333333333,4.816666666666666,2.8666666666666667,1123.8043969887592,0.053899999999999997,5.39,9.12.23,MAK,THIRD
BSP,BSP-28,4,Box Shape Prism,3.84,2.8666666666666667,2.7833333333333337,1142.3374181868821,0.0545,5.45,9.12.23,ANG,FIRST
BSP,BSP-28,4,Box Shape Prism,3.84,2.8666666666666667,2.7833333333333337,1142.3374181868821,0.0555,5.55,9.12.23,ANG,SECOND
BSP,BSP-28,4,Box Shape Prism,3.84,2.8666666666666667,2.7833333333333337,1142.3374181868821,0.056600000000000004,5.66,9.12.23,ANG,THIRD
BSP,BSP-28,4,Box Shape Prism,3.84,2.8666666666666667,2.7833333333333337,1142.3374181868821,0.0504,5.04,9.12.23,MAK,THIRD
BSP,BSP-29,4,Box Shape Prism,2.8166666666666664,2.3200000000000003,1.7933333333333332,1109.3252344373993,0.049,4.9,9.12.23,ANG,FIRST
BSP,BSP-29,4,Box Shape Prism,2.8166666666666664,2.3200000000000003,1.7933333333333332,1109.3252344373993,0.04769999999999999,4.77,9.12.23,ANG,SECOND
BSP,BSP-29,4,Box Shape Prism,2.8166666666666664,2.3200000000000003,1.7933333333333332,1109.3252344373993,0.0481,4.81,9.12.23,ANG,THIRD
BSP,BSP-31,4,Box Shape Prism,2.3233333333333337,1.7966666666666666,1.7466666666666668,1056.0917720281186,0.053200000000000004,5.32,9.12.23,ANG,FIRST
BSP,BSP-31,4,Box Shape Prism,2.3233333333333337,1.7966666666666666,1.7466666666666668,1056.0917720281186,0.036000000000000004,3.6000000000000005,9.12.23,ANG,SECOND
C,C-15,0,Cylinder,2.813333333333333,2.9066666666666667,0.0,1429.482626045254,0.0552,5.52,9.12.23,ANG,SECOND
C,C-15,0,Cylinder,2.813333333333333,2.9066666666666667,0.0,1429.482626045254,0.0546,5.46,9.12.23,ANG,THIRD
C,C-16,0,Cylinder,2.8066666666666666,2.89,0.0,1399.6415848421786,0.0366,3.66,9.12.23,ANG,FIRST
C,C-16,0,Cylinder,2.8066666666666666,2.89,0.0,1399.6415848421786,0.0493,4.93,9.12.23,MAK,FIRST
C,C-25,0,Cylinder,4.77,2.8466666666666662,0.0,1426.340059770645,0.0678,6.78,9.12.23,ANG,FIRST
C,C-25,0,Cylinder,4.77,2.8466666666666662,0.0,1426.340059770645,0.057999999999999996,5.8,9.12.23,ANG,SECOND
C,C-25,0,Cylinder,4.77,2.8466666666666662,0.0,1426.340059770645,0.057,5.7,9.12.23,ANG,THIRD
C,C-25,0,Cylinder,4.77,2.8466666666666662,0.0,1426.340059770645,0.060899999999999996,6.09,9.12.23,MAK,FIRST
C,C-25,0,Cylinder,4.77,2.8466666666666662,0.0,1426.340059770645,0.05,5.0,9.12.23,MAK,SECOND
C,C-27,0,Cylinder,4.813333333333333,2.856666666666667,0.0,1394.1934659589124,0.0557,5.57,9.12.23,ANG,FIRST
C,C-27,0,Cylinder,4.813333333333333,2.856666666666667,0.0,1394.1934659589124,0.0675,6.75,9.12.23,ANG,SECOND
C,C-27,0,Cylinder,4.813333333333333,2.856666666666667,0.0,1394.1934659589124,0.0375,3.75,9.12.23,ANG,THIRD
C,C-27,0,Cylinder,4.813333333333333,2.856666666666667,0.0,1394.1934659589124,0.0507,5.07,9.12.23,MAK,FIRST
C,C-27,0,Cylinder,4.813333333333333,2.856666666666667,0.0,1394.1934659589124,0.0571,5.71,9.12.23,MAK,THIRD
C,C-29,0,Cylinder,2.8299999999999996,1.0266666666666666,0.0,1476.0484037103697,0.0301,3.01,9.12.23,MAK,SECOND
HC,HC-16,1,Half Cylinder,3.7733333333333334,1.8633333333333333,0.0,1121.506455629814,0.0252,2.52,9.12.23,ANG,FIRST
HC,HC-22,1,Half Cylinder,3.6633333333333336,1.87,0.0,1108.7013105227345,0.0434,4.34,9.12.23,ANG,FIRST
HC,HC-22,1,Half Cylinder,3.6633333333333336,1.87,0.0,1108.7013105227345,0.044800000000000006,4.48,9.12.23,ANG,SECOND
HC,HC-24,1,Half Cylinder,3.7133333333333334,1.8033333333333335,0.0,1138.1724235527815,0.04769999999999999,4.77,9.12.23,ANG,FIRST
HC,HC-24,1,Half Cylinder,3.7133333333333334,1.8033333333333335,0.0,1138.1724235527815,0.042300000000000004,4.23,9.12.23,ANG,SECOND
HC,HC-24,1,Half Cylinder,3.7133333333333334,1.8033333333333335,0.0,1138.1724235527815,0.0431,4.31,9.12.23,ANG,THIRD
HC,HC-24,1,Half Cylinder,3.7133333333333334,1.8033333333333335,0.0,1138.1724235527815,0.0533,5.33,9.12.23,MAK,FIRST
HC,HC-31,1,Half Cylinder,2.6666666666666665,1.3333333333333333,0.0,1099.4040757852938,0.0374,3.74,9.12.23,ANG,FIRST
