category,code,shape_enc,shape_name,a,b,c,density,velocity_mean,velocity_std,measurement_count,volume,surface_area,aspect_ratio,vol_surf_ratio,dim_a,dim_b,dim_c,corey_sf,sphericity,flatness,elongation,powers_roundness
ABS C,C-1,0,Cylinder,5.44,5.293333333333333,0.0,1175.7719647634667,4.62,1.3010764773832468,2,123.0316714408338,136.9499824713682,1.0275136938865457,0.8983628245715984,5.44,5.293333333333333,5.293333333333333,0.9864275014851697,0.8735077440815741,1.0,0.9730392156862744,0.9819443956439807
ABS C,C-10,0,Cylinder,3.3433333333333333,3.16,0.0,1193.9853891589855,2.8825000000000003,0.6323698812140462,4,27.7419075804191,50.74888630036156,1.0576821680902668,0.5466397976978612,3.3433333333333333,3.16,3.16,0.9721957140825906,0.8732698956236626,1.0,0.9451645064805584,0.9631004879168976
ABS C,C-11,0,Cylinder,5.489999999999999,3.27,0.0,1100.001055228801,3.61,0.0,1,77.40737193369245,103.74277216427087,1.6783858147355548,0.7461399399582597,5.489999999999999,3.27,3.27,0.7717696646672156,0.8466706223559587,1.0,0.5956284153005466,0.7079190600821605
ABS C,C-12,0,Cylinder,3.3866666666666667,3.293333333333333,0.0,1093.4213870778954,3.06,0.5028584956691758,4,29.666784553974978,53.05577523918507,1.028027926742892,0.5591516713979364,3.3866666666666667,3.293333333333333,3.293333333333333,0.9861242035777692,0.8735044293757906,1.0,0.9724409448818897,0.9815418569651401
ABS C,C-13,0,Cylinder,5.493333333333333,3.28,0.0,1113.5798390396526,2.96,0.0,1,77.73840582765787,104.00710227948544,1.6742862948288124,0.7474264420166331,5.493333333333333,3.28,3.28,0.772714293022186,0.8469248605773446,1.0,0.5970873786407767,0.7090745979360394
ABS C,C-14,0,Cylinder,5.396666666666667,3.2533333333333334,0.0,1131.052140242979,3.8,0.0,1,74.41656720445049,100.90532058613366,1.6583017515108065,0.7374817233666595,5.396666666666667,3.2533333333333334,3.2533333333333334,0.7764285286084354,0.8479101086203806,1.0,0.6028412600370598,0.7136226829975612
ABS C,C-15,0,Cylinder,5.426666666666667,3.313333333333334,0.0,1123.476821663564,3.235,0.2973774257292125,4,76.63396613120723,102.74488016444316,1.6373327969425724,0.745859259841424,5.426666666666667,3.313333333333334,3.313333333333334,0.7813866588092676,0.8491898664704434,1.0,0.6105651105651106,0.7197052254232054
ABS C,C-16,0,Cylinder,5.460000000000001,3.266666666666666,0.0,1119.9705245307755,3.9033333333333338,1.1412741417672911,6,76.48565456726861,102.8613983453063,1.670917066204224,0.7435725376585944,5.460000000000001,3.266666666666666,3.266666666666666,0.7734924681537617,0.8471331800717964,1.0,0.598290598290598,0.7100268719598126
ABS C,C-17,0,Cylinder,5.433333333333334,5.316666666666667,0.0,1131.5340601175835,3.856666666666667,0.3955165398985651,3,123.27131061583096,137.12353801218651,1.0217513947219956,0.8989733887371464,5.433333333333334,5.316666666666667,5.316666666666667,0.9892055435358029,0.8735346230888423,1.0,0.9785276073619633,0.9856333471721652
ABS C,C-2,0,Cylinder,5.489999999999999,5.286666666666666,0.0,1118.5102892141804,4.613333333333333,0.3008875759039133,3,125.14586328933356,138.52491522849027,1.0382651453066885,0.9034111998676412,5.489999999999999,5.286666666666666,5.286666666666666,0.9813067629253163,0.8734416494605234,1.0,0.962962962962963,0.9751536617032364
ABS C,C-3,0,Cylinder,5.446666666666666,5.233333333333334,0.0,1140.522851236535,4.516,0.3385705244110894,5,121.93541873483838,136.14817821300198,1.040565497038782,0.8956015771470428,5.446666666666666,5.233333333333334,5.233333333333334,0.9802205432153998,0.8734248407507476,1.0,0.9608323133414935,0.9737147155864228
ABS C,C-4,0,Cylinder,5.396666666666666,5.239999999999999,0.0,1165.029569507883,3.66,0.1555634918610404,2,119.8594709481517,134.58752224916114,1.0297017108694269,0.8905623521614879,5.396666666666666,5.239999999999999,5.239999999999999,0.985377965251889,0.8734959537749843,1.0,0.9709697344039532,0.9805516209776017
ABS C,C-5,0,Cylinder,5.406666666666666,5.276666666666666,0.0,1146.3828340883151,4.425,0.7284000732198391,4,121.14590310702488,135.54464335766232,1.024442619844628,0.8937646397631456,5.406666666666666,5.276666666666666,5.276666666666666,0.9879046565117422,0.8735228162705619,1.0,0.9759556103575833,0.9839054736944605
ABS C,C-6,0,Cylinder,5.539999999999999,5.37,0.0,1122.6643940626736,4.098000000000001,0.5895506763629397,5,129.44452807918535,141.67200566922386,1.0314652764848258,0.9136851968921348,5.539999999999999,5.37,5.37,0.9845374951835927,0.8734858617010129,1.0,0.9693140794223828,0.9794366415623461
ABS C,C-7,0,Cylinder,5.443333333333334,5.36,0.0,1164.0331017352394,3.4799999999999995,0.0,1,124.73390851359645,138.20244819589186,1.0153578312503886,0.9025383240568392,5.443333333333334,5.36,5.36,0.9923158535541704,0.8735573230624968,1.0,0.9846907532149417,0.9897676152404887
ABS C,C-8,0,Cylinder,5.296666666666667,5.336666666666666,0.0,1184.934350049543,4.45,0.4649014232429637,4,117.58860644866522,132.87015317178378,0.992318741022919,0.8849822075122628,5.336666666666666,5.296666666666667,5.296666666666667,0.996245293375152,0.8735749751404508,1.0,0.9925046845721426,0.9949968599675821
ABS C,C-9,0,Cylinder,5.333333333333333,3.266666666666667,0.0,1182.952505698218,3.256,0.3214498405661447,5,72.97803379005624,99.413954193597,1.6321534224217074,0.7340750129798532,5.333333333333333,3.266666666666667,3.266666666666667,0.7826237921249264,0.8495029312120264,1.0,0.6125000000000002,0.7212249274664975
ABS CUBE,CUBE-1,2,Cube,5.2,5.113333333333333,5.13,1035.8988434882212,3.778,0.571987762106848,5,136.40328,158.99346666666668,1.016750309587434,0.8579121202121498,5.2,5.13,5.113333333333333,0.9900195039241975,0.8059746608669373,0.9967511371020144,0.9865384615384615,0.9899310069411817
ABS CUBE,CUBE-10,2,Cube,3.016666666666667,2.986666666666667,3.1966666666666668,1006.9005220348412,3.942,0.6856894340734728,5,28.8012562962963,56.40086666666668,1.0097065714604487,0.5106436718931814,3.1966666666666668,3.016666666666667,2.986666666666667,0.9617770650192863,0.8056368107913839,0.9900552486187845,0.9436913451511992,0.9588995721310796
ABS CUBE,CUBE-11,2,Cube,3.056666666666666,3.0766666666666667,3.1833333333333336,1018.8006074278508,3.245,0.388908729652601,2,29.937163148148144,57.85757777777778,0.9931766489764972,0.5174196168998534,3.1833333333333336,3.0766666666666667,3.056666666666666,0.9767126203087787,0.8058687333773662,0.9934994582881905,0.9664921465968586,0.9754120081961384
ABS CUBE,CUBE-2,2,Cube,5.063333333333333,5.043333333333333,5.180000000000001,1028.9023828473678,3.2350000000000003,0.3850973902793942,4,132.27688288888888,155.7772222222222,1.0037666027886076,0.8491359125936873,5.180000000000001,5.063333333333333,5.043333333333333,0.9847693743174745,0.8059401724815546,0.9960500329163925,0.9774774774774773,0.9836295282625105
ABS CUBE,CUBE-3,2,Cube,3.11,3.083333333333333,3.783333333333333,1047.4375107433168,4.072,0.3810118108405566,5,36.27901388888888,66.04122222222222,1.0083216254187832,0.5493306050001682,3.783333333333333,3.11,3.083333333333333,0.8988826132252715,0.8024894622557268,0.9914255091103965,0.8220264317180617,0.875005033131822
ABS CUBE,CUBE-4,2,Cube,5.05,5.04,5.193333333333334,1028.894380360464,3.5316666666666667,0.3178941123497991,6,132.18072,155.70546666666667,1.0017853600476094,0.8489096363799064,5.193333333333334,5.05,5.04,0.9841510226067215,0.8059207532977732,0.998019801980198,0.9724005134788188,0.9808663576874248
ABS CUBE,CUBE-5,2,Cube,3.0700000000000003,3.053333333333333,3.796666666666667,1039.6488087554087,3.975000000000001,0.3348133808556638,4,35.588940888888885,65.24397777777779,1.0051293244570558,0.5454663653975579,3.796666666666667,3.0700000000000003,3.053333333333333,0.8943423500899418,0.8019618996009354,0.9945711183496198,0.8086040386303776,0.866368297248463
ABS CUBE,CUBE-6,2,Cube,5.06,5.05,5.186666666666667,1075.1885516035677,3.855,0.2192031021678293,2,132.53489333333334,155.9804,1.0017818253811126,0.8496839580445703,5.186666666666667,5.06,5.05,0.985761723417928,0.8059366702531913,0.9980237154150198,0.9755784061696656,0.9830035201054754
ABS CUBE,CUBE-7,2,Cube,2.983333333333334,2.9633333333333334,3.1466666666666665,1089.2049392415097,3.24,0.3218695387886216,3,27.818456296296297,55.10557777777778,1.00640953558979,0.504811901194023,3.1466666666666665,2.983333333333334,2.9633333333333334,0.9671731828031457,0.8057072071442366,0.9932960893854748,0.9480932203389832,0.9629275283260901
ABS CUBE,CUBE-8,2,Cube,5.206666666666666,5.156666666666666,5.052333333333333,1093.989292299615,3.9683333333333337,0.5068892055140517,6,135.6503222148148,158.41611777777774,1.0095004200866025,0.8562857607667155,5.206666666666666,5.156666666666666,5.052333333333333,0.9750515544251201,0.8059324544049219,0.9797672915319975,0.9903969270166454,0.9868409629814099
ABS CUBE,CUBE-9,2,Cube,5.1066666666666665,5.063333333333333,5.16,1039.5675862536796,3.414,0.5390083487294052,5,133.42085866666665,156.6679111111111,1.0083591127492926,0.8516103017531238,5.16,5.1066666666666665,5.063333333333333,0.9863769456380543,0.8059718850841945,0.9915143603133159,0.9896640826873384,0.9902804579300446
ABS HC,HC-1,1,Half Cylinder,5.266666666666667,5.216666666666666,0.0,1098.045142942569,2.7920000000000003,0.2921814504721338,5,56.82306261185064,82.68666666666665,1.0093911710215295,0.6872011861323613,5.266666666666667,5.216666666666666,5.216666666666666,0.9952418445352487,0.8644337833227671,1.0,0.9905063291139239,0.9936608291647453
ABS HC,HC-2,1,Half Cylinder,2.8366666666666664,3.2133333333333334,0.0,1260.5331733890926,2.5383333333333336,1.066347348037527,6,10.153885823309148,26.276988888888887,0.8825054443637872,0.3864026987088997,3.2133333333333334,2.8366666666666664,2.8366666666666664,0.9395637727092034,0.862972011898974,1.0,0.8827800829875518,0.9202412233398949
ABS HC,HC-3,1,Half Cylinder,5.23,5.19,0.0,1117.5036553480402,3.083333333333333,0.065064070986477,3,55.74817071422661,81.64030000000001,1.007513003274899,0.6828427611298031,5.23,5.19,5.19,0.9961685682873128,0.864436865873857,1.0,0.9923518164435946,0.9948946893581578
ABS HC,HC-4,1,Half Cylinder,5.21,5.266666666666667,0.0,1095.4839831311465,3.2099999999999995,0.0,1,56.139839222635246,82.02276666666667,0.9890527115104726,0.684433811126717,5.266666666666667,5.21,5.21,0.9946057039496172,0.8644313058121328,1.0,0.989240506329114,0.9928140793527647
ABS HC,HC-5,1,Half Cylinder,5.16,5.25,0.0,1116.6912297209628,2.856666666666667,0.1274100990241091,3,54.89320551580714,80.8056,0.9826699676252142,0.679315866721371,5.25,5.16,5.16,0.9913915184512841,0.8644138699006636,1.0,0.9828571428571429,0.9885385242083341
ABS HC,HC-6,1,Half Cylinder,5.25,5.22,0.0,1113.267611371968,2.932,0.2578177650977526,5,56.50007125325605,82.3725,1.0055544914767285,0.6859010634883311,5.25,5.22,5.22,0.9971387638065798,0.8644393760025899,1.0,0.9942857142857142,0.9961868388274627
ABS HC,HC-7,1,Half Cylinder,5.183333333333334,5.256666666666667,0.0,1141.1547117334012,3.135,0.1484924240491756,2,55.46111565584175,81.36105555555557,0.9858619159322892,0.6816582407750482,5.256666666666667,5.183333333333334,5.183333333333334,0.9930002321258049,0.8644236052138975,1.0,0.9860494610019024,0.99067788132064
ABS HC,HC-8,1,Half Cylinder,5.163333333333333,5.38,0.0,1104.2417224680005,2.528,0.8566037590391489,5,56.3251669219918,82.21747777777777,0.9595490305395526,0.6850670122381604,5.38,5.163333333333333,5.163333333333333,0.9796567691686425,0.8642810015182798,1.0,0.959727385377943,0.9729680775490589
ABS HC,HC-9,1,Half Cylinder,5.256666666666667,5.333333333333333,0.0,1100.6620331881986,2.96,0.3203123475609393,5,57.87346575110675,83.70365555555556,0.9854402299568832,0.6914007992386467,5.333333333333333,5.256666666666667,5.256666666666667,0.9927864825832391,0.8644224282847152,1.0,0.9856250000000001,0.9903935586659267
BSP,BSP-10,4,Box Shape Prism,4.8133333333333335,3.826666666666666,2.833333333333333,1111.383003306045,5.3500000000000005,0.0200000000000001,3,52.18722962962962,85.79804444444444,1.2575111033701996,0.6082495436580446,4.8133333333333335,3.826666666666666,2.833333333333333,0.6601830732708053,0.7871356162592298,0.740418118466899,0.7950138504155123,0.7763820318585422
BSP,BSP-11,4,Box Shape Prism,4.83,3.856666666666667,2.8800000000000003,1118.4061013079086,5.462,0.9701133954337507,5,53.64777600000001,87.29060000000001,1.252052190443273,0.6145811968161885,4.83,3.856666666666667,2.8800000000000003,0.6672873168291447,0.7880451992132906,0.7467588591184097,0.7984817115251899,0.780854486907449
BSP,BSP-12,4,Box Shape Prism,4.786666666666666,3.826666666666666,2.8466666666666662,1112.3400108434828,5.796666666666667,0.2079262689833428,3,52.14233007407405,85.6725333333333,1.250544282852913,0.6086165475538622,4.786666666666666,3.826666666666666,2.8466666666666662,0.665134854970956,0.7878365739752854,0.7439024390243902,0.7994428969359332,0.7804833205112206
BSP,BSP-16,4,Box Shape Prism,3.84,2.856666666666667,2.7566666666666664,1124.356074662182,6.2,2.090334901397381,5,30.239530666666663,58.86015555555555,1.343753645165053,0.5137434082163977,3.84,2.856666666666667,2.7566666666666664,0.8323171799537455,0.7974670539004213,0.9649941656942822,0.7439236111111112,0.8113230060501392
BSP,BSP-17,4,Box Shape Prism,4.833333333333333,4.816666666666666,2.8666666666666667,1123.8043969887592,5.783333333333334,0.3722006627255432,3,66.73759259259258,101.88777777777776,1.0032519200166057,0.6550043493322601,4.833333333333333,4.816666666666666,2.8666666666666667,0.5941286926854648,0.7809245186978963,0.5951557093425606,0.996551724137931,0.8392218151938283
BSP,BSP-18,4,Box Shape Prism,3.8233333333333337,2.81,2.33,1118.5454286106954,4.52,0.0,1,25.03251033333333,52.39846666666666,1.3601328115735802,0.4777245251860071,3.8233333333333337,2.81,2.33,0.7108560753542703,0.7897721508398686,0.8291814946619217,0.7349607672188316,0.7651136878149735
BSP,BSP-21,4,Box Shape Prism,3.83,3.79,2.853333333333333,1134.7687412127857,6.338333333333334,0.6465111496847266,6,41.41813066666666,72.5162,1.0102875230809814,0.5711490607285811,3.83,3.79,2.853333333333333,0.748916705201321,0.7983182954666578,0.752858399296394,0.9895561357702349,0.9033680447414209
BSP,BSP-23,4,Box Shape Prism,4.826666666666667,4.816666666666666,1.0266666666666666,1256.8918015399502,3.93,0.0,1,23.86840296296296,66.29786666666666,1.0018681242648586,0.3600122319279911,4.826666666666667,4.816666666666666,1.0266666666666666,0.21292787113890982,0.6046909628877956,0.21314878892733563,0.99792817679558,0.5965229358582405
BSP,BSP-24,4,Box Shape Prism,3.773333333333333,3.76,0.9866666666666668,1328.7077582055404,3.7266666666666666,0.8140229316999206,3,13.998563555555554,43.24124444444444,1.0032792696977757,0.3237242593533792,3.773333333333333,3.76,0.9866666666666668,0.26194731294152734,0.6495933784840954,0.26241134751773054,0.9964664310954064,0.6387084360265141
BSP,BSP-25,4,Box Shape Prism,3.85,2.813333333333333,2.3266666666666667,1150.7524510145404,5.4433333333333325,0.4240597442185082,6,25.200902222222226,52.66937777777778,1.3679971574085044,0.4784644288777963,3.85,2.813333333333333,2.3266666666666667,0.7069573388370747,0.789229535577706,0.8270142180094787,0.7307359307359307,0.7615141313849291
BSP,BSP-27,4,Box Shape Prism,2.8800000000000003,2.78,1.7966666666666669,1112.2827155715129,4.7125,0.2376797565352727,4,14.384832000000005,36.35106666666668,1.0355987055016185,0.3957087813439309,2.8800000000000003,2.78,1.7966666666666669,0.6349636570798672,0.7868709185956957,0.6462829736211032,0.9652777777777776,0.8444535717535822
BSP,BSP-28,4,Box Shape Prism,3.84,2.8666666666666667,2.7833333333333337,1142.337418186882,5.425,0.2706165799305975,4,30.63893333333333,59.349777777777774,1.339067767058003,0.5162347399734536,3.84,2.8666666666666667,2.7833333333333337,0.8389015760672796,0.7978369058218857,0.9709302325581396,0.7465277777777778,0.8148793695885037
BSP,BSP-29,4,Box Shape Prism,2.8166666666666664,2.3200000000000003,1.7933333333333332,1109.325234437399,4.826666666666667,0.0665832811847943,3,11.718835555555556,31.492844444444444,1.2135573746948152,0.3720992391458507,2.8166666666666664,2.3200000000000003,1.7933333333333332,0.7015349325922998,0.7922493225498651,0.7729885057471263,0.8236686390532546,0.8064164267441536
BSP,BSP-31,4,Box Shape Prism,2.3233333333333337,1.7966666666666666,1.7466666666666668,1056.0917720281186,4.460000000000001,1.216223663640862,2,7.291033037037038,22.741044444444448,1.292416094937883,0.3205970797765339,2.3233333333333337,1.7966666666666666,1.7466666666666668,0.8549102327322736,0.7995882955700818,0.9721706864564008,0.7733142037302725,0.8346123984042146
BSP,BSP-46,4,Box Shape Prism,4.78,3.8166666666666655,1.0266666666666666,1217.2877642172923,4.140000000000001,0.3535533905932729,2,18.73016444444444,54.13915555555555,1.2520736924823197,0.3459569750446064,4.78,3.8166666666666655,1.0266666666666666,0.24036619990561695,0.6299900745278029,0.268995633187773,0.7984658298465827,0.555587714143525
BSP,BSP-47,4,Box Shape Prism,4.76,4.7,2.353333333333333,1179.5146604238705,5.140000000000001,0.0424264068711922,2,52.64877333333333,89.26906666666665,1.012550521165709,0.5897696204252116,4.76,4.7,2.353333333333333,0.4975434817786329,0.7609836075694402,0.500709219858156,0.9873949579831933,0.7873886186047296
BSP,BSP-49,4,Box Shape Prism,2.853333333333333,2.303333333333333,1.78,1094.159573751902,3.8,0.3394112549695426,2,11.69847644444444,31.50208888888888,1.2382467814262983,0.3713437906265276,2.853333333333333,2.303333333333333,1.78,0.694329073885496,0.7910992543290545,0.7727930535455863,0.8072429906542055,0.7955923374677951
BSP,BSP-50,4,Box Shape Prism,2.833333333333333,2.856666666666667,2.78,1115.505426669715,5.335,0.1909188309203675,2,22.50101111111111,47.82417777777778,0.99148489443602,0.4704846308290427,2.856666666666667,2.833333333333333,2.78,0.9771611159493812,0.8059435707104653,0.9811764705882353,0.9918319719953324,0.9882673423135235
BSP,BSP-6,4,Box Shape Prism,4.8566666666666665,3.8333333333333335,2.31,1116.1289547491092,5.595,1.5250934397603315,6,43.00578333333333,77.38224444444444,1.266626097539772,0.5557505845365319,4.8566666666666665,3.8333333333333335,2.31,0.5353706251797835,0.7671154165362614,0.6026086956521739,0.789293067947838,0.7213908959160772
BSP,BSP-8,4,Box Shape Prism,4.863333333333333,4.846666666666667,2.333333333333333,1127.2953490918535,4.826666666666667,0.6013595707505892,3,54.99889629629629,92.45524444444445,1.003231795365468,0.5948640530099002,4.863333333333333,4.846666666666667,2.333333333333333,0.4806048960966112,0.7564645074149986,0.4814305364511691,0.9965729952021933,0.7819589490495817
BSP,BSP-9,4,Box Shape Prism,4.87,4.846666666666667,2.333333333333333,1125.752165862433,5.014,0.5186810195100644,5,55.07428888888888,92.55097777777776,1.0046070274358798,0.5950633385828359,4.87,4.846666666666667,2.333333333333333,0.48027582731712204,0.7563724678603692,0.4814305364511691,0.9952087611225188,0.7812451571582516
C,C-11,0,Cylinder,3.813333333333333,2.873333333333333,0.0,1411.3665063431592,6.06,0.0,1,32.81598405057665,57.26411313159378,1.326684448567784,0.5730536841019829,3.813333333333333,2.873333333333333,2.873333333333333,0.8680417636821994,0.8656158633255785,1.0,0.7534965034965035,0.8280454229077074
C,C-13,0,Cylinder,2.8200000000000003,2.883333333333333,0.0,1396.3115951266675,6.23,0.0,1,18.00872435576872,38.035890575542346,0.9776955969028086,0.4734541673432239,2.883333333333333,2.8200000000000003,2.8200000000000003,0.9889563600487764,0.8735327038458435,1.0,0.9780346820809251,0.985302316216342
C,C-14,0,Cylinder,2.8266666666666667,2.9166666666666665,0.0,1389.9875477865692,5.585,1.0617124532251343,4,18.303151510381067,38.45141856385715,0.9688106934765224,0.4759948058919985,2.9166666666666665,2.8266666666666667,2.8266666666666667,0.9844505356506528,0.8734854484659967,1.0,0.9691428571428572,0.9793212979287591
C,C-15,0,Cylinder,2.813333333333333,2.9066666666666667,0.0,1429.482626045254,5.49,0.0424264068711928,2,18.06872447030679,38.12273815912158,0.9675570331308035,0.4739494431236309,2.9066666666666667,2.813333333333333,2.813333333333333,0.9838139601860103,0.8734774586542878,1.0,0.9678899082568806,0.9784770439456224
C,C-16,0,Cylinder,2.806666666666666,2.89,0.0,1399.6415848421786,4.295,0.898025612106915,2,17.880077532867613,37.85605184941684,0.9708290095699296,0.4723050702413068,2.89,2.806666666666666,2.806666666666666,0.9854770096571813,0.8734976451202333,1.0,0.9711649365628602,0.9806830355650382
C,C-18,0,Cylinder,3.77,1.0033333333333332,0.0,1572.996762477667,4.11,0.169705627484771,2,11.199994841740097,34.20885476481682,3.753733820112845,0.3273908912720304,3.77,1.0033333333333332,1.0033333333333332,0.515883865504521,0.7076591683185587,1.0,0.2661361626878868,0.41374801871295724
C,C-19,0,Cylinder,4.79,2.853333333333333,0.0,1404.1639357964625,6.13,0.2083266665599963,6,51.41779141563708,78.97812087479817,1.678150181011328,0.651030181725462,4.79,2.853333333333333,2.853333333333333,0.7718066181438954,0.8466805961041632,1.0,0.5956854558107167,0.7079642553961463
C,C-22,0,Cylinder,4.833333333333333,2.303333333333333,0.0,1408.665925060924,4.578,0.5321841786449499,5,42.26103889752984,71.67020040389512,2.0974974685375383,0.5896516126334208,4.833333333333333,2.303333333333333,2.303333333333333,0.69032725872439,0.8186638590691384,1.0,0.47655172413793095,0.6101079677910827
C,C-23,0,Cylinder,2.81,0.9966666666666668,0.0,1563.7521690626409,3.3300000000000005,0.0,1,6.180910496542584,21.20161398140388,2.8165720013364512,0.2915164376413049,2.81,0.9966666666666668,0.9966666666666668,0.5955549063693399,0.7682162767663349,1.0,0.35468564650059314,0.5010669321369738
C,C-24,0,Cylinder,3.826666666666666,2.29,0.0,1416.140087392895,3.27,0.5091168824543141,2,26.33701980885783,50.531749888120935,1.670304088462098,0.5211871482784484,3.826666666666666,2.29,2.29,0.7735839034966595,0.8471575912829944,1.0,0.598432055749129,0.7101387848436351
C,C-25,0,Cylinder,4.77,2.8466666666666662,0.0,1426.340059770645,5.8740000000000006,0.6455850060216706,5,50.87017778219597,78.39860174996595,1.675055601076905,0.6488576044612122,4.77,2.8466666666666662,2.8466666666666662,0.7725189089659832,0.846872397062016,1.0,0.5967854647099929,0.7088355513551998
C,C-27,0,Cylinder,4.813333333333333,2.856666666666667,0.0,1394.1934659589124,5.37,1.0925200226998129,5,51.98060448157976,79.58966679140445,1.68435786772425,0.6530992461441911,4.813333333333333,2.856666666666667,2.856666666666667,0.7703832193844447,0.8462947662193869,1.0,0.5934903047091414,0.7062239134558618
C,C-29,0,Cylinder,2.83,1.0266666666666666,0.0,1476.0484037103697,3.01,0.0,1,6.4579133601893925,21.708143436917663,2.753811222834901,0.2974743512545655,2.83,1.0266666666666666,1.0266666666666666,0.6023119962873176,0.7725434560034412,1.0,0.36277974087161363,0.5086612851276091
C,C-30,0,Cylinder,4.763333333333334,2.8766666666666665,0.0,1455.4758977433785,5.6625,0.7545141924885616,4,51.26268746658205,78.68808205970174,1.6552762654928763,0.6514587046229465,4.763333333333334,2.8766666666666665,2.8766666666666665,0.7771221424928606,0.8480915670755945,1.0,0.6039188243526941,0.7144728188277695
C,C-49,0,Cylinder,3.813333333333333,2.29,0.0,1430.647883703563,5.51,0.8343860018001259,2,26.15380631409068,50.27581480660849,1.6644842135894078,0.5201961662585867,3.813333333333333,2.29,2.29,0.7749351427858177,0.8475167212411702,1.0,0.6005244755244756,0.7117931568549235
HC,HC-11,1,Half Cylinder,4.663333333333333,2.31,0.0,1138.4927130648057,3.7466666666666666,0.5208006656421761,3,19.7271699085955,43.29127777777778,2.017885475263234,0.4556741045101949,4.663333333333333,2.31,2.31,0.7038137709366835,0.8155681241070707,1.0,0.4953538241601144,0.6260519127213964
HC,HC-12,1,Half Cylinder,3.6533333333333338,1.846666666666667,0.0,1153.6296910982069,3.714,0.1879627622695513,5,9.67892210175872,26.83982222222223,1.97726862709724,0.360604530726532,3.6533333333333338,1.846666666666667,1.846666666666667,0.710967265459349,0.818318719419919,1.0,0.5054744525547445,0.6345504265566119
HC,HC-14,1,Half Cylinder,3.706666666666667,1.81,0.0,1130.6910809482663,3.37,0.1555634918610402,2,9.765748275965798,27.15751111111112,2.046751334437696,0.3595833451993038,3.706666666666667,1.81,1.81,0.6987913512043388,0.8135754635976387,1.0,0.4883093525179856,0.6201023276790569
HC,HC-15,1,Half Cylinder,3.763333333333333,1.8733333333333333,0.0,1111.9996023887884,3.872,0.6690814599135143,5,10.41886284481094,28.262633333333333,2.0078250044460253,0.3686314042477768,3.763333333333333,1.8733333333333333,1.8733333333333333,0.7055392625634668,0.8162409534043046,1.0,0.49778565101860056,0.6280992127930202
HC,HC-16,1,Half Cylinder,3.773333333333333,1.8633333333333333,0.0,1121.506455629814,2.52,0.0,1,10.418394136640316,28.3,2.023958519578044,0.3681281275092865,3.773333333333333,1.8633333333333333,1.8633333333333333,0.702720609073735,0.8151387599502304,1.0,0.49381625441696114,0.6247557386852176
HC,HC-21,1,Half Cylinder,3.693333333333334,1.8033333333333328,0.0,1128.311395460916,4.416,0.3986602563587197,5,9.659906157781815,26.961333333333336,2.046924071679292,0.3582741166484781,3.693333333333334,1.8033333333333328,1.8033333333333328,0.6987611523363618,0.8135633269811593,1.0,0.4882671480144402,0.620066596930696
HC,HC-22,1,Half Cylinder,3.6633333333333336,1.87,0.0,1108.7013105227345,4.41,0.098994949366117,2,9.854948694276416,27.12087777777778,1.9579547479066453,0.3633579051945672,3.6633333333333336,1.87,1.87,0.714467674730466,0.819627701380652,1.0,0.5104640582347588,0.6387194077227614
HC,HC-24,1,Half Cylinder,3.713333333333333,1.8033333333333328,0.0,1138.1724235527815,4.66,0.5060961700441263,4,9.764809347005858,27.18159999999999,2.058008498060226,0.3592301452769735,3.713333333333333,1.8033333333333328,1.8033333333333328,0.69687684916952,0.8128023542543138,1.0,0.48563734290843796,0.6178381425454811
HC,HC-26,1,Half Cylinder,2.6733333333333333,1.3,0.0,1108.7353552697994,3.5000000000000004,0.0,1,3.648458957649223,14.097377777777778,2.054829618242378,0.25878572805731,2.6733333333333333,1.3,1.3,0.6973408702182943,0.8129904234797353,1.0,0.486284289276808,0.6183867267308749
HC,HC-31,1,Half Cylinder,2.6666666666666665,1.3333333333333333,0.0,1099.4040757852938,3.74,0.0,1,3.723369070921236,14.22222222222222,1.9985011241568824,0.2617809813239001,2.6666666666666665,1.3333333333333333,1.3333333333333333,0.7071067811865475,0.816847007168854,1.0,0.5,0.6299605249474366
HC,HC-41,1,Half Cylinder,3.713333333333333,1.8133333333333328,0.0,1152.6605978153025,3.07,1.3859292911256331,2,9.818958012516058,27.25586666666666,2.0466654418519203,0.3602379588452106,3.713333333333333,1.8133333333333328,1.8133333333333328,0.698806368826949,0.8135814983332529,1.0,0.48833034111310586,0.6201200964471374
HC,HC-42,1,Half Cylinder,4.736666666666667,2.3833333333333333,0.0,1135.8782099378006,4.535,0.1343502884254437,2,20.9985989554191,45.01412222222223,1.9865790577380125,0.4664787724391184,4.736666666666667,2.3833333333333333,2.3833333333333333,0.7093425011621404,0.817702925418117,1.0,0.5031667839549612,0.6326176568558378
HC,HC-44,1,Half Cylinder,3.6366666666666654,1.7933333333333332,0.0,1136.002890262925,4.359999999999999,0.4808326112068524,2,9.31382124247889,26.26885555555554,2.026750882407579,0.3545440599314298,3.6366666666666654,1.7933333333333332,1.7933333333333332,0.7022290031527663,0.8149448837984488,1.0,0.4931255728689277,0.6241730551354987
HC,HC-46,1,Half Cylinder,4.756666666666667,2.8666666666666667,0.0,1055.298996996876,3.96,0.0,1,25.4707960877546,49.89743333333334,1.658723701034523,0.5104528215866749,4.756666666666667,2.8666666666666667,2.8666666666666667,0.7763136796567122,0.83901088888342,1.0,0.6026629292221444,0.713481941481023
HC,HC-47,1,Half Cylinder,3.6833333333333336,1.8266666666666669,0.0,1165.1849226897173,3.94,0.0,1,9.731980634618122,27.023388888888896,2.01532008024804,0.3601184350414463,3.6833333333333336,1.8266666666666669,1.8266666666666669,0.704221273329594,0.8157275634961624,1.0,0.49592760180995477,0.6265352645745779
HC,HC-6,1,Half Cylinder,4.796666666666667,2.3166666666666664,0.0,1127.2059157926574,4.304,0.3214498405661445,5,20.931604201193085,45.23256666666667,2.069610240184093,0.4627449423885009,4.796666666666667,2.3166666666666664,2.3166666666666664,0.6949635153731392,0.8120221985478383,1.0,0.48297428769979145,0.6155774096196386
HC,HC-7,1,Half Cylinder,4.756666666666667,2.313333333333333,0.0,1157.097783238867,3.35,0.4101219330881976,2,20.55434009872289,44.63338888888889,2.055307503960824,0.4605045708117583,4.756666666666667,2.313333333333333,2.313333333333333,0.6973772067291214,0.8130051321374215,1.0,0.48633496846531177,0.6184296903413373
PA 6,BSP-1,4,Box Shape Prism,3.0,3.0,3.033333333333333,1146.52,5.216666666666667,0.2625769728416158,6,27.3,54.400000000000006,0.9996667777407532,0.5018290104961305,3.033333333333333,3.0,3.0,0.9944903161976938,0.8059850559657761,1.0,0.989010989010989,0.9926605091233773
PA 6,BSP-2,4,Box Shape Prism,7.899999999999999,7.833333333333333,2.833333333333333,1211.9579854565045,4.78,0.0,1,175.33611111111105,212.92222222222216,1.0083819086925072,0.8234710581644191,7.899999999999999,7.833333333333333,2.833333333333333,0.36017272492047564,0.7115040571775714,0.36170212765957444,0.9915611814345993,0.7084839757812801
PA 6,BSP-3,4,Box Shape Prism,7.900000000000001,7.966666666666666,4.133333333333334,1196.6715130930395,6.432,0.2548921340488954,5,260.1382222222222,257.0377777777778,0.9915073421746228,1.0120582756860292,7.966666666666666,7.900000000000001,4.133333333333334,0.5210130023947984,0.7666961432320628,0.5232067510548523,0.9916317991631801,0.8012931124478343
PA 6,BSP-4,4,Box Shape Prism,7.883333333333333,7.966666666666666,8.066666666666668,1190.640592916557,8.096666666666666,0.6350065616458882,3,506.618037037037,381.3211111111111,0.989415554532904,1.3285829021580569,8.066666666666668,7.966666666666666,7.883333333333333,0.9833871105546486,0.8059604052477709,0.9895397489539749,0.9876033057851237,0.9882483654247014
PA 6,C-1,0,Cylinder,2.9333333333333336,3.0,0.0,1457.2375479737134,5.416,0.2246775467197377,5,20.27374459116613,41.16184507903427,0.9774519604576254,0.4925253478528938,3.0,2.9333333333333336,2.9333333333333336,0.9888264649460884,0.8735315687807819,1.0,0.9777777777777779,0.9851297664471786
PA 6,C-2,0,Cylinder,7.899999999999999,3.0,0.0,1397.6808852745028,5.11,0.117898261225516,3,147.0500981329042,172.48914464534752,2.632455848050649,0.8525130431958884,7.899999999999999,3.0,3.0,0.6162360225133208,0.7810866858455848,1.0,0.37974683544303806,0.5244001118139862
PA 6,C-3,0,Cylinder,7.899999999999999,4.033333333333333,0.0,1495.693612936131,6.8566666666666665,0.308782555638538,6,197.7006874897934,198.1350126741522,1.9581921837560927,0.997802897219524,7.899999999999999,4.033333333333333,4.033333333333333,0.714526782707794,0.8283140293467399,1.0,0.5105485232067511,0.6387898637823866
PA 6,HC-1,1,Half Cylinder,3.0,3.033333333333333,0.0,1156.642516829012,3.98,0.0282842712474619,2,10.72068493037517,27.2,0.9886850488849832,0.3941283383101786,3.033333333333333,3.0,3.0,0.9944903161976938,0.8644308193393824,1.0,0.989010989010989,0.9926605091233773
PA 6,HC-2,1,Half Cylinder,7.833333333333333,2.9,0.0,1109.0085027785335,4.73,0.170880074906351,3,69.87971075750546,106.79444444444444,2.700218315523383,0.6543323183963831,7.833333333333333,2.9,2.9,0.6084511204340467,0.7682505198196851,1.0,0.3702127659574468,0.515585775268667
PA 6,HC-3,1,Half Cylinder,7.8,4.133333333333334,0.0,1153.3847437912375,5.54,0.3819685850956853,3,98.75282347294156,125.32,1.8866403289526723,0.7879990063352635,7.8,4.133333333333334,4.133333333333334,0.7279522854655585,0.8244482856860971,1.0,0.52991452991453,0.6548430438087489
PA 6,HC-4,1,Half Cylinder,7.833333333333333,7.900000000000001,0.0,1165.6317870526975,6.075,0.5990242065225745,6,190.36197068423905,185.1277777777778,0.9914356832468462,1.0282678520826352,7.900000000000001,7.833333333333333,7.833333333333333,0.9957716512507268,0.8644356406702147,1.0,0.9915611814345989,0.9943661785037349
PLA C,C-1,0,Cylinder,4.96,3.053333333333333,0.0,1375.9288609415146,6.84,0.6493586579592721,4,58.99666378093672,86.22205757532308,1.623922296191204,0.684233028147931,4.96,3.053333333333333,3.053333333333333,0.7845963279607305,0.849996969868503,1.0,0.6155913978494623,0.7236496587406722
PLA C,C-10,0,Cylinder,3.01,3.1633333333333336,0.0,1376.7922808301637,6.011666666666667,0.4046438763489035,6,22.509602730957205,44.14466513057013,0.951227220056884,0.5098938404117437,3.1633333333333336,3.01,3.01,0.9754629281170369,0.8733422109392921,1.0,0.9515279241306637,0.9674184341096439
PLA C,C-11,0,Cylinder,4.949999999999999,3.063333333333333,0.0,1327.1197019583308,6.35,0.7012845356914693,4,58.95145600085216,86.12597720000075,1.6153595126726856,0.6844714387683356,4.949999999999999,3.063333333333333,3.063333333333333,0.7866735147793009,0.8505104471013111,1.0,0.6188552188552189,0.7262052292018986
PLA C,C-12,0,Cylinder,2.966666666666667,3.16,0.0,1343.5231573638075,6.1883333333333335,0.4519033820040148,6,21.843109747974395,43.27613693490021,0.9385215649056208,0.5047263126678637,3.16,2.966666666666667,2.966666666666667,0.9689265015473795,0.8731964271733439,1.0,0.9388185654008439,0.9587847392879426
PLA C,C-13,0,Cylinder,5.01,5.166666666666667,0.0,1322.6323882222914,6.364,1.0973057914729147,5,101.85345761231017,120.74727072035638,0.9694897761723535,0.8435189755072755,5.166666666666667,5.01,5.01,0.9847220010514838,0.8734887564525945,1.0,0.9696774193548386,0.9796813824721106
PLA C,C-14,0,Cylinder,5.046666666666667,5.163333333333333,0.0,1304.8460557374003,6.756666666666667,0.5424327915358125,3,103.28310491552844,121.8688018443954,0.9772155166849544,0.8474872638867613,5.163333333333333,5.046666666666667,5.046666666666667,0.988637839289829,0.8735298965687048,1.0,0.9774047772756618,0.9848792137671244
PLA C,C-15,0,Cylinder,5.050000000000001,3.083333333333333,0.0,1381.2104898250575,5.91,0.0707106781186545,2,61.75798470796724,88.97644893435793,1.6373068194099216,0.6940858099171675,5.050000000000001,3.083333333333333,3.083333333333333,0.7813840644047013,0.8491892073273744,1.0,0.6105610561056104,0.7197020392831659
PLA C,C-16,0,Cylinder,3.146666666666667,3.116666666666667,0.0,1283.3602098052745,6.2,0.3748066168039195,6,24.237159266089662,46.3632055026577,1.009301828290388,0.5227558415661914,3.146666666666667,3.116666666666667,3.116666666666667,0.9952216344588352,0.8735715477686764,1.0,0.9904661016949153,0.9936339252941869
PLA C,C-17,0,Cylinder,5.003333333333333,5.223333333333334,0.0,1327.7343009704643,6.9350000000000005,1.8230103309270267,4,102.69670229939284,121.42491225573568,0.9576979518917882,0.845756069619661,5.223333333333334,5.003333333333333,5.003333333333333,0.9787141062898143,0.8734016169658794,1.0,0.95788130185067,0.9717199754309166
PLA C,C-18,0,Cylinder,5.053333333333334,5.1866666666666665,0.0,1341.8417370160662,6.801666666666667,1.0251910391076713,6,104.02413483130036,122.45313807796312,0.974105249630534,0.8494946472537426,5.1866666666666665,5.053333333333334,5.053333333333334,0.9870628445676416,0.8735148254177858,1.0,0.9742930591259641,0.9827877602631659
PLA C,C-19,0,Cylinder,3.063333333333333,1.09,0.0,1305.502394114361,3.114,1.2169552169246,5,8.033501750245025,25.230252774027264,2.8078215704246867,0.3183948820216573,3.063333333333333,1.09,1.09,0.5965077913638516,0.7688337707557084,1.0,0.35582154515778025,0.5021361566704706
PLA C,C-2,0,Cylinder,4.8933333333333335,3.81,0.0,1330.2245463661332,6.2275,0.3278592177546131,4,71.65136341434423,96.18286105596496,1.284002449050993,0.7449416422642214,4.8933333333333335,3.81,3.81,0.882389003911219,0.8673666884212434,1.0,0.7786103542234333,0.8463437340094102
PLA C,C-20,0,Cylinder,5.053333333333334,5.203333333333333,0.0,1332.4164123038806,7.46,0.0,1,104.358402616748,122.71772999256548,0.9709857170306796,0.8503869183055449,5.203333333333333,5.053333333333334,5.053333333333334,0.9854807585297721,0.8734976881126449,1.0,0.9711723254324153,0.9806880097491776
PLA C,C-21,0,Cylinder,4.946666666666666,3.863333333333333,0.0,1355.82365658398,6.045,0.2333452377915607,2,74.24673410186078,98.4744085506634,1.2800828085913916,0.7539621840072132,4.946666666666666,3.863333333333333,3.863333333333333,0.8837405188075345,0.8675189697261616,1.0,0.7809973045822102,0.8480725830856773
PLA C,C-22,0,Cylinder,3.08,3.126666666666667,0.0,1286.2697627139228,6.066,0.4507549223247599,5,23.295546222479445,45.1551584075973,0.984759671746776,0.51588857520174,3.126666666666667,3.08,3.08,0.9925092578236595,0.8735585518766514,1.0,0.9850746268656716,0.9900248337458367
PLA C,C-23,0,Cylinder,5.079999999999999,5.23,0.0,1328.3740942968943,7.386,0.5366842647218195,5,106.00320462719652,124.00368858543484,0.971133626457656,0.8548322312358702,5.23,5.079999999999999,5.079999999999999,0.9855553316092809,0.8734985409783848,1.0,0.9713193116634797,0.9807869582020018
PLA C,C-24,0,Cylinder,5.079999999999999,5.11,0.0,1383.2933822923117,6.480000000000001,0.0,1,103.57100872752852,122.08857370380652,0.9939346507532768,0.8483198489888688,5.11,5.079999999999999,5.079999999999999,0.9970602582154802,0.8735771016998994,1.0,0.9941291585127199,0.9960822660060512
PLA C,C-25,0,Cylinder,3.203333333333333,1.096666666666667,0.0,1156.75446320266,3.3120000000000003,0.3589846793388261,5,8.838301051785287,27.15486224678645,2.9183115699969626,0.3254656755681247,3.203333333333333,1.096666666666667,1.096666666666667,0.585108295071518,0.761288110965696,1.0,0.3423517169614985,0.48938239293000213
PLA C,C-26,0,Cylinder,3.036666666666666,3.1533333333333338,0.0,1378.0519705812108,6.88,0.3332416540590328,5,22.83778644407648,44.56755840832835,0.9626968191905312,0.5124192313971923,3.1533333333333338,3.036666666666666,3.036666666666666,0.9813267112256268,0.8734431043893371,1.0,0.9630021141649046,0.9751800927503986
PLA C,C-27,0,Cylinder,4.903333333333333,3.1466666666666665,0.0,1383.455477102581,6.674,0.8090302837347931,5,59.41874257171069,86.23827168407408,1.5577676585830775,0.6889986593275419,4.903333333333333,3.1466666666666665,3.1466666666666665,0.8010869570230441,0.8538856563530893,1.0,0.6417403127124405,0.7439999066367508
PLA C,C-28,0,Cylinder,3.02,3.1633333333333336,0.0,1379.6321948551729,6.793333333333334,0.0709459888459759,3,22.65941664522711,44.338763196684425,0.954387443379332,0.5110405426549843,3.1633333333333336,3.02,3.02,0.9770819548379596,0.8733728756704816,1.0,0.9546891464699683,0.9695599259244961
PLA C,C-29,0,Cylinder,3.1,1.1266666666666667,0.0,1277.0251457480535,4.035,0.1484924240491748,2,8.503715354614414,26.067888641936907,2.74903931421815,0.3262016832176928,3.1,1.1266666666666667,1.1266666666666667,0.6028605644882188,0.7728895056601184,1.0,0.3634408602150538,0.5092790773580363
PLA C,C-3,0,Cylinder,3.043333333333333,3.2000000000000006,0.0,1400.6483648090384,6.658333333333334,0.5383090809810542,6,23.277637748090584,45.14344724831641,0.9507445589919814,0.5156257118411985,3.2000000000000006,3.043333333333333,3.043333333333333,0.975213651804909,0.8733372984528553,1.0,0.9510416666666663,0.9670888207251107
PLA C,C-5,0,Cylinder,5.016666666666667,5.18,0.0,1357.3041290770643,5.779999999999999,1.400071426749364,2,102.38825267506,121.17061778372012,0.9682815415299492,0.8449854392289566,5.18,5.016666666666667,5.016666666666667,0.984107955698189,0.8734811892300792,1.0,0.9684684684684685,0.9788669309199147
PLA C,C-6,0,Cylinder,4.9366666666666665,3.773333333333333,0.0,1355.7608897293642,6.415000000000001,0.261629509039023,2,72.22418687438933,96.8019817015249,1.3079572551443963,0.7460946512689042,4.9366666666666665,3.773333333333333,3.773333333333333,0.8742702175153292,0.8664063974410273,1.0,0.7643484132343011,0.8359768394098133
PLA C,C-7,0,Cylinder,3.06,3.18,0.0,1382.896326542447,6.488333333333333,0.5537297776593436,6,23.386210492066944,45.27851827912826,0.9619616472807292,0.5164854084334837,3.18,3.06,3.06,0.9809506363438458,0.8734374741682798,1.0,0.9622641509433962,0.9746818321711257
PLA C,C-8,0,Cylinder,4.903333333333333,3.1133333333333333,0.0,1388.6968175275292,6.445,0.4665118790913405,4,58.78930673938324,85.72479581813735,1.5744407577865782,0.6857831552138819,4.903333333333333,3.1133333333333333,3.1133333333333333,0.7968326149069639,0.852923128145741,1.0,0.6349422161794698,0.7387363495135404
PLA C,C-9,0,Cylinder,5.036666666666666,5.2,0.0,1356.6784319577137,7.240000000000001,0.5940538696111665,3,103.60474454570615,122.12838466404452,0.9684035121451,0.8483195492280892,5.2,5.036666666666666,5.036666666666666,0.9841695705465312,0.8734819622475745,1.0,0.9685897435897435,0.9789486473840481
PLA CUBE,CUBE-1,2,Cube,5.2,5.113333333333333,5.13,1035.8988434882212,5.43,0.0,1,136.40328,158.99346666666668,1.016750309587434,0.8579121202121498,5.2,5.13,5.113333333333333,0.9900195039241975,0.8059746608669373,0.9967511371020144,0.9865384615384615,0.9899310069411817
PLA CUBE,CUBE-10,2,Cube,3.016666666666667,2.986666666666667,3.1966666666666668,1006.9005220348412,6.048333333333333,0.4939804314612744,6,28.8012562962963,56.40086666666668,1.0097065714604487,0.5106436718931814,3.1966666666666668,3.016666666666667,2.986666666666667,0.9617770650192863,0.8056368107913839,0.9900552486187845,0.9436913451511992,0.9588995721310796
PLA CUBE,CUBE-11,2,Cube,3.056666666666666,3.0766666666666667,3.1833333333333336,1018.8006074278508,5.829999999999999,0.4195235392680604,6,29.937163148148144,57.85757777777778,0.9931766489764972,0.5174196168998534,3.1833333333333336,3.0766666666666667,3.056666666666666,0.9767126203087787,0.8058687333773662,0.9934994582881905,0.9664921465968586,0.9754120081961384
PLA CUBE,CUBE-13,2,Cube,3.0966666666666662,3.123333333333333,1.0833333333333333,1059.3709927290636,3.5725,0.3626177969524757,4,10.477915740740738,32.8205111111111,0.9911447775525444,0.3192392850307747,3.123333333333333,3.0966666666666662,1.0833333333333333,0.3483418937493242,0.7055406685668524,0.34983853606027987,0.991462113127001,0.700605105366229
PLA CUBE,CUBE-14,2,Cube,5.01,3.9933333333333336,3.06,1140.1466274299416,5.868333333333333,0.4097031445652652,6,61.220196,95.1136,1.2542768922640406,0.6436466746430095,5.01,3.9933333333333336,3.06,0.6841239299775901,0.7897773027358399,0.7662771285475792,0.7970725216234199,0.7866722778965491
PLA CUBE,CUBE-15,2,Cube,2.99,2.9766666666666666,3.12,1098.35783619617,6.0840000000000005,0.2590945773265044,5,27.768728000000003,55.03246666666667,1.004141945594985,0.5045789349995519,3.12,2.99,2.9766666666666666,0.9745795922661057,0.8058158452891605,0.995540691192865,0.9583333333333334,0.9705786522155653
PLA CUBE,CUBE-16,2,Cube,5.06,5.05,5.186666666666667,1075.1885516035677,6.0075,0.8807335957408842,4,132.53489333333334,155.9804,1.0017818253811126,0.8496839580445703,5.186666666666667,5.06,5.05,0.985761723417928,0.8059366702531913,0.9980237154150198,0.9755784061696656,0.9830035201054754
PLA CUBE,CUBE-17,2,Cube,3.143333333333333,3.1733333333333333,1.1566666666666665,1022.745684250762,3.86,0.1385640646055098,3,11.53757007407407,34.56224444444444,0.9902341699044418,0.3338103890281219,3.1733333333333333,3.143333333333333,1.1566666666666665,0.3662310433485974,0.7144279249279291,0.3679745493107105,0.9905462184873949,0.7120695647795162
PLA CUBE,CUBE-18,2,Cube,5.07,5.066666666666666,5.113333333333333,1071.9345210421966,6.73,0.0360555127546393,3,131.35130666666666,155.0403111111111,1.0004604354403737,0.847201985879319,5.113333333333333,5.07,5.066666666666666,0.9950990259051425,0.8059889571973435,0.9993425378040761,0.9915254237288136,0.994124310528068
PLA CUBE,CUBE-19,2,Cube,5.1066666666666665,5.063333333333333,5.16,1039.5675862536796,5.755,0.4596194077712561,2,133.42085866666665,156.6679111111111,1.0083591127492926,0.8516103017531238,5.16,5.1066666666666665,5.063333333333333,0.9863769456380543,0.8059718850841945,0.9915143603133159,0.9896640826873384,0.9902804579300446
PLA CUBE,CUBE-2,2,Cube,5.063333333333333,5.043333333333333,5.180000000000001,1028.9023828473678,6.28,0.411873767069475,6,132.27688288888888,155.7772222222222,1.0037666027886076,0.8491359125936873,5.180000000000001,5.063333333333333,5.043333333333333,0.9847693743174745,0.8059401724815546,0.9960500329163925,0.9774774774774773,0.9836295282625105
PLA CUBE,CUBE-20,2,Cube,5.063333333333333,5.043333333333333,5.180000000000001,1028.9023828473678,6.03,0.0,1,132.27688288888888,155.7772222222222,1.0037666027886076,0.8491359125936873,5.180000000000001,5.063333333333333,5.043333333333333,0.9847693743174745,0.8059401724815546,0.9960500329163925,0.9774774774774773,0.9836295282625105
PLA CUBE,CUBE-21,2,Cube,3.1533333333333338,3.1300000000000003,1.0933333333333335,1047.156602238975,3.673333333333333,0.5967132197854063,6,10.791127111111114,33.47942222222223,1.0071329713616524,0.3223115598568716,3.1533333333333338,3.1300000000000003,1.0933333333333335,0.34801300968785615,0.7053706345700369,0.34930777422790205,0.9926004228329809,0.7007864904742205
PLA CUBE,CUBE-22,2,Cube,3.11,3.06,3.1533333333333338,1046.3523424230025,6.103333333333333,0.3563518860153074,6,30.00901200000001,57.94533333333335,1.0160078405749755,0.5178759426825972,3.1533333333333338,3.11,3.06,0.977138873429186,0.8059351988027712,0.9839228295819936,0.9862579281183931,0.9854789468346976
PLA CUBE,CUBE-23,2,Cube,4.95,3.786666666666666,3.123333333333333,1052.2043681512769,5.454999999999999,0.3229705868960824,6,58.54375999999999,92.06304444444444,1.3068731848983546,0.6359025432054303,4.95,3.786666666666666,3.123333333333333,0.7214183724828025,0.7919890913832647,0.8248239436619719,0.7649831649831649,0.7844314637061506
PLA CUBE,CUBE-24,2,Cube,3.126666666666667,3.11,1.13,1019.2896315735156,3.868,0.251137412585222,5,10.988044666666664,33.54273333333333,1.0050358941390765,0.3275736948381814,3.126666666666667,3.11,1.13,0.3623743564928661,0.7125783431908319,0.3633440514469453,0.9946695095948827,0.7110364889235159
PLA CUBE,CUBE-26,2,Cube,5.01,5.01,5.193333333333334,1082.4438153740252,6.800000000000001,0.0,1,130.35318600000002,154.27460000000002,0.9998004390341249,0.844937151435483,5.193333333333334,5.01,5.01,0.9821905778380478,0.805880775458807,1.0,0.9646983311938381,0.9763248682710689
PLA CUBE,CUBE-27,2,Cube,5.196666666666666,5.026666666666666,3.88,1047.8227991893011,5.9125,0.3727711541057508,4,101.35301511111108,131.57688888888887,1.0336140025193925,0.7702891113924071,5.196666666666666,5.026666666666666,3.88,0.7591528939858918,0.7989672167653228,0.7718832891246684,0.9672867222578576,0.8971960725909556
PLA CUBE,CUBE-28,2,Cube,5.056666666666666,5.069999999999999,5.013333333333334,1144.4947525343518,6.759999999999999,0.9395211546314424,3,128.52833066666665,152.81131111111108,0.9971734700585024,0.8410862301088597,5.069999999999999,5.056666666666666,5.013333333333334,0.990125940523715,0.8059866847920417,0.9914304548450892,0.997370151216305,0.995386309034996
PLA CUBE,CUBE-3,2,Cube,3.11,3.083333333333333,3.783333333333333,1047.4375107433168,5.8660000000000005,1.2607656403947562,5,36.27901388888888,66.04122222222222,1.0083216254187832,0.5493306050001682,3.783333333333333,3.11,3.083333333333333,0.8988826132252715,0.8024894622557268,0.9914255091103965,0.8220264317180617,0.875005033131822
PLA CUBE,CUBE-4,2,Cube,5.05,5.04,5.193333333333334,1028.894380360464,6.1,0.6788225099390853,2,132.18072,155.70546666666667,1.0017853600476094,0.8489096363799064,5.193333333333334,5.05,5.04,0.9841510226067215,0.8059207532977732,0.998019801980198,0.9724005134788188,0.9808663576874248
PLA CUBE,CUBE-5,2,Cube,3.0700000000000003,3.053333333333333,3.796666666666667,1039.6488087554087,6.52,0.5529556944276819,6,35.588940888888885,65.24397777777779,1.0051293244570558,0.5454663653975579,3.796666666666667,3.0700000000000003,3.053333333333333,0.8943423500899418,0.8019618996009354,0.9945711183496198,0.8086040386303776,0.866368297248463
PLA CUBE,CUBE-6,2,Cube,5.06,5.05,5.186666666666667,1075.1885516035677,7.09,0.5172362451852472,4,132.53489333333334,155.9804,1.0017818253811126,0.8496839580445703,5.186666666666667,5.06,5.05,0.985761723417928,0.8059366702531913,0.9980237154150198,0.9755784061696656,0.9830035201054754
PLA CUBE,CUBE-7,2,Cube,2.983333333333334,2.9633333333333334,3.1466666666666665,1089.2049392415097,5.942,0.553416660392511,5,27.818456296296297,55.10557777777778,1.00640953558979,0.504811901194023,3.1466666666666665,2.983333333333334,2.9633333333333334,0.9671731828031457,0.8057072071442366,0.9932960893854748,0.9480932203389832,0.9629275283260901
PLA CUBE,CUBE-8,2,Cube,5.206666666666666,5.156666666666666,5.052333333333333,1093.989292299615,7.505,0.0636396103067891,2,135.6503222148148,158.41611777777774,1.0095004200866025,0.8562857607667155,5.206666666666666,5.156666666666666,5.052333333333333,0.9750515544251201,0.8059324544049219,0.9797672915319975,0.9903969270166454,0.9868409629814099
PLA CUBE,CUBE-9,2,Cube,5.1066666666666665,5.063333333333333,5.16,1039.5675862536796,6.673333333333333,0.4099593475781065,6,133.42085866666665,156.6679111111111,1.0083591127492926,0.8516103017531238,5.16,5.1066666666666665,5.063333333333333,0.9863769456380543,0.8059718850841945,0.9915143603133159,0.9896640826873384,0.9902804579300446
PLA HC,HC-1,1,Half Cylinder,4.77,5.109999999999999,0.0,1276.8754933311932,4.8260000000000005,0.3611509379746926,5,45.65806940287261,71.50229999999999,0.9332811582860496,0.6385449259386996,5.109999999999999,4.77,4.77,0.9661593018118158,0.8639908474565274,1.0,0.9334637964774951,0.9551354976495159
PLA HC,HC-11,1,Half Cylinder,4.83,3.856666666666667,0.0,1248.1373839778155,4.953333333333333,0.6269237061503837,3,35.33183970448954,60.5843,1.252052190443273,0.583175121762037,4.83,3.856666666666667,3.856666666666667,0.8935780388556949,0.8594781976408701,1.0,0.7984817115251899,0.8606831797125798
PLA HC,HC-12,1,Half Cylinder,4.89,5.126666666666666,0.0,1233.7973557756006,5.485,0.0070710678118653,2,48.14073145422878,74.05089999999998,0.9536501332639928,0.6500944804148008,5.126666666666666,4.89,4.89,0.9766453557178542,0.8642291413422551,1.0,0.9538361508452536,0.9689823183108577
PLA HC,HC-4,1,Half Cylinder,2.806666666666666,2.533333333333333,0.0,1186.2300390594169,4.33,0.2679552201394851,6,7.836712182802413,22.097822222222216,1.1074575825332105,0.3546212600833515,2.806666666666666,2.533333333333333,2.533333333333333,0.9500593805669862,0.8634235972626321,1.0,0.9026128266033255,0.9339730265740994
PLA HC,HC-6,1,Half Cylinder,4.723333333333334,3.7433333333333336,0.0,1192.252481427715,4.824999999999999,0.1484924240491746,2,32.79559981209944,57.67190000000001,1.261461764444049,0.5686483567169232,4.723333333333334,3.7433333333333336,3.7433333333333336,0.8902355908400349,0.8591392965594417,1.0,0.7925194071983063,0.8563933192197853
PLA HC,HC-9,1,Half Cylinder,4.86,4.933333333333334,0.0,1245.6634052149975,5.255000000000001,0.1484924240491746,2,45.75861646844984,71.5716,0.9849354860501248,0.6393314825568701,4.933333333333334,4.86,4.86,0.9925397398266406,0.8644210252982395,1.0,0.9851351351351352,0.9900653748882868
RESIN (a=6 r=3),C-1,0,Cylinder,6.1,6.3,0.0,1210.1106570899371,9.163333333333332,0.8451903138741393,6,184.11539365812,179.18073699749382,0.9681003015394382,1.0275343723266572,6.3,6.1,6.1,0.9839989676081821,0.8734798143798979,1.0,0.9682539682539683,0.9787223900460332
RESIN (a=6 r=3),C-2,0,Cylinder,6.1,6.3,0.0,1172.0910224416891,9.708333333333334,0.8456338845308095,6,184.11539365812,179.18073699749382,0.9681003015394382,1.0275343723266572,6.3,6.1,6.1,0.9839989676081821,0.8734798143798979,1.0,0.9682539682539683,0.9787223900460332
RESIN (a=6 r=3),C-3,0,Cylinder,6.1,6.3,0.0,1163.943957874208,9.0575,0.9320363011528394,4,184.11539365812,179.18073699749382,0.9681003015394382,1.0275343723266572,6.3,6.1,6.1,0.9839989676081821,0.8734798143798979,1.0,0.9682539682539683,0.9787223900460332
RESIN (a=6 r=3),C-4,0,Cylinder,6.1,6.3,0.0,1203.0498677981195,9.239999999999998,0.4242640687119276,2,184.11539365812,179.18073699749382,0.9681003015394382,1.0275343723266572,6.3,6.1,6.1,0.9839989676081821,0.8734798143798979,1.0,0.9682539682539683,0.9787223900460332
RESIN (a=6 r=3),C-5,0,Cylinder,6.1,6.3,0.0,1191.6439774036455,7.3066666666666675,2.160098763174191,6,184.11539365812,179.18073699749382,0.9681003015394382,1.0275343723266572,6.3,6.1,6.1,0.9839989676081821,0.8734798143798979,1.0,0.9682539682539683,0.9787223900460332
RESIN (a=6 r=3),CUBE-1,2,Cube,6.24,6.24,6.24,1151.1343666829412,8.1,0.9733652962788436,6,242.970624,233.6256,0.9998397692677456,1.0399955484521026,6.24,6.24,6.24,1.0,0.8059959770082344,1.0,1.0,0.9999999999999999
RESIN (a=6 r=3),CUBE-2,2,Cube,6.24,6.24,6.24,1154.8331204495057,8.738333333333333,0.7947179793276776,6,242.970624,233.6256,0.9998397692677456,1.0399955484521026,6.24,6.24,6.24,1.0,0.8059959770082344,1.0,1.0,0.9999999999999999
RESIN (a=6 r=3),CUBE-3,2,Cube,6.24,6.24,6.24,1158.5318742160696,9.75,0.3535533905932738,2,242.970624,233.6256,0.9998397692677456,1.0399955484521026,6.24,6.24,6.24,1.0,0.8059959770082344,1.0,1.0,0.9999999999999999
RESIN (a=6 r=3),CUBE-4,2,Cube,6.24,6.24,6.24,1149.4904761200237,8.45,1.412397488905537,4,242.970624,233.6256,0.9998397692677456,1.0399955484521026,6.24,6.24,6.24,1.0,0.8059959770082344,1.0,1.0,0.9999999999999999
RESIN (a=6 r=3),CUBE-5,2,Cube,6.24,6.24,6.24,1130.5857346464732,8.015,1.70157769927402,4,242.970624,233.6256,0.9998397692677456,1.0399955484521026,6.24,6.24,6.24,1.0,0.8059959770082344,1.0,1.0,0.9999999999999999
RESIN (a=6 r=3),CUBE-6,2,Cube,6.24,6.24,6.24,1151.1343666829412,8.455,2.5903088618927272,4,242.970624,233.6256,0.9998397692677456,1.0399955484521026,6.24,6.24,6.24,1.0,0.8059959770082344,1.0,1.0,0.9999999999999999
RESIN (a=6 r=3),D-1,6,Elliptic Cylinder,6.0,6.0,0.0,1061.4216849505126,3.5083333333333333,0.3740810963770646,6,141.3716694115407,108.0,0.9998333611064822,1.3089848187659436,6.0,6.0,6.0,1.0,1.2151651150551932,1.0,1.0,0.9999999999999999
RESIN (a=6 r=3),D-2,6,Elliptic Cylinder,6.0,6.0,0.0,1112.3385923466628,3.125,0.4596194077712561,2,141.3716694115407,108.0,0.9998333611064822,1.3089848187659436,6.0,6.0,6.0,1.0,1.2151651150551932,1.0,1.0,0.9999999999999999
RESIN (a=6 r=3),D-3,6,Elliptic Cylinder,6.0,6.0,0.0,1069.255055319151,2.982,0.5054404020257977,5,141.3716694115407,108.0,0.9998333611064822,1.3089848187659436,6.0,6.0,6.0,1.0,1.2151651150551932,1.0,1.0,0.9999999999999999
RESIN (a=6 r=3),D-4,6,Elliptic Cylinder,6.0,6.0,0.0,1015.0031600490588,2.9800000000000004,0.3874704289792106,4,141.3716694115407,108.0,0.9998333611064822,1.3089848187659436,6.0,6.0,6.0,1.0,1.2151651150551932,1.0,1.0,0.9999999999999999
RESIN (a=6 r=3),D-5,6,Elliptic Cylinder,6.0,6.0,0.0,1061.4216849505126,2.538,0.6684085576950674,5,141.3716694115407,108.0,0.9998333611064822,1.3089848187659436,6.0,6.0,6.0,1.0,1.2151651150551932,1.0,1.0,0.9999999999999999
RESIN (a=6 r=3),D-6,6,Elliptic Cylinder,6.0,6.0,0.0,1077.0884256877896,2.6633333333333336,0.7833432623484209,6,141.3716694115407,108.0,0.9998333611064822,1.3089848187659436,6.0,6.0,6.0,1.0,1.2151651150551932,1.0,1.0,0.9999999999999999
RESIN (a=6 r=3),D-7,6,Elliptic Cylinder,6.0,6.0,0.0,1124.0886478996204,3.3200000000000003,0.3615936946352909,5,141.3716694115407,108.0,0.9998333611064822,1.3089848187659436,6.0,6.0,6.0,1.0,1.2151651150551932,1.0,1.0,0.9999999999999999
RESIN (a=6 r=3),D-8,6,Elliptic Cylinder,6.0,6.0,0.0,1032.2794993862915,3.075,0.4030508652763318,2,141.3716694115407,108.0,0.9998333611064822,1.3089848187659436,6.0,6.0,6.0,1.0,1.2151651150551932,1.0,1.0,0.9999999999999999
RESIN (a=6 r=3),SP-1,5,Sphere,6.3,0.0,0.0,1109.0377922683276,11.953333333333331,0.9894173369547687,6,130.92430304202782,124.68981242097888,6300.0,1.049991579171074,6.3,6.3,6.3,1.0,0.9999999999999997,1.0,1.0,0.9999999999999999
RESIN (a=6 r=3),SP-2,5,Sphere,6.3,0.0,0.0,1103.691191341414,10.900000000000002,2.34759451353934,2,130.92430304202782,124.68981242097888,6300.0,1.049991579171074,6.3,6.3,6.3,1.0,0.9999999999999997,1.0,1.0,0.9999999999999999
RESIN (a=6 r=3),SP-3,5,Sphere,6.3,0.0,0.0,1113.6205930628248,10.516666666666667,0.8385145596032704,6,130.92430304202782,124.68981242097888,6300.0,1.049991579171074,6.3,6.3,6.3,1.0,0.9999999999999997,1.0,1.0,0.9999999999999999
RESIN (a=6 r=3),SP-4,5,Sphere,6.3,0.0,0.0,1091.4703892227546,11.634,0.471783848812144,5,130.92430304202782,124.68981242097888,6300.0,1.049991579171074,6.3,6.3,6.3,1.0,0.9999999999999997,1.0,1.0,0.9999999999999999
RESIN (a=6 r=3),SP-8,5,Sphere,6.3,0.0,0.0,1088.41518869309,12.4,0.7133722730804729,3,130.92430304202782,124.68981242097888,6300.0,1.049991579171074,6.3,6.3,6.3,1.0,0.9999999999999997,1.0,1.0,0.9999999999999999
RESIN (a=9 r=4.5),C-1,0,Cylinder,9.15,9.4,0.0,1156.767607382851,8.61,1.5726410906497383,3,618.101678709403,401.71937960534393,0.9733007126901394,1.5386365992102151,9.4,9.15,9.15,0.986612515286092,0.8735101516303213,1.0,0.973404255319149,0.9821899672560342
RESIN (a=9 r=4.5),C-2,0,Cylinder,9.15,9.4,0.0,1158.7090355351022,9.3525,1.69979165389958,4,618.101678709403,401.71937960534393,0.9733007126901394,1.5386365992102151,9.4,9.15,9.15,0.986612515286092,0.8735101516303213,1.0,0.973404255319149,0.9821899672560342
RESIN (a=9 r=4.5),C-3,0,Cylinder,9.15,9.4,0.0,1168.577961975711,10.47,1.725340546095175,2,618.101678709403,401.71937960534393,0.9733007126901394,1.5386365992102151,9.4,9.15,9.15,0.986612515286092,0.8735101516303213,1.0,0.973404255319149,0.9821899672560342
RESIN (a=9 r=4.5),C-4,0,Cylinder,9.15,9.4,0.0,1171.3283185247333,9.51,1.053280589396767,4,618.101678709403,401.71937960534393,0.9733007126901394,1.5386365992102151,9.4,9.15,9.15,0.986612515286092,0.8735101516303213,1.0,0.973404255319149,0.9821899672560342
RESIN (a=9 r=4.5),C-5,0,Cylinder,9.15,9.4,0.0,1181.1972449653422,9.164,1.8718386682617716,5,618.101678709403,401.71937960534393,0.9733007126901394,1.5386365992102151,9.4,9.15,9.15,0.986612515286092,0.8735101516303213,1.0,0.973404255319149,0.9821899672560342
RESIN (a=9 r=4.5),C-6,0,Cylinder,9.15,9.4,0.0,1181.0354592859878,8.5375,2.5693368145625963,4,618.101678709403,401.71937960534393,0.9733007126901394,1.5386365992102151,9.4,9.15,9.15,0.986612515286092,0.8735101516303213,1.0,0.973404255319149,0.9821899672560342
RESIN (a=9 r=4.5),CUBE-2,2,Cube,9.25,9.25,9.25,1153.0427412875893,8.709999999999999,0.2594224354214569,3,791.453125,513.375,0.9998919035779916,1.5416636636695134,9.25,9.25,9.25,1.0,0.8059959770082344,1.0,1.0,0.9999999999999998
RESIN (a=9 r=4.5),CUBE-3,2,Cube,9.25,9.25,9.25,1150.2624979394604,9.445,1.3930003589374975,2,791.453125,513.375,0.9998919035779916,1.5416636636695134,9.25,9.25,9.25,1.0,0.8059959770082344,1.0,1.0,0.9999999999999998
RESIN (a=9 r=4.5),CUBE-4,2,Cube,9.25,9.25,9.25,1162.8999677036825,8.988,1.501622455878974,5,791.453125,513.375,0.9998919035779916,1.5416636636695134,9.25,9.25,9.25,1.0,0.8059959770082344,1.0,1.0,0.9999999999999998
RESIN (a=9 r=4.5),CUBE-5,2,Cube,9.25,9.25,9.25,1161.3834713319757,9.76,0.0,1,791.453125,513.375,0.9998919035779916,1.5416636636695134,9.25,9.25,9.25,1.0,0.8059959770082344,1.0,1.0,0.9999999999999998
RESIN (a=9 r=4.5),D-1,6,Elliptic Cylinder,9.07,9.07,0.0,1148.0128131767472,3.955,0.2751545020529373,6,323.0535068603737,246.79470000000003,0.9998897585712712,1.3089916350259492,9.07,9.07,9.07,1.0,0.9225670416107944,1.0,1.0,1.0
RESIN (a=9 r=4.5),D-2,6,Elliptic Cylinder,9.07,9.07,0.0,1157.4337858522888,3.926666666666667,0.2861934077973606,6,323.0535068603737,246.79470000000003,0.9998897585712712,1.3089916350259492,9.07,9.07,9.07,1.0,0.9225670416107944,1.0,1.0,1.0
RESIN (a=9 r=4.5),D-3,6,Elliptic Cylinder,9.07,9.07,0.0,1173.5840247246467,3.642,0.3569593814427628,5,323.0535068603737,246.79470000000003,0.9998897585712712,1.3089916350259492,9.07,9.07,9.07,1.0,0.9225670416107944,1.0,1.0,1.0
RESIN (a=9 r=4.5),D-4,6,Elliptic Cylinder,9.07,9.07,0.0,1104.9455095171272,3.694,0.4583448483401988,5,323.0535068603737,246.79470000000003,0.9998897585712712,1.3089916350259492,9.07,9.07,9.07,1.0,0.9225670416107944,1.0,1.0,1.0
RESIN (a=9 r=4.5),D-5,6,Elliptic Cylinder,9.07,9.07,0.0,1091.4869771234958,3.605,0.3402450097601232,4,323.0535068603737,246.79470000000003,0.9998897585712712,1.3089916350259492,9.07,9.07,9.07,1.0,0.9225670416107944,1.0,1.0,1.0
RESIN (a=9 r=4.5),D-6,6,Elliptic Cylinder,9.07,9.07,0.0,1174.9298779640098,3.186,0.6930223661614392,5,323.0535068603737,246.79470000000003,0.9998897585712712,1.3089916350259492,9.07,9.07,9.07,1.0,0.9225670416107944,1.0,1.0,1.0
RESIN (a=9 r=4.5),D-7,6,Elliptic Cylinder,9.07,9.07,0.0,1146.666959937384,3.466,0.8606567259947483,5,323.0535068603737,246.79470000000003,0.9998897585712712,1.3089916350259492,9.07,9.07,9.07,1.0,0.9225670416107944,1.0,1.0,1.0
RESIN (a=9 r=4.5),D-8,6,Elliptic Cylinder,9.07,9.07,0.0,1152.0503728948363,3.594,0.7512522878500939,5,323.0535068603737,246.79470000000003,0.9998897585712712,1.3089916350259492,9.07,9.07,9.07,1.0,0.9225670416107944,1.0,1.0,1.0
RESIN (a=9 r=4.5),SP-2,5,Sphere,9.1,0.0,0.0,1229.9500997118546,15.36,0.0,1,394.5688529263856,260.15528764377075,9100.0,1.5166608368376804,9.1,9.1,9.1,1.0,0.9999999999999996,1.0,1.0,0.9999999999999998
RESIN (a=9 r=4.5),SP-3,5,Sphere,9.1,0.0,0.0,1205.1128629981183,15.659999999999998,0.0,1,394.5688529263856,260.15528764377075,9100.0,1.5166608368376804,9.1,9.1,9.1,1.0,0.9999999999999996,1.0,1.0,0.9999999999999998
RESIN (a=9 r=4.5),SP-4,5,Sphere,9.1,0.0,0.0,1230.4569820937677,12.993333333333334,0.8189179853115124,6,394.5688529263856,260.15528764377075,9100.0,1.5166608368376804,9.1,9.1,9.1,1.0,0.9999999999999996,1.0,1.0,0.9999999999999998
RESIN (a=9 r=4.5),SP-5,5,Sphere,9.1,0.0,0.0,1216.2642754002038,14.333333333333334,0.7179368588764148,3,394.5688529263856,260.15528764377075,9100.0,1.5166608368376804,9.1,9.1,9.1,1.0,0.9999999999999996,1.0,1.0,0.9999999999999998
RESIN (a=9 r=4.5),SP-7,5,Sphere,9.1,0.0,0.0,1195.735538932728,13.53,0.0,1,394.5688529263856,260.15528764377075,9100.0,1.5166608368376804,9.1,9.1,9.1,1.0,0.9999999999999996,1.0,1.0,0.9999999999999998
WSP,WSP-12,3,Wedge Shape Prism,3.4433333333333334,3.5066666666666664,2.856666666666667,1235.021809151558,3.6216666666666666,0.4456642981737109,6,17.246585407407405,63.85691111111111,0.9816592226551364,0.2700775065660822,3.5066666666666664,3.4433333333333334,2.856666666666667,0.8220964848831722,0.5055277105147052,0.8296224588576961,0.981939163498099,0.928289036486159
WSP,WSP-15,3,Wedge Shape Prism,4.023333333333333,1.6733333333333331,2.8766666666666665,1228.898572288358,1.93,0.0,1,9.68340337037037,46.239577777777775,2.4029464463468053,0.2094135461911119,4.023333333333333,2.8766666666666665,1.6733333333333331,0.4918636001477445,0.4751407513445502,0.5816917728852838,0.7149958574979287,0.6674724182913486
WSP,WSP-18,3,Wedge Shape Prism,3.61,3.4800000000000004,2.85,1200.9853665984556,4.293333333333334,0.3875994496040124,3,17.90199,65.5386,1.0370583165756966,0.2731476847585277,3.61,3.4800000000000004,2.85,0.8040844011283461,0.5049571251325983,0.8189655172413792,0.9639889196675901,0.9129981552971926
WSP,WSP-20,3,Wedge Shape Prism,3.4166666666666665,3.456666666666667,2.3633333333333333,1253.962386789141,4.615,0.6940941338656214,4,13.955811574074076,56.10851111111111,0.9881422924901184,0.2487245263363285,3.456666666666667,3.4166666666666665,2.3633333333333333,0.6876935076526298,0.49960346847058085,0.6917073170731708,0.9884281581485052,0.8775479632880547
WSP,WSP-21,3,Wedge Shape Prism,4.343333333333333,1.6133333333333333,2.85,1241.8304580952322,4.0325,0.4740868415526136,4,9.985323333333332,47.96748888888888,2.690481106752013,0.2081642254035288,4.343333333333333,2.85,1.6133333333333333,0.45855358847181565,0.4674967137561047,0.5660818713450292,0.6561780506523408,0.6246559508016697
WSP,WSP-26,3,Wedge Shape Prism,2.4466666666666668,2.47,2.856666666666667,1285.9255449109496,3.2525,0.93203630115284,4,8.631799222222224,40.17708888888889,0.9901524349116416,0.2148384719366111,2.856666666666667,2.47,2.4466666666666668,0.9210782877694133,0.5064927252086227,0.9905533063427799,0.8646441073512252,0.9047269793302019
WSP,WSP-27,3,Wedge Shape Prism,2.57,2.523333333333333,2.3466666666666667,1182.8159448145393,3.806666666666666,0.0611010092660776,3,7.609027555555554,36.87464444444444,1.0180905849729305,0.2063429038377634,2.57,2.523333333333333,2.3466666666666667,0.9215046485460392,0.5073516233619986,0.92998678996037,0.9818417639429312,0.9642432207517848
WSP,WSP-28,3,Wedge Shape Prism,3.27,1.663333333333333,2.353333333333333,1203.1293237460072,3.2433333333333336,0.1457166199626292,3,6.4000076666666645,34.09775555555555,1.964750650911276,0.1876903588531089,3.27,2.353333333333333,1.663333333333333,0.5996028540883486,0.48889094584275844,0.7067988668555241,0.7196738022426095,0.7153563072266488
WSP,WSP-30,3,Wedge Shape Prism,2.4633333333333334,2.4633333333333334,2.3666666666666667,1281.2562104368624,3.2125,0.5343142021944265,4,7.180479814814816,35.455577777777776,0.9995942107398892,0.2025147452136552,2.4633333333333334,2.4633333333333334,2.3666666666666667,0.9607577807848444,0.5076548441353255,0.9607577807848444,1.0,0.9867443237056062
WSP,WSP-41,3,Wedge Shape Prism,4.253333333333333,1.606666666666667,2.8233333333333337,1261.0,2.67,0.0,1,9.646890814814816,46.75684444444445,2.6456562305618907,0.2063159867490644,4.253333333333333,2.8233333333333337,1.606666666666667,0.4636390378245767,0.4687023953571299,0.5690672963400236,0.663793103448276,0.6305841251615327
WSP,WSP-42,3,Wedge Shape Prism,2.466666666666667,2.3866666666666663,2.856666666666667,1308.146725542255,5.084999999999999,2.778929650063131,2,8.408757037037036,39.50293333333333,1.0330866955186375,0.2128587289291961,2.856666666666667,2.466666666666667,2.3866666666666663,0.8990974200848547,0.5062239031790927,0.9675675675675673,0.8634772462077013,0.896866287220312
WSP,WSP-44,3,Wedge Shape Prism,1.663333333333333,2.436666666666667,2.3633333333333333,1294.5728028071906,2.615,0.0636396103067896,2,4.78928187037037,27.48531111111111,0.6823465062217966,0.1742424383908812,2.436666666666667,2.3633333333333333,1.663333333333333,0.6931364529372902,0.4999160336066407,0.703808180535966,0.9699042407660737,0.8715734835768428
WSP,WSP-46,3,Wedge Shape Prism,4.263333333333333,1.6466666666666665,2.8366666666666664,1215.218187403986,3.365,0.8980256121069156,2,9.957109740740735,47.569977777777765,2.587497471171353,0.2093105966258294,4.263333333333333,2.8366666666666664,1.6466666666666665,0.4735075374545041,0.4705148899781661,0.5804935370152762,0.6653635652853792,0.6357774791166834
WSP,WSP-47,3,Wedge Shape Prism,1.5,1.4633333333333332,2.85,1278.8429029414183,2.14,0.0,1,3.127875,21.281,1.0243569314819032,0.1469727939103467,2.85,1.5,1.4633333333333332,0.7077423862184334,0.48602471251236135,0.9755555555555554,0.5263157894736842,0.6465194600024994
WSP,WSP-48,3,Wedge Shape Prism,1.653333333333333,4.09,2.83,1243.6746775573088,3.140000000000001,0.0,1,9.568418666666664,46.03153333333333,0.4041391672777641,0.2078620917380171,4.09,2.83,1.653333333333333,0.4859656246353472,0.473502339594958,0.5842167255594817,0.6919315403422983,0.6539834335590855
WSP,WSP-49,3,Wedge Shape Prism,2.4966666666666666,2.4933333333333336,2.853333333333333,1216.072743369654,3.186666666666666,0.0321455025366431,3,8.881031703703703,40.92631111111111,1.000935453695042,0.2169952401611022,2.853333333333333,2.4966666666666666,2.4933333333333336,0.9341654623854835,0.5067461643328139,0.9986648865153539,0.8750000000000001,0.9144191138154343
WSP,WSP-50,3,Wedge Shape Prism,4.06,1.6233333333333333,2.3466666666666662,1254.333782486841,3.1,0.0,1,7.733127111111109,39.85524444444444,2.499486969012928,0.1940254838081973,4.06,2.3466666666666662,1.6233333333333333,0.5259191532352313,0.4744991220886841,0.6917613636363638,0.5779967159277504,0.6136711141199458
WSP,WSP-6,3,Wedge Shape Prism,3.62,3.4599999999999995,2.85,1182.1845902798934,4.412,0.2872629457483162,5,17.848409999999998,65.40639999999999,1.045940479630165,0.2728805914927057,3.62,3.4599999999999995,2.85,0.8052904065243163,0.5049676628005622,0.8236994219653181,0.9558011049723756,0.9095668127313215
WSP,WSP-7,3,Wedge Shape Prism,3.4599999999999995,3.483333333333334,2.853333333333333,1238.7593853834242,3.1900000000000004,1.2445079348883237,2,17.19466222222222,63.72795555555555,0.9930163589400168,0.2698092581673148,3.483333333333334,3.4599999999999995,2.853333333333333,0.8218961435778533,0.5055334581730827,0.8246628131021195,0.9933014354066982,0.9335684775590277
WSP,WSP-9,3,Wedge Shape Prism,3.4333333333333336,3.51,2.3633333333333333,1242.9341184994198,4.1075,0.7162110955111866,4,14.240265,56.92082222222222,0.9778790468052788,0.2501723318766246,3.51,3.4333333333333336,2.3633333333333333,0.6807904222844976,0.4991430255254945,0.6883495145631068,0.9781576448243117,0.8700460490102722
